query_id,tau,head_k,eval_k,head_mean,tail_mean,tail_std,tail_to_head_ratio,tail_cv,tail_decay,n_tail_items,total_items
1,0.4,3,10,0.925455397262521,0.8993428620685141,0.00334942051137156,0.9717841235015244,0.003724297654031298,0.0014552840047127472,7,10
1,0.5,3,10,0.9068217168062273,0.8747866115918344,0.004092643427687438,0.9646732046435559,0.004678447719084457,0.001819262448958105,7,10
1,0.55,3,10,0.8975048765780803,0.8625415354056507,0.0045806624290158126,0.9610438426744438,0.005310657215900381,0.0019682026189244656,7,10
1,0.6,3,10,0.8881880363499333,0.8503450295506436,0.005089759907571709,0.9573930234921786,0.005985523206105341,0.0021374571282658994,7,10
1,0.65,3,10,0.8788711961217864,0.8381485236956364,0.005645241072006007,0.9536648002507673,0.00673537077547369,0.002315704680890326,7,10
1,0.7,3,10,0.8695543558936395,0.8259520178406294,0.006234720588896855,0.9498566849128137,0.007548526372266661,0.002493952233514753,7,10
1,0.8,3,10,0.8509206754373455,0.8053335095410007,0.006804705309352349,0.9464260685957425,0.008449549445956479,0.0024700518128739158,7,10
1,1.0,3,10,0.8379668032275105,0.7774369392539414,0.0063050245955742126,0.9277657972363196,0.008110014172499647,0.002274334533627861,7,10
10,0.4,3,10,0.903432832959258,0.8795439526809591,0.003802758733287309,0.9735576576290135,0.0043235573636724225,0.0015925027512957277,7,10
10,0.5,3,10,0.8882293596575268,0.8613049340540648,0.005837798867532435,0.9696875302412395,0.006777853738808364,0.0029117493195563054,7,10
10,0.55,3,10,0.8824990412953156,0.8536969762270613,0.008368699661394603,0.9673630636176338,0.009802892471729623,0.003661922919860402,7,10
10,0.6,3,10,0.8788276461806074,0.8476993063879955,0.008408487831946119,0.9645796989570186,0.009919186872729985,0.004057187220320494,7,10
10,0.65,3,10,0.8762606666734074,0.8432523355874987,0.005719579056234762,0.9623304658747038,0.006782761001485871,0.0026978277939698598,7,10
10,0.7,3,10,0.8736936871662073,0.8391915377556085,0.002822754073566911,0.9605100163622502,0.0033636588866425873,0.0011167196638637617,7,10
10,0.8,3,10,0.8685597281518073,0.8310699420918286,0.0051580950999475335,0.956836835919445,0.006206571599695267,0.002538769390902997,7,10
10,1.0,3,10,0.8582918101230073,0.8176015529432811,0.012990434253551831,0.9525915816744254,0.015888465728553975,0.006746096791721112,7,10
11,0.4,3,10,0.8944142374730344,0.8815246863419174,0.004978771333409527,0.9855888350262251,0.005647909140321465,0.0018570204319036426,7,10
11,0.5,3,10,0.8680185693206655,0.8519066645074757,0.0062232554135875804,0.9814382947754223,0.007305090654720392,0.0023212865692666834,7,10
11,0.55,3,10,0.8548207352444809,0.8370976535902549,0.006845497463267416,0.9792669024937057,0.008177656972167515,0.0025534196379481955,7,10
11,0.6,3,10,0.8416229011682962,0.8222886426730341,0.007467739517210035,0.9770274092251728,0.009081652268641908,0.002785552706629692,7,10
11,0.65,3,10,0.8284250670921116,0.8074796317558134,0.008089981574431896,0.9747165601714352,0.010018805746023268,0.003017685775311204,7,10
11,0.7,3,10,0.8152272330159273,0.7926706208385924,0.008712223634230309,0.9723308897644565,0.01099097582929636,0.0032498188439927167,7,10
11,0.8,3,10,0.7888315648635581,0.7630525990041509,0.009956707759624626,0.9673200629796475,0.013048520865558919,0.003714084981355757,7,10
11,1.0,3,10,0.7360402285588199,0.7139275971959184,0.006153625107896833,0.9699573059937248,0.008619396605575026,0.0022824893749654623,7,10
12,0.4,3,10,0.8858759004654019,0.86872305714137,0.00488828748043233,0.9806374196261344,0.005626980244449577,0.002343181217200182,7,10
12,0.5,3,10,0.8573451837454131,0.8359047142240316,0.006110040066343971,0.9749920219674924,0.007309493489357704,0.0029287649878437794,7,10
12,0.55,3,10,0.8430798253854187,0.8194955427653622,0.006720916366193056,0.972026038448643,0.008201284833732631,0.003221556873165578,7,10
12,0.6,3,10,0.8288144670254244,0.803086371306693,0.007331792669106057,0.9689579553177103,0.009129519477682802,0.0035143487584873767,7,10
12,0.65,3,10,0.81454910866543,0.7866781374093745,0.007941633369512556,0.9657835593218932,0.010095149454216825,0.003806203082458413,7,10
12,0.7,3,10,0.8002837503054357,0.7706951849062247,0.008135380047496796,0.9630274069816883,0.010555898371788424,0.003672776012260665,7,10
12,0.8,3,10,0.7717530335854468,0.7387292798999253,0.00881712618974974,0.9572094280833622,0.011935530957895948,0.004100386623351533,7,10
12,1.0,3,10,0.7146916001454694,0.6772336083548645,0.010119362865623645,0.9475885937613081,0.01494220419775917,0.004688506815335233,7,10
13,0.4,3,10,0.8918929597111908,0.881670706766293,0.002528298952159299,0.9885386998141482,0.0028676227221298423,0.0010824936415810363,7,10
13,0.5,3,10,0.8672138475495643,0.8549370508031575,0.0031448654232502393,0.9858434032377404,0.0036784760004211344,0.0013023427219894484,7,10
13,0.55,3,10,0.854874291468751,0.8420333775273224,0.003053929690067381,0.9849791787288786,0.003626851110148881,0.001408535089251222,7,10
13,0.6,3,10,0.8425347353879379,0.8291917502992467,0.0032071098445795062,0.98416328190606,0.0038677541635238092,0.001474539881700083,7,10
13,0.65,3,10,0.8301951793071248,0.8165362464910745,0.003313894819333153,0.9835473233806898,0.004058478522630259,0.0013544212542453099,7,10
13,0.7,3,10,0.8178556232263116,0.8038807426829022,0.003692717241582489,0.9829127780667685,0.004593613263154276,0.0013712813274161992,7,10
13,0.8,3,10,0.794400223684902,0.7780452868007501,0.0042369391205136185,0.9794122201926279,0.00544562018740004,0.0015537484640130797,7,10
13,1.0,3,10,0.7481816145531993,0.7292943835086749,0.00360051733395996,0.9747558204089211,0.004936987607991269,0.0015984791517829372,7,10
14,0.4,3,10,0.875454879197596,0.8473849476837726,0.00463080802138894,0.9679367467349647,0.00546482213785684,0.002079697911796265,7,10
14,0.5,3,10,0.8498352221308226,0.8198916917347142,0.007983534360835725,0.9647654867480899,0.009737303647929747,0.003598032435502988,7,10
14,0.55,3,10,0.8375700905808293,0.8083337933474711,0.009035689383335323,0.9650939096773576,0.011178166071613479,0.0041235487071023934,7,10
14,0.6,3,10,0.8267526474676267,0.7974906637775968,0.008562363375584267,0.9646061203678508,0.010736631492368327,0.00375487169648108,7,10
14,0.65,3,10,0.815935204354424,0.7880137725381517,0.008658896981199217,0.9657798417481398,0.010988255894702648,0.003543572253959404,7,10
14,0.7,3,10,0.8058853750809744,0.7794629782946598,0.008586116295710464,0.967213207233523,0.011015425408010412,0.0031079287188252114,7,10
14,0.8,3,10,0.7939517479003992,0.7670805188523089,0.007680821813107229,0.9661550854706836,0.01001305811363731,0.0030827963200884705,7,10
14,1.0,3,10,0.7862973501593499,0.7578802930448995,0.009828523831087968,0.9638596554996764,0.012968438315766698,0.004154884746082911,7,10
15,0.4,3,10,0.8844820057807122,0.8632525848844068,0.004239755677721707,0.9759979052625647,0.004911373278180717,0.0017889813699216717,7,10
15,0.5,3,10,0.855606500825037,0.8290698416656992,0.005299950334920508,0.9689849724917363,0.006392646395474092,0.0022362278913054456,7,10
15,0.55,3,10,0.8411687483471993,0.8119784700563455,0.005830047780856838,0.9652979519885762,0.007180052176078357,0.002459851151997348,7,10
15,0.6,3,10,0.8267309958693616,0.7948870984469915,0.006360145278938724,0.9614821537096426,0.008001319044383587,0.002683474412689251,7,10
15,0.65,3,10,0.8122932433915242,0.7783806645706662,0.006316853363031465,0.9582508175504888,0.008115378054149984,0.002638453597724474,7,10
15,0.7,3,10,0.7978554909136865,0.7618954399984041,0.006516564507129446,0.9549291177101487,0.008553095562749522,0.002841357729009667,7,10
15,0.8,3,10,0.7689799859580112,0.7289249908538799,0.007609307309301277,0.9479115245707858,0.010439081393529333,0.0032471659915800366,7,10
15,1.0,3,10,0.7120107106713673,0.6674159554010182,0.008494559066789392,0.9373678589352961,0.012727533703753636,0.0030169741840022474,7,10
16,0.4,3,10,0.8918502973208616,0.8736063495323344,0.007076617687457533,0.9795437105943313,0.008100465033531226,0.0024675976830377255,7,10
16,0.5,3,10,0.8658392836449632,0.8422336589078562,0.00873693001239693,0.9727367131718333,0.010373522739196043,0.0030844891089266374,7,10
16,0.55,3,10,0.8528337768070138,0.8265473135956167,0.009576245235401336,0.9691775068879039,0.01158584037221426,0.003392934821871117,7,10
16,0.6,3,10,0.8398282699690646,0.8108609682833776,0.01041970287666061,0.965508065492063,0.012850171958232869,0.0037013805348155493,7,10
16,0.65,3,10,0.8268227631311151,0.7951746229711382,0.011266372607434644,0.9617231871554578,0.014168425754506971,0.004009826247759997,7,10
16,0.7,3,10,0.8138172562931659,0.7794882776588992,0.012115581037801637,0.9578173375302572,0.015542993249609028,0.004318271960704477,7,10
16,0.8,3,10,0.7878062426172673,0.7481155870344204,0.01381974072037779,0.9496187597460694,0.018472734641394324,0.004935163386593389,7,10
16,1.0,3,10,0.7357842152654701,0.6853702057854635,0.01724307381287246,0.9314826161882023,0.025158773561087564,0.006168946238371197,7,10
17,0.4,3,10,0.9383958835819612,0.9069133952105366,0.0058607959482436705,0.9664507390513559,0.006462354596585386,0.002660157487071015,7,10
17,0.5,3,10,0.9231243760259611,0.8861093894702412,0.007270529191440059,0.9599024925383631,0.008205001863016858,0.003278310336685971,7,10
17,0.55,3,10,0.9154886222479609,0.875729211480231,0.008549129585439725,0.956570284106752,0.009762298063563815,0.003606078285449708,7,10
17,0.6,3,10,0.9078528684699608,0.8653490334902205,0.010038886169129395,0.9531820227088409,0.01160096767964189,0.003933846234213429,7,10
17,0.65,3,10,0.9002171146919605,0.8549688555002104,0.011659135957174202,0.9497362819998891,0.013636913066678759,0.00426161418297715,7,10
17,0.7,3,10,0.8925813609139605,0.8445886775102002,0.01336249467435052,0.9462315868274259,0.015821304535768112,0.004589382131740887,7,10
17,0.8,3,10,0.8782513470846448,0.8234248242187432,0.01643352500843119,0.9375730842339175,0.01995752924260347,0.005579453969887603,7,10
17,1.0,3,10,0.8505869802582192,0.7820116634912239,0.02110702185761128,0.9193788309031283,0.026990673979695897,0.00754776948824679,7,10
18,0.4,3,10,0.8627210735047509,0.8336128640097493,0.0049704147643768746,0.9662599994494729,0.005962497676042034,0.002063656771113674,7,10
18,0.5,3,10,0.8340444137036173,0.8036336969446424,0.0064126937045276555,0.9635382525686678,0.007979622717300502,0.0027533890275037087,7,10
18,0.55,3,10,0.8208288959359895,0.7933636195226281,0.006583992685144957,0.9665395838897183,0.008298833628275755,0.002532802191471419,7,10
18,0.6,3,10,0.8119453877052187,0.7850977906630499,0.007733836263490438,0.9669342329561751,0.009850793564148067,0.0034077020103006695,7,10
18,0.65,3,10,0.8048242715863282,0.7776076641558366,0.010589694324585067,0.9661831676909458,0.013618299835150336,0.004884023091353289,7,10
18,0.7,3,10,0.8025507279894372,0.7709148801498281,0.009418222187679657,0.9605808745337959,0.012216941753477654,0.003821666564673357,7,10
18,0.8,3,10,0.8026247463684534,0.7728644756735602,0.011188484117893919,0.9629213143133872,0.014476644314830265,0.004243424889499391,7,10
18,1.0,3,10,0.8417801138138242,0.808639952520538,0.013621893831948855,0.9606308574538079,0.01684543756401015,0.005748266101417575,7,10
19,0.4,3,10,0.877472391586532,0.8650238307511408,0.004061146232981313,0.9858131595309986,0.004694837400554421,0.0017051738844699857,7,10
19,0.5,3,10,0.848398629156644,0.8335453654837162,0.005076686938491073,0.98249258878731,0.006090474674458794,0.002131532893984727,7,10
19,0.55,3,10,0.8338617479417,0.8178061328500039,0.0055844572957804,0.9807454711391574,0.006828583293107513,0.0023447123987421054,7,10
19,0.6,3,10,0.819324866726756,0.8020669002162919,0.006092227655084824,0.9789363569796062,0.00759566022914291,0.002557891903499484,7,10
19,0.65,3,10,0.804787985511812,0.7863276675825794,0.006599998015939259,0.9770618867806624,0.008393444982331279,0.0027710714082568627,7,10
19,0.7,3,10,0.7902511042968681,0.7705884349488673,0.007107768378011554,0.9751184538166564,0.009223819169415892,0.0029842509130142414,7,10
19,0.8,3,10,0.76117734186698,0.7391099696814427,0.008123309104896101,0.9710088950737662,0.010990663687566354,0.0034106099225289827,7,10
19,1.0,3,10,0.7034168085935866,0.6815759682793759,0.0074657133190553235,0.9689503576721755,0.010953604097724218,0.0029416009166340273,7,10
2,0.4,3,10,0.8723007621858428,0.8646961785149447,0.0019155972742067784,0.9912821540453063,0.0022153414364530707,0.0008026484607010735,7,10
2,0.5,3,10,0.8403765949248881,0.8308710654173154,0.0023944115446755962,0.9886889644892807,0.0028818087960169525,0.001003297891597302,7,10
2,0.55,3,10,0.8244145112944109,0.8139585088685006,0.002633818706653099,0.9873170567928343,0.0032358144524030114,0.0011036226070454244,7,10
2,0.6,3,10,0.8084524276639335,0.7970459523196859,0.0028732258805171107,0.9858909752090086,0.0036048434499353597,0.0012039473224935307,7,10
2,0.65,3,10,0.7924903440334563,0.7803637502250017,0.00282001279867125,0.984698117901683,0.0036137157804397727,0.0011025632762842027,7,10
2,0.7,3,10,0.7793350769413311,0.7646254359754463,0.003095608872853945,0.9811253959931895,0.00404852981238431,0.001187344001500144,7,10
2,0.8,3,10,0.7580361581481984,0.7310009723087129,0.0035376604862794327,0.9643352291986578,0.004839474392361581,0.0013569054519320112,7,10
2,1.0,3,10,0.7279476956520013,0.6660312987697591,0.004495153213843867,0.9149438932878473,0.006749162122180988,0.0018602924627139084,7,10
20,0.4,3,10,0.9221150102653152,0.9104118494346664,0.0020412787958690123,0.9873083501511579,0.00224214875623222,0.0009648237565965825,7,10
20,0.5,3,10,0.9042738405359025,0.8880154247446107,0.0025513276675554813,0.9820204731548393,0.002873066836974405,0.0012058836939283937,7,10
20,0.55,3,10,0.8953532556711963,0.8772862601768571,0.0022157158658727433,0.979821377339165,0.0025256475183209467,0.0009390610355261167,7,10
20,0.6,3,10,0.8864326708064899,0.8672486463259891,0.0020054558718517563,0.9783581707756248,0.002312434709869732,0.0009766135855196717,7,10
20,0.65,3,10,0.8775120859417836,0.85799553816344,0.002539135519136426,0.9777592262363001,0.0029593807965149874,0.001184877194107489,7,10
20,0.7,3,10,0.870117818116849,0.8482009973666853,0.0033024212865688926,0.9748116630945484,0.003893441880900341,0.0012997996031397824,7,10
20,0.8,3,10,0.8569228112284066,0.8307281486755437,0.005656649981621315,0.9694317128571794,0.006809267256249704,0.002306483599068297,7,10
20,1.0,3,10,0.8490878540469585,0.8051484314593623,0.010807973566845805,0.9482510291742248,0.013423578988107745,0.004306780883961382,7,10
21,0.4,3,10,0.8541447035757918,0.8431714691350294,0.004489854630896911,0.9871529561737912,0.005324960337548951,0.0019099049346417627,7,10
21,0.5,3,10,0.8177488450799415,0.8039885666257194,0.005658011077044662,0.9831729772080853,0.007037427286797021,0.002410845407169499,7,10
21,0.55,3,10,0.7995728187247447,0.7843877284170379,0.00622381023276289,0.981008496096796,0.007934609386767277,0.002651928689406954,7,10
21,0.6,3,10,0.7813967923695477,0.7647868902083566,0.006789609392399785,0.978743319241403,0.008877779521756762,0.002893011971644377,7,10
21,0.65,3,10,0.7632207660143507,0.7451860519996751,0.007355408555051076,0.9763702524646237,0.0098705665991911,0.0031340952538818157,7,10
21,0.7,3,10,0.745044739659154,0.7255852137909936,0.007921207720070832,0.9738813995558673,0.010916991649656952,0.003375178536119255,7,10
21,0.8,3,10,0.7086926869487602,0.6866669051784813,0.00878032276714997,0.9689205459913665,0.012786873374751843,0.0036719434375236393,7,10
21,1.0,3,10,0.6732410598214275,0.6417926722320979,0.009257690072994689,0.9532880724807976,0.014424736326136703,0.003575093935490952,7,10
22,0.4,3,10,0.9235967014082368,0.9037583735622379,0.003009503427501308,0.9785205730859033,0.0033299867702902748,0.0012264616366560257,7,10
22,0.5,3,10,0.9077835413875137,0.8876300265107162,0.003968335258298153,0.977799206575178,0.004470708673407235,0.0014873146267162043,7,10
22,0.55,3,10,0.9017574773238201,0.8817850782477636,0.0037316671999262554,0.9778516956295952,0.0042319464141325975,0.0016125864534592335,7,10
22,0.6,3,10,0.8964679836425011,0.8759007218694856,0.005225810438646993,0.9770574497379737,0.005966213188514382,0.0022645553400268653,7,10
22,0.65,3,10,0.8920381114859893,0.8696479562662901,0.007185626144019205,0.9749000015454486,0.008262683873678804,0.00327658281003061,7,10
22,0.7,3,10,0.8902978971548446,0.8629391491586933,0.006353335987154346,0.9692701194919334,0.0073624380042885,0.003135899783448589,7,10
22,0.8,3,10,0.8868174684925547,0.8509331582112732,0.005047993068110816,0.9595358553973018,0.005932302695457402,0.00234170799409082,7,10
22,1.0,3,10,0.8840225748337097,0.8302125066078697,0.008223714381578887,0.9391304365321643,0.009905553477120953,0.0030928813309492992,7,10
23,0.4,3,10,0.9197993480564289,0.8962122013397353,0.005394953036917117,0.9743562041367673,0.006019727279825331,0.002255905730853388,7,10
23,0.5,3,10,0.9041849781840305,0.8702680105997439,0.006743391724961461,0.9624889061390893,0.007748637940068902,0.002819872322496967,7,10
23,0.55,3,10,0.8963777932478315,0.857753502466208,0.006912177086375693,0.9569107009649617,0.008058465592389704,0.0027308847137247827,7,10
23,0.6,3,10,0.8885706083116324,0.8456664695902262,0.007006390415624642,0.95171555493724,0.008285051693038793,0.0029791344059086266,7,10
23,0.65,3,10,0.8807634233754332,0.8335794367142445,0.007597490191457656,0.9464283082052147,0.009114296558711916,0.003227384098092486,7,10
23,0.7,3,10,0.872956238439234,0.8214924038382626,0.00858342843698438,0.941046489692331,0.01044857919182209,0.0034756337902763145,7,10
23,0.8,3,10,0.8582078329880725,0.7969472104771977,0.010800513285857575,0.9286179639055728,0.013552357225004176,0.00397213317464405,7,10
23,1.0,3,10,0.8326741278716475,0.7668301891253074,0.011120794068891023,0.9209247212776501,0.014502290372234912,0.004456004503300589,7,10
24,0.4,3,10,0.9421692257747712,0.9315851822422163,0.004065547405541289,0.988766303076975,0.0043641177243244605,0.0018956825161430904,7,10
24,0.5,3,10,0.9277118373536267,0.9144822259434708,0.005082003998395376,0.9857395250578085,0.005557247428349167,0.0023696965996572767,7,10
24,0.55,3,10,0.9204831431430543,0.9059307477940981,0.0055902323072170535,0.9841904814255847,0.006170706006865343,0.0026067036414143857,7,10
24,0.6,3,10,0.913254448932482,0.897461285114218,0.006005225464272095,0.9827067211808003,0.0066913476535178035,0.002761695213678924,7,10
24,0.65,3,10,0.9060257547219096,0.8890555385767158,0.0063594989527635155,0.9812696095483483,0.007153095253131658,0.002852970643565394,7,10
24,0.7,3,10,0.8987970605113375,0.8806497920392139,0.006726729870512198,0.9798093815952187,0.007638371042972628,0.0029442460734518316,7,10
24,0.8,3,10,0.8843396720901927,0.8638382989642095,0.007492379574852999,0.9768173092613532,0.008673358872646399,0.0033220127502609736,7,10
24,1.0,3,10,0.8554248952479035,0.8305359765251114,0.00882308009099346,0.9709046125953824,0.010623356892868677,0.003831886499014606,7,10
25,0.4,3,10,0.909568149288743,0.873509645249659,0.0016206324653640614,0.960356456998543,0.0018553114715760995,0.0006320329858529357,7,10
25,0.5,3,10,0.8869612094640562,0.8418883399009688,0.0020260868636071995,0.9491828175999686,0.002406598081457605,0.0007902990591164283,7,10
25,0.55,3,10,0.875657739551713,0.8260776872266238,0.0022288141145604726,0.943379644710876,0.0026980684129639565,0.0008694320957481905,7,10
25,0.6,3,10,0.8643542696393695,0.8107708202774911,0.0021821099517525667,0.9380075378302525,0.0026914016848876314,0.0008541796013309241,7,10
25,0.65,3,10,0.8530507997270261,0.7962077094670688,0.0034655725140452817,0.9333649411287733,0.004352598540354398,0.001489615317796281,7,10
25,0.7,3,10,0.8417473298146828,0.7821505177289028,0.005525974506121407,0.9291986918462803,0.00706510368639395,0.0025728764621417233,7,10
25,0.8,3,10,0.8191403899899959,0.7540361342525707,0.01065866931393597,0.9205212482096989,0.014135488778002992,0.004739398750832656,7,10
25,1.0,3,10,0.7744437168785906,0.6977976413621455,0.020896497769369235,0.901030799468077,0.029946357698455297,0.008638849376288418,7,10
26,0.4,3,10,0.927735551857951,0.8985872225552838,0.00260617838488756,0.9685812091125616,0.0029003065250320986,0.001114818733686272,7,10
26,0.5,3,10,0.9100327673363248,0.8738690664792504,0.0039989725475149535,0.9602611003085901,0.004576169017661305,0.0017108763886680225,7,10
26,0.55,3,10,0.9015276274337021,0.8613615945734381,0.00456487070690037,0.9554466977627729,0.005299598607203955,0.0019871400400118017,7,10
26,0.6,3,10,0.8931137908113126,0.8488149926903829,0.0050723525772745715,0.9503996035256735,0.0059758046464252115,0.0022242737141127916,7,10
26,0.65,3,10,0.8846999541889232,0.8362683908073276,0.005581569907755987,0.9452565096762136,0.006674376275740351,0.0024614073882137815,7,10
26,0.7,3,10,0.8762861175665337,0.8246503132560401,0.005153448241018338,0.9410742641297486,0.006249252753776956,0.0022848577905575534,7,10
26,0.8,3,10,0.8594584443217549,0.8026107119433756,0.008245023175770584,0.9338563338879742,0.010272754964616361,0.003509319035994623,7,10
26,1.0,3,10,0.8426543439723612,0.7713944957098258,0.013174269599937055,0.9154340700047792,0.017078511284701725,0.005524348320847662,7,10
27,0.4,3,10,0.9205398341437036,0.9051777859562389,0.0035588049116262815,0.9833119137079444,0.003931608758898921,0.0014513728427991226,7,10
27,0.5,3,10,0.9006756316965251,0.8832286124178518,0.0035648359829540967,0.9806289648962636,0.004036141869538515,0.001587991211860643,7,10
27,0.55,3,10,0.8910074802015543,0.872409095329982,0.005091086714742362,0.9791265670773436,0.0058356644170665115,0.0025400209654775313,7,10
27,0.6,3,10,0.8831580234064212,0.8608101376564673,0.005554002193122219,0.9746954846611073,0.0064520641081700575,0.002770963911316704,7,10
27,0.65,3,10,0.8753085666112882,0.8492111799829528,0.0060169176840648665,0.9701849294936412,0.007085302014259458,0.0030019068571558926,7,10
27,0.7,3,10,0.8674591098161551,0.8376122223094383,0.006479833184877812,0.9655927441778294,0.007736077641049479,0.0032328498029950492,7,10
27,0.8,3,10,0.8517601962258889,0.8144143069624092,0.007405664208710981,0.956154455879768,0.009093239332118957,0.003694735694673395,7,10
27,1.0,3,10,0.8203623690453568,0.768018476268351,0.009257326314112897,0.9361941810691322,0.012053520325568735,0.0046185074780300695,7,10
28,0.4,3,10,0.9622272745406463,0.9520903048980222,0.0047482325207082315,0.9894650984119491,0.004987166129390228,0.0016583294609436067,7,10
28,0.5,3,10,0.9527862921386211,0.9401140284715447,0.0059356627386840275,0.986699783811297,0.006313768924748779,0.0020728967464891867,7,10
28,0.55,3,10,0.9480658009376087,0.9341258902583061,0.006529377862652444,0.9852964734457076,0.006989826457809588,0.0022801803892619843,7,10
28,0.6,3,10,0.9433453097365962,0.9281377520450675,0.0071230929932781465,0.9838791187759496,0.0076746075435279466,0.0024874640320347663,7,10
28,0.65,3,10,0.9386248185355838,0.9221496138318289,0.007716808129024564,0.9824475079090078,0.008368282123937285,0.0026947476748075483,7,10
28,0.7,3,10,0.9339043273345712,0.9161614756185903,0.008310523268794164,0.9810014246677492,0.009071024584594016,0.0029020313175803303,7,10
28,0.8,3,10,0.9244633449325462,0.9041851991921128,0.009497953557385202,0.9780649542768913,0.010504433788422548,0.003316598603125926,7,10
28,1.0,3,10,0.9055813801284961,0.8802326463391583,0.011872814158100334,0.9720083315033035,0.013488268365731207,0.00414573317421707,7,10
29,0.4,3,10,0.8994457014541846,0.8892126971095312,0.0034373197796471167,0.9886229882158433,0.0038655765834433595,0.0014862759613229709,7,10
29,0.5,3,10,0.874308909288476,0.861518357150471,0.004297995566009358,0.9853706716217565,0.004988861270728186,0.001858266114931974,7,10
29,0.55,3,10,0.8617405132056217,0.8476711871709408,0.004728333625136302,0.9836733612739827,0.005578028009795724,0.0020442611917364756,7,10
29,0.6,3,10,0.8491721171227674,0.8338240171914109,0.005158671757978442,0.9819258079464971,0.006186763215761664,0.002230256268540961,7,10
29,0.65,3,10,0.836603721039913,0.8199768472118806,0.00558900994750818,0.9801257472207213,0.006816058241781051,0.002416251345345447,7,10
29,0.7,3,10,0.8240353249570589,0.8061296772323506,0.006019348181567388,0.9782707765281284,0.0074669725623219205,0.002602246422149964,7,10
29,0.8,3,10,0.7988985327913501,0.7784353372732903,0.006880024749850703,0.9743857390167416,0.008838273932874258,0.0029742365757589517,7,10
29,1.0,3,10,0.7486249484599331,0.7230466573551702,0.008601378146758498,0.9658329699572764,0.01189602089887456,0.003718216882976942,7,10
3,0.4,3,10,0.8602834883831344,0.8344438711482328,0.006995798273526493,0.9699638344989441,0.008383785315481982,0.0027705250032949674,7,10
3,0.5,3,10,0.8297828652049996,0.798574860171821,0.007358379827220456,0.9623901548925471,0.009214389525907729,0.003182578618491773,7,10
3,0.55,3,10,0.8145325536159321,0.784259005728062,0.005423190316469983,0.9628332253223304,0.006915050100617459,0.002506548750015325,7,10
3,0.6,3,10,0.8019810982184686,0.7709487911189254,0.00652223466779293,0.9613054382846693,0.008460010240533368,0.002523891914871806,7,10
3,0.65,3,10,0.7938210007772879,0.7611393965915269,0.0021478011120960013,0.9588300080827289,0.0028218235998742295,0.0007559894157894867,7,10
3,0.7,3,10,0.7856609033361069,0.7572684356209949,0.005012065861116279,0.963861676717588,0.0066186118757295825,0.0023032223038225797,7,10
3,0.8,3,10,0.7799849786490922,0.754308545810767,0.00784485921597953,0.9670808623996888,0.010400066736016492,0.0030469878666269856,7,10
3,1.0,3,10,0.7916388648668399,0.7564024951904685,0.011229111759968057,0.9554893383332078,0.014845418717372782,0.004115057603636396,7,10
30,0.4,3,10,0.9704546655536003,0.954221322231095,0.0044646219069081755,0.9832724351804266,0.00467881172102642,0.002157394217625476,7,10
30,0.5,3,10,0.9652419021238027,0.9427776266822951,0.005580136662940968,0.9767267921211462,0.005918825929904474,0.002696477619100587,7,10
30,0.55,3,10,0.962635520408904,0.9370557789078955,0.006137894063115012,0.9734273866290091,0.006550190715720792,0.00296601931983815,7,10
30,0.6,3,10,0.9600291386940052,0.9313339311334955,0.006695651473138711,0.9701100660345103,0.007189313359376542,0.0032355610205756663,7,10
30,0.65,3,10,0.9574227569791064,0.925769693849365,0.006957157934085819,0.9669393035636481,0.007514998579352762,0.0033474922310440087,7,10
30,0.7,3,10,0.9548163752642077,0.921480823893552,0.005368555669974749,0.9650869505024656,0.005826009104878471,0.002519905995019167,7,10
30,0.8,3,10,0.9496036118344101,0.9129030839819261,0.006867633411837529,0.9613517394046267,0.007522850489103503,0.003022618237093869,7,10
30,1.0,3,10,0.9403113536686742,0.8974032010453897,0.015005143931665648,0.9543681436410651,0.016720626708469587,0.0067745252785062415,7,10
31,0.4,3,10,0.8840690841405499,0.8757188866292271,0.0017057850395286107,0.9905548133498635,0.0019478682777922401,0.0007899355168353875,7,10
31,0.5,3,10,0.8550871757700621,0.8446495894208377,0.002131280978318792,0.9877935412376818,0.0025232723782890563,0.0009870138896488673,7,10
31,0.55,3,10,0.8405962215848181,0.8291149408166428,0.0023440290135540187,0.9863415032409627,0.00282714603025396,0.0010855530760556073,7,10
31,0.6,3,10,0.8261052673995742,0.813580292212448,0.0025567770780732424,0.9848385239976104,0.003142624154673597,0.0011840922624623313,7,10
31,0.65,3,10,0.8116143132143302,0.7990395789376598,0.0009182985095631544,0.9845065148902201,0.0011492528452521113,0.00044097264514932267,7,10
31,0.7,3,10,0.7979235726629091,0.7842906748953976,0.0018183498992515174,0.9829145318742565,0.002318464260070457,0.000873435526923237,7,10
31,0.8,3,10,0.7736162254976912,0.7534753808376056,0.0020782250257025963,0.9739653280318308,0.0027581857066017535,0.0009982675561285767,7,10
31,1.0,3,10,0.7321162114350122,0.6932282746778862,0.00299375771788821,0.9468828361539732,0.004318574165601197,0.0011756348026996813,7,10
32,0.4,3,10,0.8937455671321439,0.8831524462418802,0.0022090086235395353,0.9881474982592026,0.002501276685514073,0.000791958211157454,7,10
32,0.5,3,10,0.8671844256255063,0.8541537858944224,0.0026083731484104387,0.9849736234346173,0.003053751199708253,0.0009643820592423509,7,10
32,0.55,3,10,0.8539038548721876,0.839730032001153,0.00281581274235384,0.9834011489816309,0.00335323572463343,0.0010606554923309672,7,10
32,0.6,3,10,0.8406232841188688,0.8253062781078837,0.003068409810189834,0.9817789891139642,0.0037179043605781617,0.0011569289254196155,7,10
32,0.65,3,10,0.8273427133655499,0.811402590492326,0.0029792260844823983,0.9807333495349454,0.0036716990053910544,0.0012043347782352118,7,10
32,0.7,3,10,0.8140621426122312,0.7977796555376484,0.003556420440676373,0.9799984715880115,0.00445789813765004,0.001296883219334331,7,10
32,0.8,3,10,0.7897977461200615,0.7695494663363779,0.004657503153487776,0.9743627024980069,0.00605224661601147,0.0018781612453302138,7,10
32,1.0,3,10,0.7430196926160059,0.7123387710137156,0.006051517429591783,0.9587077948172953,0.008495280161404082,0.002347581527787262,7,10
33,0.4,3,10,0.9082387428556591,0.8957723659332978,0.003890327729136309,0.9862741189798127,0.004342986987640559,0.0013589156266216357,7,10
33,0.5,3,10,0.8853004684769538,0.8702567278843273,0.005244230709666436,0.9830071923281513,0.006026073159371757,0.002016212295990329,7,10
33,0.55,3,10,0.8740256308578102,0.8574156376154667,0.0058355802046024755,0.980995988383039,0.006806010934010529,0.0022934185661766604,7,10
33,0.6,3,10,0.8629113779549563,0.8447505843169436,0.00603826360569245,0.9789540454535985,0.007147983934897098,0.002256943823491556,7,10
33,0.65,3,10,0.8517971250521024,0.8329599098194306,0.005810408870912453,0.9778853265893336,0.0069756164761543395,0.002148173774331154,7,10
33,0.7,3,10,0.8406828721492486,0.8214721471400565,0.006244966960534851,0.9771486661074955,0.007602165188773124,0.0022202106662719662,7,10
33,0.8,3,10,0.8197207428271801,0.8014288734215368,0.005162397396482614,0.9776852427296697,0.006441491650335498,0.002565453351964025,7,10
33,1.0,3,10,0.7972494642209962,0.7680506557379486,0.009000567265548194,0.9633755683842595,0.011718715684059125,0.0036642318059036,7,10
34,0.4,3,10,0.8980558018140078,0.8792350010143231,0.0017373254015549016,0.9790427267863889,0.0019759511388316533,0.0006574384252253809,7,10
34,0.5,3,10,0.8753129207846101,0.8552820303832974,0.0030837997961321874,0.9771157377828292,0.003605594045685927,0.00136160324535582,7,10
34,0.55,3,10,0.8639414802699114,0.8449666388957036,0.004233514612093423,0.9780368904520249,0.005010274272634303,0.0019332002328414763,7,10
34,0.6,3,10,0.8525700397552125,0.8350185801025267,0.006218599308587396,0.9794134688831839,0.007447258608094509,0.002504797220327085,7,10
34,0.65,3,10,0.842047124537329,0.824726558295229,0.008218997855454803,0.9794304074708207,0.00996572472753161,0.0029534798885475816,7,10
34,0.7,3,10,0.8324859063763103,0.8143467839743522,0.009666378453846332,0.9782108955082315,0.011870100851470635,0.0034207740338864884,7,10
34,0.8,3,10,0.816445060701566,0.7937130042066013,0.009882903711729004,0.9721572735397147,0.012451482663570561,0.0037392123284096324,7,10
34,1.0,3,10,0.7858179026371509,0.7608261095618423,0.005837361324263673,0.968196457485331,0.0076723987924460085,0.00263016166559839,7,10
35,0.4,3,10,0.8962223929970158,0.8911844209386727,0.001717101374892617,0.9943786585810517,0.0019267632316597467,0.0006944609541973401,7,10
35,0.5,3,10,0.8702805354735275,0.863982380592995,0.00214633245505784,0.9927630750961177,0.0024842317427639007,0.0008680564933654576,7,10
35,0.55,3,10,0.8573096067117832,0.8503813604201562,0.0023609479976887705,0.9919186181545308,0.002776340248711794,0.0009548542629495323,7,10
35,0.6,3,10,0.8443386779500391,0.8367803402473173,0.002575563541452359,0.9910482157218325,0.0030779446141040194,0.001041652032533591,7,10
35,0.65,3,10,0.8313677491882948,0.8235690661387813,0.002343305049698804,0.9906194544386311,0.002845304839684118,0.0009816375487238713,7,10
35,0.7,3,10,0.8183968204265506,0.8104033646311849,0.002409488229122005,0.9902327873277911,0.002973196230766594,0.0010571507235736441,7,10
35,0.8,3,10,0.792454962903062,0.7840719616159918,0.0034468949921033364,0.9894214792265794,0.004396146222343164,0.0015150360224333184,7,10
35,1.0,3,10,0.745642846094689,0.7356630255459359,0.004521733231293082,0.9866158166727911,0.006146473418230448,0.0016464527024389528,7,10
36,0.4,3,10,0.9087873825285536,0.8924387943554078,0.005781323604845174,0.9820105467049306,0.006478117761589373,0.0026149404354493927,7,10
36,0.5,3,10,0.8859857217400161,0.8655505248376977,0.007227912149724674,0.9769350719758947,0.008350653072597934,0.003269325895963182,7,10
36,0.55,3,10,0.8745848913457474,0.8521063900788425,0.007951206502135174,0.9742980910265708,0.009331236797085252,0.0035965186262200926,7,10
36,0.6,3,10,0.8631840609514786,0.8386622553199875,0.008674500890077904,0.9715914522280903,0.010343258963965405,0.0039237113564769876,7,10
36,0.65,3,10,0.8517832305572098,0.8252181205611324,0.00939779530534872,0.968812358540213,0.011388256112163897,0.004250904086733882,7,10
36,0.7,3,10,0.840382400162941,0.8117739858022771,0.01012108974208875,0.9659578611414078,0.012467866572597871,0.004578096816990808,7,10
36,0.8,3,10,0.8175807393744035,0.7848857162845669,0.0115676786638674,0.9600100375225887,0.014738042015372134,0.005232482277504613,7,10
36,1.0,3,10,0.7719774177973283,0.7324291273499053,0.013552578801142965,0.9487701459451164,0.01850360436944837,0.006420612324188827,7,10
37,0.4,3,10,0.9270135374386629,0.9174316485278887,0.0010222552256020875,0.9896637012041389,0.00111425764223678,0.0003647924517233043,7,10
37,0.5,3,10,0.9088730755702211,0.8975348831601858,0.001412599397199116,0.9875249991282646,0.0015738657334692196,0.0005911341857656975,7,10
37,0.55,3,10,0.901318750932559,0.8881420791992534,0.0032048215104996803,0.9853806750168326,0.0036084558828573233,0.0014607009466958937,7,10
37,0.6,3,10,0.8954839603294095,0.8780123320806725,0.0034958229519552785,0.9804891778940297,0.003981519193097255,0.0015933245499778323,7,10
37,0.65,3,10,0.8896491697262601,0.8678825849620919,0.0037868244211278993,0.9755335187118023,0.004363291171804425,0.001725948153259771,7,10
37,0.7,3,10,0.8838143791231108,0.8577528378435112,0.004077825912083619,0.9705124267094897,0.0047540803506237765,0.0018585717565416937,7,10
37,0.8,3,10,0.8721447979168117,0.8374933436063496,0.004659828943020645,0.9602686911700559,0.005564019079787364,0.002123818963105571,7,10
37,1.0,3,10,0.8534013623355782,0.803651307707401,0.009112048884734185,0.9417038021921809,0.011338311525589857,0.003705243549125619,7,10
38,0.4,3,10,0.9290565214785613,0.9178898113261197,0.0068349211560166725,0.9879805911757982,0.0074463416759599195,0.002700337279612164,7,10
38,0.5,3,10,0.9113210039101357,0.8973634040077412,0.0085435562034602,0.9846842113344171,0.009520731696103912,0.0033753278598895875,7,10
38,0.55,3,10,0.902453245125923,0.887100200348552,0.009397873734538466,0.9829874346839667,0.01059392583931999,0.0037128231500282677,7,10
38,0.6,3,10,0.8935854863417102,0.8768369966893627,0.010252191268886435,0.981256981107745,0.011692243036727706,0.004050318440166979,7,10
38,0.65,3,10,0.8847177275574974,0.8665737930301732,0.01110650880574953,0.9794918379476634,0.012816575916648813,0.004387813730305691,7,10
38,0.7,3,10,0.8758499687732847,0.8563105893709838,0.01196082634458878,0.9776909515340079,0.013967859901598077,0.004725309020444387,7,10
38,0.8,3,10,0.8581144512048592,0.8357841820526054,0.013669461426713849,0.9739775164945651,0.016355252612155174,0.0054002996007217795,7,10
38,1.0,3,10,0.822643416068008,0.7947313674158482,0.017086731602524892,0.9660702947267589,0.02150000906354581,0.006750280761276579,7,10
39,0.4,3,10,0.8840275810005883,0.8580485513744558,0.004764055008617992,0.9706128743214911,0.005552197484614061,0.001733850808585981,7,10
39,0.5,3,10,0.8793666247624327,0.8509269372911172,0.0094389004222272,0.9676588959934673,0.01109249220887925,0.004445532374375727,7,10
39,0.55,3,10,0.8770361466433548,0.8492059487054595,0.011019024817869632,0.9682679008791043,0.012975680204156808,0.005212880516865732,7,10
39,0.6,3,10,0.8747056685242769,0.8477782729054696,0.012020973095759195,0.9692154783171387,0.014179383312763404,0.005686915873687954,7,10
39,0.65,3,10,0.8723751904051991,0.8463505971054797,0.013022921379182052,0.970168118504572,0.015387147387525292,0.006160951230510129,7,10
39,0.7,3,10,0.8702625373486373,0.8448295677072684,0.013903977062574067,0.9707755205471056,0.016457730167171145,0.0065416329891111935,7,10
39,0.8,3,10,0.8665813566721735,0.8415543122951349,0.015393429151658587,0.9711197982920531,0.018291664515005277,0.007069799890601984,7,10
39,1.0,3,10,0.8642852545738379,0.8328325475046136,0.01646360552246485,0.9636084187451133,0.019768206191982003,0.00812613369358355,7,10
4,0.4,3,10,0.9046939423470075,0.8775782302886773,0.004884426560860144,0.9700277510558045,0.005565801876436045,0.0016594084705400883,7,10
4,0.5,3,10,0.8890156938716004,0.8573246809618899,0.004567934897348675,0.9643526957643476,0.005328127136411847,0.002025767620216858,7,10
4,0.55,3,10,0.8811765696338968,0.8483500360346498,0.0068411801465826415,0.9627469286741414,0.008064100732004004,0.0034434553659877637,7,10
4,0.6,3,10,0.8733374453961931,0.839614285402403,0.009745404107737771,0.9613858764769998,0.011607001306638177,0.0048201815127492265,7,10
4,0.65,3,10,0.8668766399021263,0.8310954241918397,0.010903967891670809,0.9587239820946999,0.013119995098365351,0.005108705081792683,7,10
4,0.7,3,10,0.8620361003768652,0.8236585862946759,0.00948474005410155,0.9554803864183746,0.011515378109235475,0.004591803325169254,7,10
4,0.8,3,10,0.8523550213263431,0.810234701100777,0.009321442258230818,0.9505835958354266,0.011504619890467289,0.004052710581305852,7,10
4,1.0,3,10,0.834076435857081,0.7903299534377161,0.014019317124359585,0.9475509910858326,0.01773856230980421,0.006151121873961385,7,10
40,0.4,3,10,0.8777300045341653,0.8678675695752233,0.002106423488727914,0.988763703065869,0.00242712547694218,0.0008668795517012194,7,10
40,0.5,3,10,0.8635852644999318,0.848941289546288,0.004544002971359936,0.9830428151618318,0.005352552676273354,0.0019427527948684092,7,10
40,0.55,3,10,0.856512894482815,0.8404046238732329,0.0049982384353697935,0.9811931954400889,0.005947419009112604,0.002136994069840486,7,10
40,0.6,3,10,0.8494405244656983,0.8318679582001779,0.005452473913982927,0.979312776163377,0.006554494448589955,0.0023312353448125783,7,10
40,0.65,3,10,0.8423681544485815,0.8233312925271229,0.005906709403830244,0.9774007815692888,0.007174158758985418,0.002525476619784655,7,10
40,0.7,3,10,0.8352957844314647,0.8147946268540679,0.006360944902505108,0.9754564096221907,0.007806807621037948,0.0027197178947567313,7,10
40,0.8,3,10,0.8211510443972312,0.7977212955079578,0.007269415919718138,0.9714671873717556,0.009112726412912492,0.0031082004447009004,7,10
40,1.0,3,10,0.7928615643287641,0.7653437656576138,0.0069745589311489215,0.9652930600886841,0.0091129754289644,0.002930198507741661,7,10
41,0.4,3,10,0.9137231918939742,0.904319195908732,0.0038328722486075033,0.9897080471759182,0.004238406379017453,0.0013961597741493556,7,10
41,0.5,3,10,0.8921550554072811,0.880399853934148,0.004791534213088215,0.9868238134146237,0.005442452303549123,0.0017453040939528883,7,10
41,0.55,3,10,0.8813709871639346,0.8684401829468559,0.005270865213829801,0.9853287612079367,0.006069347454587267,0.0019198762538546385,7,10
41,0.6,3,10,0.870586918920588,0.8568913547577731,0.0050947561238739066,0.984268584945205,0.005945626707033469,0.0018016799780906645,7,10
41,0.65,3,10,0.8598028506772414,0.8455342934300157,0.004823594973486295,0.9834048500351136,0.005704789280537372,0.0019518507413103078,7,10
41,0.7,3,10,0.849018782433895,0.8341772321022581,0.004838268701510087,0.9825191731458633,0.00580004885690405,0.002102021504529951,7,10
41,0.8,3,10,0.8274506459472016,0.8114631094467436,0.005673282674729581,0.9806785618226731,0.006991424019999666,0.00243090741395375,7,10
41,1.0,3,10,0.7843143729738155,0.7660348641357141,0.009149627615672536,0.9766936454717863,0.011944139939369063,0.004743740465364109,7,10
42,0.4,3,10,0.9565374501144451,0.9484535187485613,0.0026831627893004048,0.9915487560210877,0.0028289871208878096,0.0010670388768835462,7,10
42,0.5,3,10,0.9456722954113804,0.9355679220076549,0.0033536056546784685,0.9893151428325073,0.0035845667383314034,0.0013336493347988476,7,10
42,0.55,3,10,0.9402397180598481,0.9291251236372019,0.003688827089783275,0.9881789779678944,0.0039702156318223315,0.0014669545637564824,7,10
42,0.6,3,10,0.9348071407083158,0.9226823252667488,0.00402404852596196,0.9870296075911659,0.004361250254575541,0.0016002597927141332,7,10
42,0.65,3,10,0.9293745633567835,0.9162395268962955,0.00435926996296678,0.9858668001273395,0.0047577842201738845,0.0017335650216717996,7,10
42,0.7,3,10,0.9239419860052512,0.9097967285258424,0.004694491400620769,0.9846903185549916,0.005159934360532737,0.0018668702506294346,7,10
42,0.8,3,10,0.9130768313021864,0.8969111317849362,0.00536493427738942,0.982295356794679,0.005981567278257215,0.002133480708544736,7,10
42,1.0,3,10,0.8913465218960571,0.873246131820057,0.003760688601547894,0.9796932061422113,0.004306561992676344,0.0012966020511070747,7,10
43,0.4,3,10,0.8595188321034252,0.8515533589643581,0.0028425296162824898,0.9907326368643095,0.003338052262208814,0.001016076364557726,7,10
43,0.5,3,10,0.8342598983214226,0.8248528249473791,0.001734235497160196,0.9887240494323519,0.002102478702513785,0.0008058057336368663,7,10
43,0.55,3,10,0.8253644739644425,0.8133608726673609,0.001954149939424389,0.9854566053231912,0.0024025620177866303,0.0008047190530162515,7,10
43,0.6,3,10,0.8176913725140859,0.8021482999532135,0.0039862382209094535,0.9809915169912048,0.004969452931760819,0.0015200091014633107,7,10
43,0.65,3,10,0.8100182710637295,0.7913441424595947,0.006362661626759227,0.976946040266954,0.008040321884462675,0.002402480676130168,7,10
43,0.7,3,10,0.8023451696133727,0.7812182191921547,0.007940382547412379,0.9736685017604102,0.010164103130650743,0.0029790995684402083,7,10
43,0.8,3,10,0.7869989667126595,0.761694025905765,0.010177249946719077,0.9678462845858684,0.013361336180386669,0.0034237746107773797,7,10
43,1.0,3,10,0.7563065609112329,0.723247382995946,0.014327716663403735,0.9562886538026912,0.019810257182063036,0.0049214133695457685,7,10
44,0.4,3,10,0.9246081016989846,0.9149519231691532,0.004059439745679477,0.9895564634226242,0.004436779291767204,0.0016705558581574203,7,10
44,0.5,3,10,0.9057607246374725,0.8936905746747809,0.005074008402708536,0.9866740192697993,0.00567758970106068,0.0020880222745012856,7,10
44,0.55,3,10,0.8963370361067162,0.8830599004275944,0.005581292738754733,0.9851873400916338,0.006320401069114524,0.002296755482673226,7,10
44,0.6,3,10,0.8869133475759602,0.8724292261804082,0.006088577078148656,0.9836690681957388,0.006978877936958991,0.002505488690845151,7,10
44,0.65,3,10,0.877489659045204,0.8624950597821414,0.00600224322661482,0.9829119362165722,0.006959162442195244,0.002702195949593343,7,10
44,0.7,3,10,0.868065970514448,0.8535954704324276,0.006842448250438728,0.9833301839105101,0.008016031583406101,0.002910019895448368,7,10
44,0.8,3,10,0.8545794872062205,0.8351853607263919,0.0068292050241607,0.9773056494215283,0.008176873476590974,0.0025850155568601135,7,10
44,1.0,3,10,0.8309463948961313,0.8006938552734726,0.00835108312582211,0.9635926699863229,0.010429807935730746,0.0032943327488814994,7,10
45,0.4,3,10,0.9591923559361364,0.9449111453145468,0.004119875472149152,0.985111213060438,0.004360066544434405,0.0014371964532045034,7,10
45,0.5,3,10,0.9489916004124631,0.931139925581073,0.0051497587896428415,0.9811887957452613,0.00553059604487388,0.0017962858673185192,7,10
45,0.55,3,10,0.9438912226506263,0.9242543157143359,0.0056647004756971145,0.9791957945311259,0.006128941330740762,0.001975830574375527,7,10
45,0.6,3,10,0.9387908448887896,0.9173687058475991,0.006179642173888367,0.9771811376753166,0.006736268781022688,0.002155375281432535,7,10
45,0.65,3,10,0.933690467126953,0.9104830959808623,0.006694583881415972,0.9751444702894935,0.007352782177909525,0.002334919988489575,7,10
45,0.7,3,10,0.9285900893651163,0.9035974861141253,0.007209525596279175,0.9730854296882722,0.007978691515935232,0.002514464695546551,7,10
45,0.8,3,10,0.918389333841443,0.8898262663806517,0.008239409042511416,0.9688987378138229,0.009259570495738485,0.0028735541096605983,7,10
45,1.0,3,10,0.8979878227940962,0.8622838269137041,0.010299175977891172,0.9602399999486643,0.01194406720436135,0.003591732937888646,7,10
46,0.4,3,10,0.9644014567771942,0.8869904824132753,0.011918944548827288,0.9197315870689282,0.013437511208010795,0.003996075504930656,7,10
46,0.5,3,10,0.9555025480516912,0.859310286704418,0.014273279078494114,0.8993280954159535,0.016610157354492113,0.004936816070201007,7,10
46,0.55,3,10,0.9510530936889395,0.84661494483349,0.014380171549548897,0.8901868365199723,0.01698549220906696,0.00507171811371508,7,10
46,0.6,3,10,0.9466036393261881,0.8341998202222474,0.014413435829263285,0.8812556655878145,0.01727815743885351,0.0052530201971513635,7,10
46,0.65,3,10,0.9421541849634365,0.821784695611005,0.0147336134271474,0.8722401372583163,0.01792879997137549,0.0056907909068417695,7,10
46,0.7,3,10,0.9377047306006849,0.8093695709997625,0.015322729210014723,0.8631390506916691,0.018931684312133868,0.006128561616532175,7,10
46,0.8,3,10,0.9288058218751818,0.7845393217772776,0.017184954550669058,0.8446752844349725,0.02190451654066064,0.007004103035912971,7,10
46,1.0,3,10,0.9110080044241755,0.7424630778352622,0.01228021628428715,0.8149907292028173,0.01653983430407281,0.00505883680943231,7,10
47,0.4,3,10,0.9214081226478869,0.9131150923428232,0.0028413234689690084,0.9909996123311441,0.00311168164100638,0.0010416913730634247,7,10
47,0.5,3,10,0.9017610822238881,0.891395004189845,0.0035517743915759706,0.9885046291768561,0.003984512337270774,0.0013022228628794621,7,10
47,0.55,3,10,0.8919375620118887,0.880534960113356,0.003906999877725927,0.9872159191582732,0.00443707524937222,0.0014324886077875046,7,10
47,0.6,3,10,0.8821140417998894,0.8696749160368666,0.004262225374918121,0.9858985061187309,0.0049009409105889865,0.001562754352695547,7,10
47,0.65,3,10,0.8722905215878901,0.8588148719603775,0.004617450880604121,0.984551420319251,0.005376538100771447,0.0016930200976035576,7,10
47,0.7,3,10,0.8624670013758907,0.8479548278838885,0.004972676392963622,0.9831736478394525,0.005864317566742525,0.0018232858425116,7,10
47,0.8,3,10,0.8428199609518922,0.8262347397309103,0.0056831274326975345,0.9803217508016181,0.006878344808581186,0.002083817332327637,7,10
47,1.0,3,10,0.8035258801038948,0.7839179363131176,0.006296981497740073,0.9755976200937773,0.008032704963169629,0.0025615027217907554,7,10
48,0.4,3,10,0.9016711831439385,0.8895603226608444,0.004916328153138751,0.9865684290354428,0.005526694511770801,0.0023471718685735992,7,10
48,0.5,3,10,0.8770903362002377,0.8619511636020999,0.00614583521957869,0.9827393234501656,0.0071301431903580265,0.0029341563051901325,7,10
48,0.55,3,10,0.8647999127283873,0.8481465840727275,0.006760588755584784,0.9807431425344162,0.007971014542228082,0.0032276485234984226,7,10
48,0.6,3,10,0.852509489256537,0.8347980264754512,0.006824550730968801,0.9792243218353712,0.008175092075603378,0.0030651188097108157,7,10
48,0.65,3,10,0.8402190657846864,0.8219821041540635,0.0067259944627446515,0.9782949918976294,0.008182653160881959,0.0029500728714056796,7,10
48,0.7,3,10,0.8279286423128361,0.8095053534376611,0.006978687426453075,0.9777477333992103,0.008620928072701739,0.0030634314807824114,7,10
48,0.8,3,10,0.8033477953691355,0.7850902593955567,0.008899321645804816,0.9772731859366222,0.011335412125296816,0.003501145863467281,7,10
48,1.0,3,10,0.7599902168329341,0.7385878762138592,0.011803370610163719,0.9718386629919216,0.015980996967713608,0.00428692994879606,7,10
49,0.4,3,10,0.8940742327825738,0.8705066998513732,0.0023269151102064903,0.9736402951040735,0.002673058243668634,0.0010155750501432692,7,10
49,0.5,3,10,0.8697080134971964,0.8434596197466141,0.002908907518467249,0.9698193033256823,0.003448781009031732,0.0012695955455089042,7,10
49,0.55,3,10,0.8575249038545075,0.8299360796942347,0.0031999039449194886,0.9678273784979734,0.003855602887030045,0.0013966057931917217,7,10
49,0.6,3,10,0.8453417942118188,0.8164125396418551,0.0034909004701665176,0.9657780382230636,0.00427590256232212,0.0015236160408745234,7,10
49,0.65,3,10,0.83315868456913,0.8028889995894757,0.0037818970714031393,0.963668763777805,0.004710361050328074,0.001650626288557341,7,10
49,0.7,3,10,0.8209755749264414,0.7893654595370962,0.004072893732341674,0.9614968869297027,0.005159706043801462,0.0017776365362401744,7,10
49,0.8,3,10,0.7966093556410638,0.762318379432337,0.004654887188537711,0.9569538369516996,0.006106224530496023,0.0020316570316057775,7,10
49,1.0,3,10,0.7481124655534872,0.7081232698728855,0.005613198778133116,0.9465465454435171,0.007926866715085829,0.0024387486724033775,7,10
5,0.4,3,10,0.8953670776775556,0.8753353391301527,0.0026050371461740934,0.9776273452008508,0.002976044756473328,0.0012066348834260626,7,10
5,0.5,3,10,0.8692097847430139,0.8441708538047544,0.0032555854919692063,0.9711934548163624,0.0038565480877431244,0.0015078778013177807,7,10
5,0.55,3,10,0.8561311382757432,0.8285886111420554,0.003580859745846584,0.9678290790951037,0.004321637659140685,0.0016584992602636398,7,10
5,0.6,3,10,0.8430524918084722,0.8130063684793563,0.003906134035728106,0.9643603172743579,0.004804555274313685,0.0018091207192094988,7,10
5,0.65,3,10,0.8299738453412013,0.7974241258166572,0.004231408353310696,0.9607822346363663,0.005306346041358142,0.0019597421781553737,7,10
5,0.7,3,10,0.8168951988739305,0.7818418831539582,0.00455668269266214,0.9570895804403154,0.005828138388136019,0.0021103636371012486,7,10
5,0.8,3,10,0.7907379059393888,0.75067739782856,0.005207231420353696,0.9493378174867724,0.006936710010740093,0.002411606554992967,7,10
5,1.0,3,10,0.7405165929369869,0.6916418427933344,0.008372489011499682,0.933999115469096,0.012105237846347908,0.002947845003930765,7,10
50,0.4,3,10,0.9362239305496128,0.8971083411048876,0.004882514799314812,0.9582198359085284,0.005442502957113807,0.002260870121148966,7,10
50,0.5,3,10,0.9202819531214715,0.8713873365436742,0.006104225177508142,0.9468699604377186,0.007005180040509111,0.0028266157387948354,7,10
50,0.55,3,10,0.9123109644074009,0.8585268342630675,0.006715080370072622,0.9410462745240935,0.007821631313174544,0.0031094885476177702,7,10
50,0.6,3,10,0.9043399756933304,0.8456663319824608,0.007325935564177878,0.9351199269214144,0.008662915014015029,0.0033923613564407046,7,10
50,0.65,3,10,0.8963689869792598,0.8328058297018541,0.007936790759468152,0.929088178863024,0.00953018155781827,0.003675234165263624,7,10
50,0.7,3,10,0.8883979982651892,0.8199453274212475,0.00854764595568943,0.9229481932899308,0.010424653534610693,0.003958106974086574,7,10
50,0.8,3,10,0.8724560208370479,0.7944327461278535,0.009589800273453224,0.9105705355390434,0.01207125501836989,0.004315429323912918,7,10
50,1.0,3,10,0.8405720659807656,0.7438044201267863,0.011511365145302783,0.8848788226847957,0.015476333339536482,0.00526729449005982,7,10
6,0.4,3,10,0.9340676934785205,0.9175005999715814,0.00633088599003575,0.9822634980070424,0.006900143705880784,0.0022313560138342214,7,10
6,0.5,3,10,0.917585120495206,0.8968762869967735,0.00791379656390223,0.9774311581172368,0.008823732635859843,0.002789286112079324,7,10
6,0.55,3,10,0.9093438340035488,0.8865641305093696,0.008705251851075513,0.9749492956983196,0.00981908871733167,0.0030682511612018753,7,10
6,0.6,3,10,0.9011025475118917,0.8762519740219655,0.009496707138355435,0.972422036139457,0.010837872461234964,0.003347216210324427,7,10
6,0.65,3,10,0.8928612610202346,0.8659398175345616,0.010288162425717468,0.9698481223668379,0.011880920841599762,0.003626181259446978,7,10
6,0.7,3,10,0.8846199745285773,0.8556276610471577,0.01107961771314399,0.9672262504621039,0.01294911118182438,0.003905146308569561,7,10
6,0.8,3,10,0.8681374015452629,0.8350033480723498,0.01266252828814201,0.9618331690191722,0.01516464373151813,0.004463076406814663,7,10
6,1.0,3,10,0.8351722555786342,0.7937547221227338,0.015828349438515174,0.9504083939819038,0.019941109006804403,0.005578936603304869,7,10
7,0.4,3,10,0.9337347753318618,0.9112618684110682,0.007732830143388521,0.9759322373820698,0.008485848482689127,0.002678352953298451,7,10
7,0.5,3,10,0.9171692929690876,0.8890780630865948,0.009665932264341601,0.969371815980063,0.010871860037559104,0.003348008234409156,7,10
7,0.55,3,10,0.9088865517877004,0.877986160424358,0.010632483327459114,0.9660019269703528,0.012110080781136805,0.003682835874964493,7,10
7,0.6,3,10,0.9006038106063133,0.8668942577621211,0.011599034391750418,0.9625700530608482,0.013379987568141481,0.00401766351551983,7,10
7,0.65,3,10,0.8923210694249263,0.8558023550998844,0.012565585456944648,0.959074468174805,0.014682812429837334,0.004352491156075167,7,10
7,0.7,3,10,0.8840383282435392,0.8447104524376478,0.013532136522848395,0.9555133815475733,0.016019852108847047,0.00468731879663052,7,10
7,0.8,3,10,0.8674728458807649,0.8225266471131741,0.015465238656252092,0.9481871980419677,0.0188021126252025,0.0053569740777412245,7,10
7,1.0,3,10,0.8343418811552165,0.7781590364642271,0.019331442927209796,0.9326620825827424,0.024842534779326544,0.006696284639962603,7,10
8,0.4,3,10,0.902977550940105,0.8915816773352002,0.002551539561129276,0.9873796711855789,0.00286181246877508,0.0011402187894091118,7,10
8,0.5,3,10,0.8857178659164776,0.8734230500939199,0.0047474848782821846,0.9861188124394037,0.005435493003959174,0.0022694336227029005,7,10
8,0.55,3,10,0.877088023404664,0.8646920476869122,0.0053222788493247665,0.985866896609039,0.006155114833728478,0.0025477964087709604,7,10
8,0.6,3,10,0.8684581808928501,0.8559719706875384,0.005876434316753475,0.9856225544533707,0.006865218158993424,0.0028152337872048294,7,10
8,0.65,3,10,0.8598283383810364,0.8472847303290763,0.0063661404988187825,0.9854114972814475,0.0075135786954950105,0.0030498345247271796,7,10
8,0.7,3,10,0.851264008822857,0.838569412990485,0.006817214190208817,0.9850873575050749,0.008129576496115497,0.0032563582821206116,7,10
8,0.8,3,10,0.8356992819599139,0.8204685216332674,0.006959782031887355,0.9817748313832139,0.008482692325639562,0.0030264479183470367,7,10
8,1.0,3,10,0.8045698282340279,0.7908541206230831,0.004671997980294664,0.982952744274478,0.005907534472493838,0.0017928273315886184,7,10
9,0.4,3,10,0.8936156446083686,0.8801509582850152,0.005153911162428099,0.9849323516160526,0.005855712720543482,0.0022139099064868756,7,10
9,0.5,3,10,0.8670215387099098,0.8511360197223602,0.005977246527032086,0.9816780572588928,0.007022668984191103,0.0025966294905915366,7,10
9,0.55,3,10,0.8537244857606803,0.8371808233651337,0.006927320328834659,0.9806217782534303,0.008274580754238479,0.002856262347249783,7,10
9,0.6,3,10,0.8404274328114508,0.8242250992564604,0.007747241272710323,0.98072131760289,0.009399424113266107,0.0030501444927665583,7,10
9,0.65,3,10,0.8275596434930249,0.8114907883565606,0.009306897643664405,0.9805828434689738,0.01146888883669626,0.0035445037462693563,7,10
9,0.7,3,10,0.815965916835792,0.798210450601864,0.011007669456943507,0.9782399413166897,0.013790435152338009,0.00381715773905538,7,10
9,0.8,3,10,0.7971437198378428,0.7737712513300622,0.009760439766793718,0.9706797307359643,0.012614115282799872,0.0035790770820168633,7,10
9,1.0,3,10,0.7718879477133141,0.7269921167409003,0.011322263964850494,0.9418363363420611,0.015574122062847272,0.004315134935689928,7,10
1,0.4,5,10,0.9166036698888735,0.8977495753645588,0.0008080286537496999,0.979430483268084,0.0009000601904173277,0.00044884935512699007,5,10
1,0.5,5,10,0.896098159245768,0.8726961270665365,0.0012532688114925956,0.9738845215362025,0.0014360884305804227,0.0005837075316023732,5,10
1,0.55,5,10,0.8860479988955859,0.8600130766191733,0.0013307618451183115,0.9706168037071763,0.0015473739659281865,0.000595971802570583,5,10
1,0.6,5,10,0.8759978385454039,0.8473980246354571,0.001356924330606199,0.9673517300482877,0.0016012833298613546,0.000636676148663895,5,10
1,0.65,5,10,0.865947678195222,0.8347829726517408,0.0014089879066522602,0.9640108677138166,0.0016878493606266563,0.0006899707553533752,5,10
1,0.7,5,10,0.8558975178450401,0.8221679206680246,0.001484229407715064,0.9605915469156411,0.0018052630982112558,0.0007432653620428109,5,10
1,0.8,5,10,0.8358665796703477,0.8021527389494608,0.005367053887813547,0.9596660022773215,0.00669081289286939,0.0028948085669567416,5,10
1,1.0,5,10,0.8164097086635025,0.7747820882285218,0.00556649353956459,0.9490113603583586,0.007184592447525392,0.0026465072458061066,5,10
10,0.4,5,10,0.8958348516873116,0.8775863818415861,0.002614014347312779,0.9796296495817791,0.002978640509242356,0.0016367230054625814,5,10
10,0.5,5,10,0.880325082327157,0.8584394411430496,0.002240029710490476,0.9751391370943876,0.0026094207734767855,0.0011932791097230666,5,10
10,0.55,5,10,0.8751383985366157,0.8495367929584596,0.0027095284039885246,0.9707456493499013,0.0031894185471976542,0.0014821389567672761,5,10
10,0.6,5,10,0.8704722211799517,0.8436033954716067,0.004507179508417849,0.9691330463458977,0.005342770705537716,0.0026823917329198642,5,10
10,0.65,5,10,0.8658060438232876,0.8405036260032548,0.0036895445150393487,0.9707758821960856,0.004389683043467395,0.002088820656042434,5,10
10,0.7,5,10,0.8611398664666237,0.8379444986909528,0.0023676993514266543,0.9730643433443109,0.002825604028817545,0.0011848013939073532,5,10
10,0.8,5,10,0.8557558181869884,0.8288779376326559,0.004362810177933891,0.9685916473097709,0.005263513455786311,0.002412687023486448,5,10
10,1.0,5,10,0.8481663510567785,0.8114509091376192,0.008009538685010595,0.956711980057434,0.009870638623749704,0.004487614679122664,5,10
11,0.4,5,10,0.8920659984866933,0.8787171048758117,0.0026632956275233414,0.9850359798114413,0.0030308908438737435,0.0014810438781902135,5,10
11,0.5,5,10,0.865083230669673,0.8483972412331923,0.0033287671587385772,0.9807116947307326,0.003923594982345805,0.0018512471393234975,5,10
11,0.55,5,10,0.8515918467611628,0.8332373094118826,0.0036615029430949403,0.9784467906555381,0.004394309882354296,0.002036348769890095,5,10
11,0.6,5,10,0.8381004628526526,0.8180773775905728,0.003994238735785657,0.9761089676601216,0.004882470589212006,0.002221450400456715,5,10
11,0.65,5,10,0.8246090789441425,0.8029174457692632,0.004326974534887979,0.9736946466771212,0.0053890652864596435,0.0024065520310233347,5,10
11,0.7,5,10,0.8111176950356324,0.7877575139479535,0.0046597103390283974,0.9712000105155483,0.005915158226388255,0.0025916536615899544,5,10
11,0.8,5,10,0.7841349272186121,0.757437650305334,0.00532518195864603,0.9659532103639671,0.007030521860775434,0.002961856922723216,5,10
11,1.0,5,10,0.7301693915845715,0.710953381625006,0.0046817195527878485,0.9736828054133246,0.006585128749351996,0.002519188816693818,5,10
12,0.4,5,10,0.8813288435969261,0.8664089766802331,0.001957149581119652,0.9830711691497566,0.0022589211720990517,0.001133946920018225,5,10
12,0.5,5,10,0.8516614345564211,0.8330122756044709,0.002446279768719368,0.9781026142604856,0.002936667130078291,0.0014172684646989841,5,10
12,0.55,5,10,0.8368277300361685,0.81631392506659,0.002690844886265991,0.9754862270533364,0.0032963358870136735,0.0015589292370393527,5,10
12,0.6,5,10,0.821994025515916,0.7996155745287089,0.002935410014367951,0.9727754091969689,0.003671026563105744,0.0017005900093797432,5,10
12,0.65,5,10,0.8071603209956635,0.7829185365767188,0.003177905323255077,0.9699665806304236,0.0040590497922687405,0.001840938195829045,5,10
12,0.7,5,10,0.792326616475411,0.766816892576565,0.002588053626700723,0.96780403009516,0.0033750607892904646,0.0013858924304420484,5,10
12,0.8,5,10,0.7626592074349059,0.7346136045762577,0.0024574413652492084,0.9632265596674883,0.003345216246936671,0.0014480515517489411,5,10
12,1.0,5,10,0.7047741865610568,0.6721678252230349,0.004255005707868493,0.9537350232744412,0.006330272810152169,0.002542810513965499,5,10
13,0.4,5,10,0.8890989523298345,0.88037581296969,0.0016630170562515704,0.9901887868191882,0.0018889853989080747,0.0008193886093607716,5,10
13,0.5,5,10,0.863720505680013,0.853519673974146,0.0025146170844249595,0.9881896613096666,0.002946173545966944,0.0012360086726663111,5,10
13,0.55,5,10,0.8511264618713715,0.8406448415481307,0.0024338871700676896,0.9876850024141008,0.002895262124710651,0.0014842588003121549,5,10
13,0.6,5,10,0.8386762476163083,0.8277130440353998,0.002578567256481917,0.9869279670050651,0.003115291313896022,0.0015324167696418645,5,10
13,0.65,5,10,0.8262260333612451,0.8150418193105338,0.0027491893310183832,0.9864634935246329,0.003373065364111007,0.0015564766403790564,5,10
13,0.7,5,10,0.8139306282223575,0.8022157854694922,0.003063481801371365,0.985607074673611,0.003818775268275829,0.0017280236775067514,5,10
13,0.8,5,10,0.7900192441757117,0.7758842915562799,0.0029519469431276936,0.9821080907539412,0.0038046226418718128,0.0015939570092449395,5,10
13,1.0,5,10,0.7422842844881493,0.727636821155915,0.0026683181836612683,0.9802670437212144,0.003667101644777144,0.001398265137485799,5,10
14,0.4,5,10,0.8667929392027617,0.8448189150730776,0.0021308792214832888,0.9746490503834805,0.0025222910892081125,0.001223668263912181,5,10
14,0.5,5,10,0.8417649079157024,0.8159845937913911,0.0025613834686968964,0.9693734986076504,0.003139009594281288,0.0014133792253522071,5,10
14,0.55,5,10,0.8304299708846694,0.8037793941502878,0.0041472462541514345,0.9679074965153408,0.005159682226658323,0.002251623013605819,5,10
14,0.6,5,10,0.8192988466005305,0.793239671168681,0.0056186675220779875,0.9681933209841862,0.007083190271863229,0.00293158021592943,5,10
14,0.65,5,10,0.8081677223163914,0.7846126818496754,0.008004184532505612,0.9708537722847901,0.010201446800013794,0.004374865108125081,5,10
14,0.7,5,10,0.7986501344004123,0.776129260260696,0.008013358088401973,0.971801326801724,0.010324772558775,0.004125129869230059,5,10
14,0.8,5,10,0.7861751190993121,0.7641086560341599,0.007151350801348009,0.971931873027942,0.00935907576085397,0.0033902917346058993,5,10
14,1.0,5,10,0.7802365924332613,0.7525742279252078,0.00525726032365159,0.9645461840981014,0.0069857033745966465,0.0024230837699384055,5,10
15,0.4,5,10,0.8782334967675114,0.8610093255390856,0.0024865248457862157,0.9803877086312213,0.002887918599754283,0.0013990823345796377,5,10
15,0.5,5,10,0.8477960342515323,0.8262656445754688,0.0031083630686473004,0.974604281211257,0.0037619415608697634,0.0017491571148134043,5,10
15,0.55,5,10,0.8325773029935426,0.8088938040936604,0.003419282459710388,0.9715539940679048,0.004227109222998172,0.00192419450493031,5,10
15,0.6,5,10,0.817358571735553,0.7915219636118521,0.0037302019750407203,0.9683901178538566,0.004712695473438489,0.0020992318950471935,5,10
15,0.65,5,10,0.8021398404775635,0.7749690359562837,0.0033923425832490814,0.9661270976079392,0.0043773911290056295,0.0018981675792447473,5,10
15,0.7,5,10,0.786921109219574,0.7584458013264037,0.003688526214786254,0.9638142787637116,0.0048632693441450865,0.0020441981881922588,5,10
15,0.8,5,10,0.7564836467035947,0.7253993320666436,0.005663467554629512,0.9589094691307577,0.007807379059054881,0.0029016083325975827,5,10
15,1.0,5,10,0.6979573585398108,0.6636314054244352,0.007133626547233408,0.9508194122529369,0.010749380588266452,0.003842869779623048,5,10
16,0.4,5,10,0.888939744907202,0.8692193228305832,0.0016564497247136653,0.9778157943892166,0.001905675220517985,0.0009166941130780426,5,10
16,0.5,5,10,0.8617907753290822,0.8368399173288943,0.002244102406017133,0.9710476617823389,0.0026816388171110117,0.0011458066219327545,5,10
16,0.55,5,10,0.8482162905400223,0.8206502145780495,0.002580970134692363,0.9675011241007613,0.0031450307193539332,0.0012603628763601105,5,10
16,0.6,5,10,0.8346418057509624,0.8044605118272049,0.002933661348766735,0.9638392257423506,0.0036467437563882242,0.001374919130787422,5,10
16,0.65,5,10,0.8210673209619024,0.7882708090763602,0.00329710203480479,0.9600562450261445,0.00418270218412388,0.0015199070162468463,5,10
16,0.7,5,10,0.8074928361728425,0.7720811063255156,0.003668098361845294,0.9561460755303257,0.0047509236164351805,0.0017337873499087442,5,10
16,0.8,5,10,0.7803438665947227,0.7397017008238264,0.004425124366327458,0.9479176200253213,0.005982309303059698,0.0021615480172325397,5,10
16,1.0,5,10,0.7260459274384832,0.6749428898204479,0.005972427976556561,0.9296145936685732,0.008848790122295206,0.003017069351880108,5,10
17,0.4,5,10,0.9285982864049274,0.9041179970390004,0.0018311450612864938,0.9736373739599472,0.002025338581118306,0.0008462720017742065,5,10
17,0.5,5,10,0.9123461149916163,0.8820816558822979,0.0030562202360361183,0.9668278752854704,0.003464781537690123,0.0018677244408638939,5,10
17,0.55,5,10,0.9042200292849607,0.8710940401361391,0.004754002458896355,0.963365123447866,0.005457507731488296,0.0028583096270270226,5,10
17,0.6,5,10,0.8960939435783051,0.8601064243899803,0.006542267017349756,0.959839568779342,0.007606345949560576,0.0038488948131901513,5,10
17,0.65,5,10,0.8879678578716496,0.8491188086438214,0.008363171478122778,0.9562494870918588,0.009849235929045196,0.00483947999935328,5,10
17,0.7,5,10,0.879841772164994,0.8381311928976626,0.010199248880076632,0.952593090500016,0.012169036263660431,0.005830065185516408,5,10
17,0.8,5,10,0.8640579510685498,0.8156876110884775,0.012978131120069073,0.9440195649837441,0.01591066352319692,0.007342885240975661,5,10
17,1.0,5,10,0.8336804484735032,0.7714880685691418,0.014956741944664516,0.9254002177714041,0.019386873956980806,0.00803723961768028,5,10
18,0.4,5,10,0.8536137627409662,0.8310768909755335,0.003146038685765939,0.9735982797500048,0.003785496528573981,0.0014027698917330022,5,10
18,0.5,5,10,0.8248685083751628,0.8006453155695068,0.00504030370934148,0.9706338736905217,0.00629530156653232,0.0031583017029462868,5,10
18,0.55,5,10,0.8124675080335738,0.7907388968596993,0.006037928711694978,0.973256024445255,0.007635805871791187,0.0027081298982208233,5,10
18,0.6,5,10,0.8051306004642196,0.7811735390871815,0.004977200547869872,0.9702445027387793,0.006371440273931757,0.00263987127192844,5,10
18,0.65,5,10,0.7993696236238348,0.7721756691461336,0.0061420682482048955,0.9659807507390372,0.00795423696138568,0.003780536878386198,5,10
18,0.7,5,10,0.7951179827100421,0.7656932862933796,0.005218146509479021,0.9629932952637132,0.006814930472669261,0.002786494834199482,5,10
18,0.8,5,10,0.7960430875129374,0.7675420262511189,0.008643114454047158,0.9641965846963588,0.011260770301090153,0.004311585417223496,5,10
18,1.0,5,10,0.8353963308518875,0.8017676709651601,0.006109742683390158,0.9597452626438581,0.007620340535850379,0.003261776492828794,5,10
19,0.4,5,10,0.8744979147916929,0.8630188832118229,0.002566520710876272,0.9868735746698671,0.002973887084978574,0.0013959838635362765,5,10
19,0.5,5,10,0.844963541119325,0.831039148051864,0.0032085330314266065,0.9835207172974405,0.003860868695473738,0.0017451686451460447,5,10
19,0.55,5,10,0.8301963542831412,0.8150492804718844,0.0035295391948068342,0.9817548297663437,0.00433046108912992,0.0019197610359509508,5,10
19,0.6,5,10,0.8154291674469573,0.7990594128919049,0.0038505453595667426,0.9799249828083723,0.0048188473816122065,0.002094353426755835,5,10
19,0.65,5,10,0.8006619806107732,0.7830695453119253,0.00417155152538789,0.9780276374738965,0.005327178857053122,0.0022689458175607414,5,10
19,0.7,5,10,0.7858947937745894,0.7670796777319457,0.0044925576920427516,0.9760589888218039,0.005856702794325188,0.0024435382083656254,5,10
19,0.8,5,10,0.7563604201022214,0.7350999425719866,0.005134570027228194,0.9718910760463095,0.006984859785545933,0.0027927229899753934,5,10
19,1.0,5,10,0.698797329990305,0.6774591107569733,0.0041691712893333404,0.9694643663941479,0.006154129781611215,0.001883247157592427,5,10
2,0.4,5,10,0.8702416652423668,0.8637134419900617,0.0012988989591366455,0.9924983788836553,0.0015038540515751185,0.0007707888557329845,5,10
2,0.5,5,10,0.8378026540520839,0.8296427944870907,0.0016238659985562051,0.9902604037770381,0.001957307421153614,0.0009636490318368773,5,10
2,0.55,5,10,0.8215831484569425,0.812607470735605,0.001786349550268557,0.9890751438388249,0.002198293289934292,0.0010600791198887905,5,10
2,0.6,5,10,0.8053636428618007,0.7955721469841196,0.0019488331162008249,0.9878421431554971,0.002449599478298133,0.00115650920794077,5,10
2,0.65,5,10,0.7891441372666593,0.778859319468417,0.0017399145678152895,0.9869671238591905,0.0022339266210524475,0.0009705470296722752,5,10
2,0.7,5,10,0.7749013125681292,0.7631753439622939,0.002460940480394032,0.9848677910133178,0.003224606900449891,0.0013696906284999867,5,10
2,0.8,5,10,0.7488792110951716,0.7293438450259455,0.0028124385314409004,0.9739138625030633,0.003856121568203337,0.0015653160224724072,5,10
2,1.0,5,10,0.705157148821701,0.6640552868471625,0.003599449691370511,0.9417124792066299,0.005420406647856343,0.0017878938293957702,5,10
20,0.4,5,10,0.9183739045630631,0.9094716908046587,0.0015079646017374475,0.9903065475682916,0.0016580665643405237,0.0009190377705925012,5,10
20,0.5,5,10,0.8989455775665558,0.8868403213974408,0.001884585416002549,0.9865339387931761,0.002125056078903707,0.0011485030680512542,5,10
20,0.55,5,10,0.889231414068302,0.8761813035820157,0.0013109445659813793,0.9853242808566771,0.0014962023962642877,0.000720942038885175,5,10
20,0.6,5,10,0.879667541506427,0.8663401658338516,0.0014571359505466432,0.9848495311652032,0.0016819443539757286,0.0007195063014732606,5,10
20,0.65,5,10,0.8709941439828512,0.8567068610110349,0.0016171451187828787,0.9835965797582932,0.001887629470918932,0.0010079184981671263,5,10
20,0.7,5,10,0.8627408682268387,0.8468112189566301,0.0029084513151014925,0.9815359978217466,0.0034345923270655797,0.0016171922030325581,5,10
20,0.8,5,10,0.8490919529270986,0.8280811419557066,0.004289110814474387,0.9752549639659629,0.005179577938877647,0.0022602215865783703,5,10
20,1.0,5,10,0.83638151402129,0.8002790024499925,0.008928725281262088,0.9568348762304442,0.01115701555823342,0.005283413053022978,5,10
21,0.4,5,10,0.8520713951306105,0.840855483803906,0.0024514515485059164,0.9868368878584578,0.002915425534737446,0.0012274627254292847,5,10
21,0.5,5,10,0.8151631239672952,0.8010701763566768,0.0030646251208559477,0.9827115000712621,0.0038256637324760702,0.0015345914026850594,5,10
21,0.55,5,10,0.7967089883856376,0.7811775226330624,0.0033712119177411485,0.9805054719113355,0.004315551612875434,0.0016881557413129578,5,10
21,0.6,5,10,0.7782548528039799,0.7612848689094479,0.00367779871938561,0.9781948241846604,0.004831041400644298,0.0018417200799408118,5,10
21,0.65,5,10,0.7598007172223222,0.7413922151858333,0.003984385524690732,0.9757719338515675,0.0053741939058424395,0.00199528441856871,5,10
21,0.7,5,10,0.7413465816406646,0.7214995614622188,0.004290972332871849,0.9732284188395088,0.0059472972155043295,0.0021488487571965863,5,10
21,0.8,5,10,0.7044383104773493,0.6821109689417805,0.004572472903840169,0.9683047596879859,0.006703415004356041,0.0021964151061536485,5,10
21,1.0,5,10,0.6653024703431628,0.6371519066746306,0.006592229611086391,0.9576875708066857,0.010346401763893322,0.00353271832337132,5,10
22,0.4,5,10,0.9171422358678919,0.9022775079641834,0.0021785254509447804,0.9837923417738558,0.002414473852795252,0.0011112631238030745,5,10
22,0.5,5,10,0.9019464434838902,0.8854057184636208,0.0021736275977492676,0.9816610785044192,0.0024549509365277234,0.0011908485016643988,5,10
22,0.55,5,10,0.8958223042526973,0.8797312916884639,0.0020639581524138496,0.9820377183199779,0.002346123380984329,0.0012377661031480526,5,10
22,0.6,5,10,0.890996871415763,0.8731449293870176,0.0031554435848741382,0.9799640800080709,0.003613882963380873,0.001871671081778814,5,10
22,0.65,5,10,0.8867565910543853,0.8659734146100145,0.0036687763946013758,0.9765627042933407,0.004236592408848469,0.0019204235848529593,5,10
22,0.7,5,10,0.8825163106930078,0.8597772364220695,0.0035809927742218,0.9742338198224549,0.00416502394169444,0.00196917608792706,5,10
22,0.8,5,10,0.8749823593711705,0.848414543220145,0.003629576128465905,0.9696361693850386,0.004278069202691767,0.0019878168113725224,5,10
22,1.0,5,10,0.8674678587297413,0.8252431954215022,0.002482337872600508,0.9513242330729464,0.0030080076835200397,0.0013709485142935573,5,10
23,0.4,5,10,0.9132639506157652,0.8933127400937216,0.003169369588954428,0.9781539493499207,0.003547883564967309,0.0018473740383035064,5,10
23,0.5,5,10,0.8942426751326721,0.8666435266173877,0.003960466768284907,0.9691368469848639,0.0045698913643803215,0.0023085562425210425,5,10
23,0.55,5,10,0.8847320373911257,0.8539495420102643,0.0037183411548226634,0.9652069846236924,0.004354286725266456,0.002019788078198248,5,10
23,0.6,5,10,0.8752213996495793,0.8418540227637168,0.003869878841992981,0.9618755015596943,0.004596852586495438,0.002203152135213893,5,10
23,0.65,5,10,0.8657107619080329,0.8297585035171693,0.005131746990364251,0.9584708196169069,0.006184627175993823,0.0025049837576646807,5,10
23,0.7,5,10,0.856282815178308,0.8175802932588002,0.006794303101730647,0.9548017065933426,0.008310257913200399,0.0036141531923693294,5,10
23,0.8,5,10,0.8391290080118987,0.7915217864490216,0.007764549667166161,0.9432659089266021,0.00980964744129155,0.004130405768738377,5,10
23,1.0,5,10,0.8115205401641739,0.7616462013342452,0.00871013099795992,0.9385421115529141,0.011435927839857387,0.00497590785940869,5,10
24,0.4,5,10,0.9401572443611641,0.9293635462428016,0.0015318178921358626,0.9885192629391514,0.0016482440034673647,0.0008141060902547182,5,10
24,0.5,5,10,0.925196956474186,0.9117052622588494,0.0019152596602143804,0.9854174896264771,0.0021007443298825712,0.001017891547401595,5,10
24,0.55,5,10,0.9177168125306967,0.9028761202668732,0.002106980550924499,0.983828679979286,0.0023336319386780494,0.0011197842759750776,5,10
24,0.6,5,10,0.9102366685872075,0.8941617999321869,0.0021132002270743367,0.9823399021268054,0.002363330917552731,0.0011068553472589836,5,10
24,0.65,5,10,0.9027565246437183,0.8855366821968296,0.001997007594331591,0.9809252639257471,0.0022551381941371836,0.0010047238192135266,5,10
24,0.7,5,10,0.8952763807002292,0.8769115644614726,0.0019128005718886,0.9794869867734108,0.0021812924465915624,0.0009025922911680917,5,10
24,0.8,5,10,0.880316092813251,0.8596613289907582,0.0018561700114700503,0.9765371052612639,0.002159187518239529,0.0009716313789279063,5,10
24,1.0,5,10,0.8503955170392944,0.8256097872446038,0.0014312479359763419,0.9708538799910614,0.0017335646428720273,0.0007657861076370897,5,10
25,0.4,5,10,0.8961054688005404,0.8725489241222277,0.0006485587343841963,0.973712307871702,0.0007432921140056846,0.0003354443482675551,5,10
25,0.5,5,10,0.8701331305730818,0.8406872709667083,0.0008108009134876301,0.9661593627782221,0.0009644500892172285,0.00041938657720850257,5,10
25,0.55,5,10,0.8571469614593525,0.8247564443889486,0.0008919221658058163,0.9622112443643773,0.0010814370374112444,0.00046135769167900966,5,10
25,0.6,5,10,0.8441607923456231,0.8095309178264859,0.0011076292456293926,0.958977158340992,0.0013682358773933832,0.0005731602718284546,5,10
25,0.65,5,10,0.8321351937894373,0.7943860793006746,0.0019030706920601399,0.9546358394999999,0.002395649598663006,0.0011248908873711994,5,10
25,0.7,5,10,0.8205791204483882,0.7794800022608854,0.0023578245756943495,0.9499144967702261,0.00302486859041344,0.0012113607167747453,5,10
25,0.8,5,10,0.7988709765628802,0.7482638453847161,0.0030437806286647815,0.9366516838602651,0.004067790589427499,0.0015887437295173611,5,10
25,1.0,5,10,0.7559548241382956,0.6856281038958625,0.003458352305290634,0.9069696786145948,0.005044064392401147,0.0016891928362531504,5,10
26,0.4,5,10,0.9172435393139539,0.8974199033782139,0.002127995047343421,0.9783878162275561,0.0023712367413881463,0.0012061858905440203,5,10
26,0.5,5,10,0.8975807513049279,0.8718556021678177,0.002776054930823831,0.971339459876217,0.003184076496063492,0.0015874537176895132,5,10
26,0.55,5,10,0.8877812242823075,0.859041584580727,0.0030536660238638293,0.9676275653105707,0.0035547359739915665,0.0017462206493696897,5,10
26,0.6,5,10,0.8779816972596871,0.8462275669936364,0.003331277131516983,0.9638328106779901,0.0039366209060665526,0.0019049875810498661,5,10
26,0.65,5,10,0.8681821702370666,0.8334135494065459,0.003608888250411056,0.959952390152142,0.004330249073801188,0.0020637545127300426,5,10
26,0.7,5,10,0.8583826432144462,0.8218994658839304,0.002821670358440881,0.957497769067307,0.0034331088844378934,0.001643364863950092,5,10
26,0.8,5,10,0.8412359663364196,0.7980940969773593,0.004534727210350395,0.9487160902701973,0.005681945559458308,0.002460669483178424,5,10
26,1.0,5,10,0.8199303896695467,0.765614510707626,0.010813359456886861,0.9337554996786844,0.014123765035347251,0.005174888079393991,5,10
27,0.4,5,10,0.9159143326761695,0.903658468148787,0.003088373288302889,0.9866189837955995,0.0034176333174076885,0.0015751347957759121,5,10
27,0.5,5,10,0.8950786178044574,0.8818468185984504,0.003330443358055524,0.9852171653497171,0.0037766687907869446,0.0019568285472001843,5,10
27,0.55,5,10,0.8859454476185352,0.8700317739643723,0.003663730086432952,0.9820376370837056,0.0042110302129988435,0.0021527161483190895,5,10
27,0.6,5,10,0.8768122774326133,0.8582167293302939,0.003997016834239757,0.9787918707562253,0.004657351339863549,0.0023486037494380384,5,10
27,0.65,5,10,0.8676791072466912,0.8464016846962158,0.004330303596989688,0.9754777747063743,0.0051161330078683485,0.0025444913505569657,5,10
27,0.7,5,10,0.8585459370607691,0.8345866400621377,0.004663590371478962,0.9720931682692996,0.005587904415929474,0.0027403789516758925,5,10
27,0.8,5,10,0.840279596688925,0.8109565507939813,0.005330163946867135,0.9651032275322529,0.006572687453660179,0.0031321541539137466,5,10
27,1.0,5,10,0.803746915945237,0.7636963722576685,0.006663311166294923,0.9501702054551991,0.008725078982104612,0.003915704558389454,5,10
28,0.4,5,10,0.9603362684554684,0.9499265231261502,0.0038797960663372886,0.9891603122039112,0.004084311756628415,0.0020986375374941525,5,10
28,0.5,5,10,0.9504221974242583,0.9374092177190769,0.004850268279243915,0.9863082115080563,0.0051741205308879785,0.0026236152163865213,5,10
28,0.55,5,10,0.9454651619086535,0.9311505650155404,0.005335504389303724,0.9848597309876383,0.005730012513298188,0.002886104055832739,5,10
28,0.6,5,10,0.9405081263930486,0.9248919123120037,0.005820740500966084,0.9833959817647353,0.006293427830302522,0.003148592895278912,5,10
28,0.65,5,10,0.9355510908774434,0.9186332596084672,0.006305976613861077,0.9819167211348029,0.006864520251039856,0.0034110817347250853,5,10
28,0.7,5,10,0.9305940553618385,0.9123746069049306,0.006791212727724456,0.9804217012219966,0.00744344776403022,0.0036735705741712367,5,10
28,0.8,5,10,0.9206799843306286,0.8998573014978571,0.007761684957630028,0.9773833653526091,0.00862546199793047,0.0041985482530636055,5,10
28,1.0,5,10,0.9008518422682086,0.8748226906837109,0.009702629423105319,0.9711060683197803,0.011090966805538964,0.005248503610848343,5,10
29,0.4,5,10,0.8969333048928775,0.8876318919329769,0.002730209321161648,0.9896297607534916,0.003075835091071514,0.001649396657614033,5,10
29,0.5,5,10,0.8711699401425728,0.8595411054411721,0.0034127961001233016,0.9866514738794849,0.003970486203067198,0.002061751363122877,5,10
29,0.55,5,10,0.8582882577674205,0.8454957121952695,0.0037540894904110745,0.9850952806864364,0.004440104705751668,0.0022679287158772652,5,10
29,0.6,5,10,0.8454065753922683,0.8314503189493673,0.004095382881057582,0.9834916632433036,0.004925589404106029,0.0024741060686316986,5,10
29,0.65,5,10,0.832524893017116,0.817404925703465,0.004436676271979966,0.9818384201595999,0.005427758180147652,0.0026802834213861095,5,10
29,0.7,5,10,0.8196432106419638,0.8033595324575623,0.004777969663119131,0.9801332116548032,0.005947486113101581,0.0028864607741405424,5,10
29,0.8,5,10,0.793879845891659,0.7752687459657575,0.005460556445885169,0.9765567799431938,0.0070434368395477075,0.003298815479649364,5,10
29,1.0,5,10,0.74235311639105,0.7190871729821479,0.006825730012685328,0.9686591961491191,0.009492214948541133,0.00412352489066703,5,10
3,0.4,5,10,0.8536966835676282,0.8306948290697784,0.0039331926287277,0.9730561744696908,0.004734822573931433,0.002138575004608523,5,10
3,0.5,5,10,0.8213340236783895,0.7945404996851597,0.0030644240382027093,0.9673780420379597,0.003856850644387544,0.0018188057254760136,5,10
3,0.55,5,10,0.80515269373377,0.781529446455076,0.0013893078083072423,0.9706599164822454,0.001777678134341548,0.0008743534762518212,5,10
3,0.6,5,10,0.7932369110201043,0.7672800554774725,0.003527986516758467,0.9672772973848994,0.004598042776653472,0.0019892621008724245,5,10
3,0.65,5,10,0.7816608626093495,0.7602268930851607,0.0018825382312218733,0.9725789398580892,0.0024762847096636335,0.0009764827251467434,5,10
3,0.7,5,10,0.7764196565349033,0.7551526953361538,0.0043083204364003196,0.9726089351039073,0.005705230826836266,0.0026112407933948758,5,10
3,0.8,5,10,0.7730573191622754,0.7509656321622536,0.006701528942503592,0.971422963792696,0.008923882339605735,0.003154889694552887,5,10
3,1.0,5,10,0.7829795179164301,0.7509672942703299,0.008354416649431875,0.9591148645480699,0.011124874163194234,0.004372049083510432,5,10
30,0.4,5,10,0.9657379488196257,0.9524447016360675,0.0038744754673453144,0.9862351404956118,0.004067926947034207,0.002111791361621451,5,10
30,0.5,5,10,0.9584767094737202,0.9405571091557746,0.004842505616224467,0.9813040837186489,0.005148550331591246,0.0026393421505345404,5,10
30,0.55,5,10,0.9548460898007676,0.9346133129156285,0.005326520725689845,0.9788104312294343,0.005699170611076768,0.002903117544991085,5,10
30,0.6,5,10,0.9512154701278147,0.9286695166754821,0.0058105358507253325,0.9762977430872701,0.006256839216093047,0.0031668929394475854,5,10
30,0.65,5,10,0.9475848504548618,0.9229463751217128,0.005915013823172396,0.9739986605723783,0.006408838024194372,0.0032100136475272214,5,10
30,0.7,5,10,0.9439542307819092,0.9190087478275881,0.003647656317128251,0.9735734189848825,0.00396912034379522,0.0019378099305163987,5,10
30,0.8,5,10,0.9386118279703595,0.9092146567049832,0.004279540436875572,0.9686801610747392,0.004706853772446579,0.002312828997575611,5,10
30,1.0,5,10,0.9310342600249033,0.8895170336398468,0.0025466732697918036,0.9554074128443502,0.0028629842639111467,0.0014074765372553033,5,10
31,0.4,5,10,0.8812417564199256,0.8752061353453223,0.0017659369615814088,0.9931510042157747,0.0020177383250228687,0.0009709901820444955,5,10
31,0.5,5,10,0.8515528680270483,0.8440088626241616,0.0022063277253092832,0.991140884276081,0.0026141049259239403,0.0012133137890517841,5,10
31,0.55,5,10,0.8367084238306095,0.8284102262635813,0.0024265231787901314,0.9900823305578335,0.002929132333064738,0.0013344755925554397,5,10
31,0.6,5,10,0.8218639796341709,0.8128115899030007,0.0026467186641269715,0.9889855378073638,0.0032562511374165143,0.0014556373960590506,5,10
31,0.65,5,10,0.8070195354377322,0.7986044630035896,0.0006523530042101793,0.9895726533688206,0.0008168662140412396,0.0003984768743550138,5,10
31,0.7,5,10,0.7934201880932277,0.7833409003580745,0.0008327886132219386,0.9872964062593668,0.0010631241300451196,0.0004578410660522225,5,10
31,0.8,5,10,0.7666453927909561,0.7523898756803062,0.0009519154991874922,0.9814053312721897,0.001265189139243502,0.000523249539495585,5,10
31,1.0,5,10,0.7183513778501052,0.6914379335599425,0.001113087005593187,0.9625344293614224,0.0016098147810062124,0.000659121220741965,5,10
32,0.4,5,10,0.8908549564628163,0.8818058085551023,0.0006915021284924509,0.9898421759433835,0.0007841886748574761,0.00035663040730273823,5,10
32,0.5,5,10,0.863570264073871,0.8525556915536244,0.0007591773167773653,0.9872453082528738,0.0008904724046752953,0.0004104352490900798,5,10
32,0.55,5,10,0.849927917879398,0.8380364398455287,0.0010243458829258417,0.9860088393571786,0.0012223166371078738,0.0005112707825299711,5,10
32,0.6,5,10,0.8362855716849253,0.8235171881374329,0.0014013505753740353,0.984732029369146,0.0017016652421590628,0.0007616229802452912,5,10
32,0.65,5,10,0.8226432254904525,0.8097260292181341,0.001603473005035184,0.9842979363689316,0.001980266098872339,0.0009435605655783164,5,10
32,0.7,5,10,0.809049604296017,0.7962791990240294,0.0031342586692726204,0.9842155472245739,0.003936130283340527,0.0017268847016201684,5,10
32,0.8,5,10,0.7837503369230705,0.7674975636198954,0.003855399029716056,0.9792628180971737,0.005023337157621844,0.001973322736106775,5,10
32,1.0,5,10,0.7332182797929652,0.7098678151958401,0.005377398513055628,0.9681534609260991,0.007575211043442078,0.002593043412300422,5,10
33,0.4,5,10,0.9050417394620738,0.8939828185579384,0.0031559426089000525,0.9877807614589041,0.0035302049920722476,0.0018107578890867782,5,10
33,0.5,5,10,0.8818603161437011,0.8676793839805292,0.003841658336731387,0.9839192988917067,0.004427509063437186,0.002263095509010382,5,10
33,0.55,5,10,0.8702696044845147,0.8545276666918248,0.004194999739865066,0.9819114241017135,0.004909144435434579,0.0024892643189721843,5,10
33,0.6,5,10,0.8586788928253284,0.8417187519913665,0.0042211624593409755,0.9802485644218438,0.005014932184122556,0.0023726305406877924,5,10
33,0.65,5,10,0.8470881811661422,0.8301339676123222,0.004251671198463163,0.9799853026747699,0.005121668747867357,0.002154783333337962,5,10
33,0.7,5,10,0.835645849782523,0.8188248795031052,0.005398440005877147,0.9798706948837292,0.006592911550456467,0.002350583226672187,5,10
33,0.8,5,10,0.8151230235318945,0.7987098449545651,0.0028189189715832614,0.9798641700657507,0.003529340459980954,0.0015444832396217744,5,10
33,1.0,5,10,0.7893965765552223,0.7642240200105033,0.007827698004345846,0.9681116471842741,0.010242674660027389,0.0037658047083285683,5,10
34,0.4,5,10,0.8915240132932132,0.8782384692152437,0.0008654050982568143,0.9850979402911495,0.000985387373238277,0.00047732275661804824,5,10
34,0.5,5,10,0.8687728998278285,0.8538096951795542,0.001908242445402282,0.9827766213112314,0.0022349739715721816,0.0009867546491471035,5,10
34,0.55,5,10,0.8585799480609347,0.8427382345549969,0.002459086311677275,0.981548936075533,0.0029179716913826526,0.0012296594700301976,5,10
34,0.6,5,10,0.8486253609635899,0.8319426750330751,0.00452202015882886,0.9803415185334879,0.005435494889896206,0.0026106241876543202,5,10
34,0.65,5,10,0.8389644498342632,0.820881006501455,0.006542261051449368,0.9784455189532995,0.00796980439263918,0.0037702697545284993,5,10
34,0.7,5,10,0.8303114353591973,0.8092656060306821,0.006352852934048435,0.9746530898741499,0.007850145720646845,0.0034678539520341723,5,10
34,0.8,5,10,0.8130054064090654,0.7880598359011163,0.004910707927612592,0.9693168454830696,0.006231389678675078,0.0028630223470456294,5,10
34,1.0,5,10,0.7787389858471713,0.7579083091216987,0.0028093164775533355,0.9732507591066455,0.0037066706404220704,0.0013350910423122642,5,10
35,0.4,5,10,0.8949827975785143,0.8904088275338371,0.0014004077337626784,0.9948893207142611,0.00157276937341399,0.0007819486923293706,5,10
35,0.5,5,10,0.8687307700958231,0.8630128840184865,0.0017504190484226264,0.9934181149394468,0.0020282652563332194,0.0009773524300038306,5,10
35,0.55,5,10,0.8556047563544775,0.8493149122608109,0.0019254247091226554,0.9926486569330609,0.002267032735828602,0.0010750542988410493,5,10
35,0.6,5,10,0.842478742613132,0.8356169405031355,0.0021004303713207033,0.9918552222591241,0.0025136282781150986,0.0011727561676782906,5,10
35,0.65,5,10,0.8293527288717863,0.8224646132354844,0.0018045283206798784,0.9916945885670717,0.002194049800612168,0.0010649208817641975,5,10
35,0.7,5,10,0.8162267151304408,0.8093760876091485,0.0020607402283561067,0.991606955035529,0.0025460848916891254,0.0011468243179734382,5,10
35,0.8,5,10,0.7907174466681516,0.7824562773360741,0.002652470238473296,0.989552311806338,0.0033899277382038674,0.0013782914110046286,5,10
35,1.0,5,10,0.7441649156486202,0.7331490277725032,0.002534534738583479,0.9851969803406878,0.0034570525808157344,0.00138953515672402,5,10
36,0.4,5,10,0.9050490803712847,0.8896376612434185,0.0023606265785538266,0.9829717310783368,0.0026534697005233046,0.0011385680819035126,5,10
36,0.5,5,10,0.8813138415124261,0.8620483263043605,0.002950217084495627,0.9781400060902209,0.003422333753773804,0.0014230114541345484,5,10
36,0.55,5,10,0.8694462220829966,0.8482536588348314,0.0032450124894915786,0.9756252167070292,0.0038255213587277135,0.0015652331402500775,5,10
36,0.6,5,10,0.8575786026535672,0.8344589913653022,0.0035398079620758546,0.973040825392883,0.00424203945155434,0.0017074548263656063,5,10
36,0.65,5,10,0.8457109832241377,0.8206643238957734,0.0038346034866602804,0.9703839020360384,0.004672560235660111,0.0018496765124811133,5,10
36,0.7,5,10,0.8338433637947084,0.8068696564262442,0.004129399052108197,0.9676513497142791,0.0051178018893385715,0.0019918981985966645,5,10
36,0.8,5,10,0.8101081249358495,0.7792803214871861,0.004718990274961274,0.9619460631244692,0.0060555747974689106,0.002276341570827722,5,10
36,1.0,5,10,0.762637647218132,0.7259495817501325,0.004908159977515193,0.951893188591166,0.006761020463270344,0.0026763310912090387,5,10
37,0.4,5,10,0.9236466116302452,0.9169658187719969,0.000836949180537008,0.9927669383786765,0.0009127375998135379,0.0004385582975692692,5,10
37,0.5,5,10,0.9049625456066103,0.8969101361597825,0.0011255084242568177,0.9911019417478432,0.001254873123717615,0.000530463935865444,5,10
37,0.55,5,10,0.8975458047892652,0.8866443566492249,0.001238097711077603,0.9878541595516679,0.0013963859373746855,0.0005835470225273199,5,10
37,0.6,5,10,0.8901290639719199,0.8763785771386672,0.0013506870744831759,0.9845522549596397,0.001541214162141095,0.0006366301091891736,5,10
37,0.65,5,10,0.8827123231545752,0.8661127976281096,0.0014632764967956533,0.9811948637273541,0.0016894756673760099,0.0006897131958510272,5,10
37,0.7,5,10,0.8752955823372301,0.8558470181175519,0.001575865965388904,0.9777805753711833,0.0018412939836549812,0.000742796282512903,5,10
37,0.8,5,10,0.8604621007025399,0.8353154590964367,0.0018010450066998883,0.970775422199802,0.002156125553629864,0.0008489624558366326,5,10
37,1.0,5,10,0.8381760013846773,0.798976646807031,0.005402985052763711,0.9532325495923427,0.006762381697081868,0.003013837012624254,5,10
38,0.4,5,10,0.927700940478022,0.9147787082656824,0.005590053336272794,0.9860706919131924,0.006110825804932546,0.0032931405522004463,5,10
38,0.5,5,10,0.9096268171994379,0.8934745507574811,0.0069874547068206625,0.9822429746610961,0.007820541391914017,0.00411623453194061,5,10
38,0.55,5,10,0.9005897555601461,0.8828224720033804,0.007686155404597565,0.9802715015942915,0.00870634317583177,0.004527781521810681,5,10
38,0.6,5,10,0.891552693920854,0.8721703932492796,0.00838485610793149,0.9782600615715317,0.009613782092159335,0.004939328511680751,5,10
38,0.65,5,10,0.8825156322815622,0.8615183144951789,0.009083556815540137,0.9762074267941305,0.010543660723989134,0.005350875501550822,5,10
38,0.7,5,10,0.8734785706422702,0.8508662357410781,0.009782257526507488,0.9741123186518873,0.011496821845313258,0.005762422491420893,5,10
38,0.8,5,10,0.8554044473636863,0.8295620782328766,0.011179658955999528,0.9697892976702956,0.013476579088347802,0.006585516471161035,5,10
38,1.0,5,10,0.8192562008065185,0.7869537632164738,0.01397446183463272,0.9605710184942824,0.017757665682308518,0.008231704430641317,5,10
39,0.4,5,10,0.8759916222499701,0.855692898274621,0.0035145540164821278,0.9768277190560201,0.004107260938554836,0.0020389569830930655,5,10
39,0.5,5,10,0.8726341349167399,0.8462835521482841,0.00697684914695187,0.9698034013178157,0.008244103444101205,0.0037806654998223665,5,10
39,0.55,5,10,0.8711408739284451,0.8439691422452112,0.008560832932213236,0.9688090267642915,0.01014353784243681,0.004610599343193212,5,10
39,0.6,5,10,0.8696476129401504,0.842065370242073,0.0093394219805185,0.9682834261973928,0.011091089018223903,0.005029895286629138,5,10
39,0.65,5,10,0.8681543519518555,0.8401615982389352,0.0101180110330041,0.9677560175215563,0.01204293442382095,0.005449191230065065,5,10
39,0.7,5,10,0.866661090963561,0.838257826235797,0.010896600088774001,0.9672267913906404,0.012999103316106531,0.005868487173500992,5,10
39,0.8,5,10,0.8636745689869716,0.8344502822295212,0.012453778207702628,0.9661628490558332,0.014924529924572704,0.006707079060372845,5,10
39,1.0,5,10,0.8577015250337927,0.826835194216969,0.015568134464768547,0.9640127364637627,0.018828582253942287,0.00838426283411653,5,10
4,0.4,5,10,0.8964786176762234,0.8749472701361294,0.0029812701838528356,0.975982307758878,0.0034073712618007167,0.0015046523858395888,5,10
4,0.5,5,10,0.8780683617492375,0.8555956079203689,0.004311396664101486,0.9744066011169111,0.005039058901413565,0.002558968893925684,5,10
4,0.55,5,10,0.8713015618086265,0.845094430420221,0.004843867986055171,0.9699218588177377,0.005731747615052403,0.0027917692259590066,5,10
4,0.6,5,10,0.8645585913651361,0.8349038754359439,0.005599632816888281,0.9656995879453728,0.0067069191815218735,0.0029635896729906853,5,10
4,0.65,5,10,0.8578156209216459,0.8258439568882053,0.0055537830415562225,0.9627289789860788,0.006724978726590161,0.002930018699298165,5,10
4,0.7,5,10,0.8512261975736601,0.8191174834650052,0.004446839615201838,0.9622794573285247,0.005428817849658093,0.002587464755451063,5,10
4,0.8,5,10,0.8407099579205273,0.8050316364163663,0.005127287732597301,0.9575616760952728,0.006369051228125204,0.003055593231407272,5,10
4,1.0,5,10,0.8244042342230777,0.7825035621039734,0.00368933206693307,0.9491746034533755,0.004714779900826647,0.0020436309541146834,5,10
40,0.4,5,10,0.8747521931880504,0.8669004069377614,0.001664071105628438,0.9910239879231705,0.001919564337853528,0.0007986177380281845,5,10
40,0.5,5,10,0.8598627769347844,0.8468061871299778,0.003561935726241494,0.9848154959662861,0.00420631754984422,0.002149168124688816,5,10
40,0.55,5,10,0.8524180688081515,0.8380561413040637,0.00391806731226005,0.9831515449641176,0.004675184774809133,0.002364048332818003,5,10
40,0.6,5,10,0.8449733606815183,0.8293060954781495,0.004274198902292138,0.9814582732043383,0.0051539460828727915,0.002578928540947212,5,10
40,0.65,5,10,0.8375286525548855,0.8205560496522354,0.004630330495411629,0.9797348987991334,0.005642917991250001,0.0027938087490763986,5,10
40,0.7,5,10,0.8300839444282525,0.8118060038263213,0.0049864620909570645,0.9779806118108684,0.006142430663796709,0.0030086889572055854,5,10
40,0.8,5,10,0.8151945281749864,0.7943059121744931,0.00569872528750639,0.9743759124006173,0.007174471699329986,0.0034384493734639586,5,10
40,1.0,5,10,0.7854156956684545,0.7617825148494635,0.004759194351434951,0.9699099713064975,0.006247444984183471,0.002961016354394097,5,10
41,0.4,5,10,0.9112357398005754,0.9030450496080341,0.0038581346217136446,0.991011447603741,0.004272361188833563,0.00185686126922735,5,10
41,0.5,5,10,0.8890456152090277,0.8788072135431481,0.004823334760165182,0.9884838286239425,0.005488501557376399,0.0023212338407264223,5,10
41,0.55,5,10,0.8779505529132539,0.866688295510705,0.0053059348452467875,0.9871721051200687,0.006122079728929777,0.002553420126475925,5,10
41,0.6,5,10,0.8668554906174801,0.8551445573957548,0.005065530807587026,0.9864903281475631,0.005923595915775366,0.0023757306022934356,5,10
41,0.65,5,10,0.8557604283217064,0.8438692928866605,0.004782374098994428,0.9861045976870343,0.00566719768014683,0.0025737549326880103,5,10
41,0.7,5,10,0.8446653660259326,0.8325940283775658,0.0048989297321596825,0.9857087337377627,0.005883935705983841,0.0027717792630825855,5,10
41,0.8,5,10,0.8225152035705632,0.8100035372231987,0.006131914026991848,0.9847885287797101,0.0075702311720920075,0.003363308243356933,5,10
41,1.0,5,10,0.7805319643854125,0.7625054691888765,0.007665290362000031,0.9769048597378969,0.010052767713461867,0.0042042645173869355,5,10
42,0.4,5,10,0.9542342694437759,0.947523126872877,0.0026546813134165977,0.9929669864248212,0.002801706088354674,0.001439908557637226,5,10
42,0.5,5,10,0.9427934246942904,0.9344050433632549,0.003317995753379031,0.991102630638567,0.0035509180702154477,0.0017997294700169864,5,10
42,0.55,5,10,0.9370730023195476,0.9278460016084438,0.0036496529767301557,0.9901533811258417,0.003933468453173687,0.0019796399262068886,5,10
42,0.6,5,10,0.9313525799448051,0.9212869598536327,0.003981310201579287,0.9891924709203372,0.004321465922204964,0.002159550382396769,5,10
42,0.65,5,10,0.9256321575700623,0.9147279180988216,0.004312967427580818,0.9882196838322188,0.004715027651659443,0.0023394608385866487,5,10
42,0.7,5,10,0.9199117351953197,0.9081688763440106,0.004644624654487959,0.9872347982941909,0.005114274201055745,0.002519371294776551,5,10
42,0.8,5,10,0.9084708904458341,0.8950507928343884,0.0053079391103397966,0.9852278176961072,0.0059303216675904635,0.002879192207156334,5,10
42,1.0,5,10,0.8855892009468633,0.8717632967388507,0.0034772296311060776,0.9843879033379922,0.003988731395453245,0.0016806946293403291,5,10
43,0.4,5,10,0.8578442875586975,0.8500417142534593,0.001819031484296212,0.9909044410292185,0.0021399320219170166,0.0010438430250743647,5,10
43,0.5,5,10,0.8314767405242058,0.8238731533949786,0.0007302163757717532,0.9908553219126327,0.0008863213624120548,0.0003859037665794318,5,10
43,0.55,5,10,0.821600313682865,0.8123235924301058,0.0012571224136707123,0.9887089609165607,0.001547563588433975,0.0007513377546609856,5,10
43,0.6,5,10,0.8135849441959847,0.8000374992469658,0.0025791383328814784,0.9833484566723306,0.0032237718048330095,0.0014814642531340238,5,10
43,0.65,5,10,0.8055695747091045,0.7883231873725657,0.004973454979672104,0.9785910641638041,0.006308903580837618,0.0026630421230961153,5,10
43,0.7,5,10,0.7975542052222243,0.7775584034148157,0.0064334799809083725,0.9749285983617413,0.008273950808909473,0.0034164262377586628,5,10
43,0.8,5,10,0.7815234662484638,0.7570475500472028,0.008333240690421117,0.9686817897884086,0.011007552550565059,0.003931206627887684,5,10
43,1.0,5,10,0.7494619883009428,0.7168682844401214,0.012040419691782206,0.9565105310614719,0.01679586048528545,0.005812371551877371,5,10
44,0.4,5,10,0.922748974291632,0.9129485791645733,0.002695947227700333,0.9893791319198353,0.002953011033948218,0.0014140144900781637,5,10
44,0.5,5,10,0.9034367789856796,0.891186460341497,0.0033696319107696096,0.9864403144424377,0.0037810627301029555,0.0017672703597856332,5,10
44,0.55,5,10,0.8937806813327033,0.8803054009299587,0.0037064742625136883,0.9849232807508752,0.004210441352055947,0.001943898294639368,5,10
44,0.6,5,10,0.884124583679727,0.8694243415184205,0.0040433166187960196,0.9833731100427905,0.004650567537290827,0.0021205262294931027,5,10
44,0.65,5,10,0.8744684860267509,0.8595183930953695,0.0038461373714798277,0.9829037945102986,0.004474758658309564,0.002280317835153589,5,10
44,0.7,5,10,0.8655848675344501,0.8502883733796172,0.005105412629730034,0.9823281405110469,0.006004330753621497,0.002608041387836124,5,10
44,0.8,5,10,0.8507445798289519,0.8312626175117291,0.003335392693764704,0.9771001040980599,0.004012441584043254,0.001591171270445324,5,10
44,1.0,5,10,0.8221075419547523,0.7974316923657883,0.0077605757075171694,0.9699846451593286,0.009731962977911507,0.004182468094849345,5,10
45,0.4,5,10,0.9553298673358561,0.943061149666191,0.0034327866527841234,0.9871576111151229,0.003640046728676294,0.0017800118061968907,5,10
45,0.5,5,10,0.9441635359305274,0.9288273201304527,0.004290630489505106,0.9837568226091681,0.004619405993465494,0.002224627527836809,5,10
45,0.55,5,10,0.9385803702278629,0.9217104053625835,0.004719552442398255,0.9820260838598364,0.0051204287322129905,0.0024469353886567456,5,10
45,0.6,5,10,0.9329972045251983,0.9145934905947142,0.005148474410641437,0.9802746312194475,0.005629248910675761,0.002669243249476705,5,10
45,0.65,5,10,0.927414038822534,0.907476575826845,0.005577396390693229,0.9785020905862045,0.006146049979980362,0.0028915511102967084,5,10
45,0.7,5,10,0.9218308731198694,0.9003596610589758,0.006006318380023663,0.9767080787951635,0.006671021192752253,0.003113858971116645,5,10
45,0.8,5,10,0.9106645417145407,0.8861258315232373,0.006864162379563255,0.9730540620972202,0.007746261462397344,0.0035584746927565638,5,10
45,1.0,5,10,0.8883318789038828,0.8576581724517605,0.008579850432931566,0.9654704427696879,0.010003811201850519,0.0044477061360364,5,10
46,0.4,5,10,0.9388107167882058,0.8816168326566961,0.00988741207856828,0.9390783646705936,0.011215089948740197,0.0050831664004736595,5,10
46,0.5,5,10,0.9235143495337066,0.8528215806834932,0.011737300389210937,0.9234524413335786,0.013762902645831366,0.00627255725765512,5,10
46,0.55,5,10,0.9158661659064571,0.8400266130737926,0.011724895795966831,0.91719362975091,0.013957767067716523,0.006397597151476297,5,10
46,0.6,5,10,0.9082179822792075,0.8276239496276517,0.011805390210489179,0.9112613555070755,0.014264195974271199,0.006587597101188569,5,10
46,0.65,5,10,0.9005697986519579,0.815221286181511,0.0123686130051879,0.9052283203387421,0.015172092798413505,0.007136653127656656,5,10
46,0.7,5,10,0.8929216150247082,0.8028186227353704,0.013353622369111908,0.8990919350890116,0.016633423778353987,0.007685709154124698,5,10
46,0.8,5,10,0.8776252477702091,0.7780132958430886,0.01625288881860701,0.8864983064466234,0.020890245585063787,0.008783821207060828,5,10
46,1.0,5,10,0.8492277124279237,0.7368253991959486,0.00957425535960468,0.867641727198681,0.01299392687881344,0.0048871723664920316,5,10
47,0.4,5,10,0.9193269573761507,0.9118790454925335,0.0023683157998875817,0.9918985168183535,0.0025971819525783518,0.0009870279306496421,5,10
47,0.5,5,10,0.899159660776727,0.8898499944233885,0.0029606789980036567,0.9896462588798784,0.0033271663949631636,0.001234029301793349,5,10
47,0.55,5,10,0.8890760124770155,0.8788354688888159,0.0032568606323756496,0.9884818132032729,0.0037058820992893777,0.0013575299873652025,5,10
47,0.6,5,10,0.8789923641773039,0.8678209433542433,0.0035530422824402203,0.9872906508880581,0.004094211265180165,0.0014810306729370558,5,10
47,0.65,5,10,0.8689087158775921,0.8568064178196707,0.003849223944575037,0.9860718417979061,0.004492524640945407,0.0016045313585089094,5,10
47,0.7,5,10,0.8588250675778804,0.8457918922850981,0.004145405616192823,0.9848244121127725,0.004901212288749981,0.0017280320440808072,5,10
47,0.8,5,10,0.8386577709784568,0.8237628412159529,0.004737768980763289,0.9822395615017957,0.005751374963417733,0.0019750334152244696,5,10
47,1.0,5,10,0.79832317777961,0.7812774611210915,0.0053802193875045964,0.9786481000013953,0.0068864387560653145,0.0024083075312753,5,10
48,0.4,5,10,0.8995226371486063,0.886864524462939,0.0021565979596328243,0.9859279664981059,0.002431710706817145,0.001220587058562561,5,10
48,0.5,5,10,0.8744046964993603,0.8585811342637222,0.0026958979695147134,0.9819036170562818,0.003139945500697014,0.0015258191091145567,5,10
48,0.55,5,10,0.8618457261747372,0.8444394391641137,0.002965547978480398,0.979803477023805,0.003511853948242764,0.0016784351343905434,5,10
48,0.6,5,10,0.8492867558501143,0.8309361747694396,0.0021364355935679087,0.9783929503736271,0.0025711187675283324,0.0011926204547323405,5,10
48,0.65,5,10,0.836727785525491,0.8181785997610097,0.0016717099450775103,0.9778312778834853,0.0020432090812028294,0.0008121666719199449,5,10
48,0.7,5,10,0.8241688152008679,0.805895864999559,0.0033307786332436194,0.9778286318721543,0.004133013678194567,0.0019440997105945267,5,10
48,0.8,5,10,0.8011026472012979,0.7800323931739628,0.004576414103586983,0.9736984341507978,0.0058669539158053285,0.0024515891677717506,5,10
48,1.0,5,10,0.7559863668765168,0.7340307899226465,0.011020744493034721,0.9709577078161034,0.015014008464408023,0.005387510334451062,5,10
49,0.4,5,10,0.8858325149124576,0.869321404549009,0.0011620586633941628,0.9813609118140347,0.0013367422650740108,0.0006659690497667458,5,10
49,0.5,5,10,0.8606904078482399,0.8419778678953378,0.0014518251356143012,0.9782586865355172,0.0017243032043625765,0.0008319887086842837,5,10
49,0.55,5,10,0.8481193543161311,0.828306099568502,0.0015967086987222973,0.9766386008681465,0.0019276795131100534,0.0009149985381430303,5,10
49,0.6,5,10,0.8355483007840221,0.8146343312416665,0.0017415924072874695,0.9749697659336614,0.0021378824099310086,0.0009980083676017326,5,10
49,0.65,5,10,0.8229772472519132,0.8009625629148307,0.0018864762277960492,0.9732499477833756,0.0023552614256162744,0.0010810181970605016,5,10
49,0.7,5,10,0.8104061937198044,0.7872907945879952,0.002031360136295352,0.9714767738561964,0.0025801903823331287,0.0011640280265192704,5,10
49,0.8,5,10,0.7852640866555866,0.7599472579343238,0.0023211281513579613,0.9677601087946269,0.0030543279512149483,0.0013300476854367638,5,10
49,1.0,5,10,0.7349798725271509,0.7052601846269813,0.0029006646967348563,0.959563943162169,0.00411290011822948,0.0016620870032717505,5,10
5,0.4,5,10,0.8885644668214674,0.8741252545672797,0.0006371118315382383,0.9837499553568252,0.0007288564518749996,0.00039238000830812416,5,10
5,0.5,5,10,0.8607064838321147,0.84265858234035,0.0007958175893126157,0.9790312936746912,0.000944412845238411,0.0004899732906033627,5,10
5,0.55,5,10,0.8467774923374384,0.8269252462268852,0.0008751708713281552,0.9765555340213955,0.0010583433935792944,0.0005387699317509931,5,10
5,0.6,5,10,0.832848500842762,0.8111919101134202,0.0009545243327263615,0.9739969625839184,0.0011766936045909293,0.0005875665728986235,5,10
5,0.65,5,10,0.8189195093480857,0.7954585739999553,0.0010338779322026628,0.9713513537285162,0.001299725675221298,0.0006363632140462538,5,10
5,0.7,5,10,0.8049905178534094,0.7797252378864904,0.0011132316402294997,0.9686141893518305,0.0014277229800166607,0.0006851598551938842,5,10
5,0.8,5,10,0.7771325348640565,0.7482585656595606,0.001271939300667858,0.9628455020100956,0.001699866007610208,0.000782753137489145,5,10
5,1.0,5,10,0.726212326114227,0.6863962095586333,0.001203061867942073,0.9451728989941008,0.001752722190461492,0.0005871894966362312,5,10
50,0.4,5,10,0.9229461524940799,0.8947398833825304,0.001402364935719579,0.9694388789255716,0.0015673437182860243,0.0007412818407498856,5,10
50,0.5,5,10,0.9036851997012931,0.8684262433327337,0.0017534812182862882,0.9609831428242777,0.0020191481219602545,0.000926898675163601,5,10
50,0.55,5,10,0.8940547233048998,0.8552694233078354,0.0019290393683521426,0.9566186509773212,0.0022554756615656858,0.001019707092370492,5,10
50,0.6,5,10,0.8844242469085064,0.8421126032829369,0.0021045975223193208,0.9521591094166976,0.0024991877738376614,0.001112515509577361,5,10
50,0.65,5,10,0.8747937705121129,0.8289557832580388,0.0022801556792867313,0.9476013789773101,0.002750636071715493,0.0012053239267842298,5,10
50,0.7,5,10,0.8651632941157196,0.8157989632331404,0.0024557138386109285,0.9429421807208842,0.003010194851043382,0.0012981323439911208,5,10
50,0.8,5,10,0.8459023413229328,0.789777115758291,0.002398562685267267,0.9336504666994232,0.0030370121359674087,0.0011919566034575223,5,10
50,1.0,5,10,0.8073804357373595,0.7382889920286007,0.0023209027237089,0.9144251697829915,0.0031436236335201785,0.0013117137754822482,5,10
6,0.4,5,10,0.9312677481435081,0.9136737079038181,0.0021935812959746875,0.9811074309458651,0.002400836619242637,0.0012348450714271485,5,10
6,0.5,5,10,0.9140853151617018,0.8920925589309047,0.002742047128917804,0.9759401492770874,0.003073724919535153,0.001543618100927402,5,10
6,0.55,5,10,0.9054940986707987,0.8813019844444477,0.0030162800462539196,0.973282968644563,0.003422527237534036,0.0016980046156775286,5,10
6,0.6,5,10,0.8969028821798958,0.8705114099579913,0.0032905129639742643,0.9705748830266206,0.003779976834689687,0.0018523911304276553,5,10
6,0.65,5,10,0.8883116656889927,0.8597208354715343,0.0035647458819901513,0.9678144154559957,0.004146399313487595,0.0020067776451777597,5,10
6,0.7,5,10,0.8797204491980896,0.8489302609850775,0.003838978800238274,0.9650000312700712,0.004522136831102732,0.0021611641599279087,5,10
6,0.8,5,10,0.8625380162162835,0.8273491120121639,0.00438744463725697,0.9592030686850377,0.005303014862234438,0.0024699371894281617,5,10
6,1.0,5,10,0.828173150252671,0.7841868140663368,0.005484376312652761,0.9468875123844401,0.006993711465529464,0.0030874832484286464,5,10
7,0.4,5,10,0.9283200991050803,0.9076873818695322,0.006244586738631523,0.9777741349611644,0.00687966679207302,0.00361976549125389,5,10
7,0.5,5,10,0.910400886169176,0.8846099779335092,0.00780559608004678,0.9716708225711522,0.008823771237897432,0.00452469145151011,5,10
7,0.55,5,10,0.9014412797012239,0.8730712759654974,0.00858610075453186,0.9685281732991754,0.009834364032921376,0.00497715443163822,5,10
7,0.6,5,10,0.8924816732332719,0.8615325739974858,0.009366605430695863,0.9653224260351879,0.010872027028804132,0.00542961741176633,5,10
7,0.65,5,10,0.8835220667653196,0.8499938720294743,0.010147110108151386,0.9620516611898602,0.01193786266237873,0.005882080391894462,5,10
7,0.7,5,10,0.8745624602973676,0.8384551700614628,0.010927614786621687,0.9587138805116016,0.013033034056931918,0.006334543372022594,5,10
7,0.8,5,10,0.8566432473614632,0.8153777661254396,0.01248862414584545,0.9518288606568428,0.015316365818005604,0.0072394693322788365,5,10
7,1.0,5,10,0.8208048214896548,0.7692229582533932,0.015610642870229504,0.9371569685194499,0.02029404180249016,0.009049321252791297,5,10
8,0.4,5,10,0.8997352106458761,0.8902656681874674,0.0015512723553046059,0.989475189648729,0.0017424825091401223,0.0008895197028340407,5,10
8,0.5,5,10,0.8828447392458119,0.8713782504355627,0.003988597216142005,0.9870118852154631,0.004577343093138124,0.0022935233861896,5,10
8,0.55,5,10,0.8743995035457799,0.8624221772586956,0.004516706178833707,0.9863022265697602,0.0052372333387698325,0.0025947827450570225,5,10
8,0.6,5,10,0.8659542678457475,0.8534813996525162,0.005017832168495808,0.9855963892593771,0.005879251932776453,0.0028807465332365556,5,10
8,0.65,5,10,0.8575090321457155,0.8445865933436132,0.005435925633431832,0.984930259253635,0.006436196923173595,0.0031207390241399847,5,10
8,0.7,5,10,0.8490637964456834,0.83569178703471,0.005854019110909127,0.9842508778881508,0.007004997777566986,0.003360731515043458,5,10
8,0.8,5,10,0.8321733250456191,0.8179021744169036,0.0066902060940824265,0.9828507473152505,0.008179714277996618,0.003840716496850316,5,10
8,1.0,5,10,0.8014152907579838,0.7885223750547492,0.0033835346833842534,0.9839123163085142,0.004290981195237897,0.001817393605277795,5,10
9,0.4,5,10,0.8911142788019702,0.877266449562072,0.001718168028520387,0.9844600972408213,0.0019585475192606416,0.0010085880774019173,5,10
9,0.5,5,10,0.8638941392920989,0.8479092115451513,0.0023629797510787143,0.981496659116074,0.002786831088640538,0.001085337142689813,5,10
9,0.55,5,10,0.8507488201590997,0.8335390240084954,0.003888884916428862,0.9797710020363168,0.004665510317354051,0.0020320194762876386,5,10
9,0.6,5,10,0.8383655106507313,0.819806087995184,0.0038942817559617375,0.9778623733684587,0.004750247421905721,0.0021246411896568953,5,10
9,0.65,5,10,0.8259822011423626,0.8066406886526373,0.006216971708369582,0.976583620733019,0.007707237926162672,0.003266286380679917,5,10
9,0.7,5,10,0.8138425231353335,0.7932316578087514,0.009101746003801698,0.9746746271659797,0.011474259649374879,0.0049817311076439715,5,10
9,0.8,5,10,0.7922825277574324,0.7692834560073605,0.00790234464465322,0.9709711233754313,0.010272344456316517,0.004179606564558136,5,10
9,1.0,5,10,0.7588283760211609,0.7220933560440879,0.009767463277679281,0.9515898177534038,0.013526593474269445,0.004615199200746134,5,10
