query_id,query_text,tau_method,rank,cve_id,title,score
1,directory traversal in backup restore endpoint,Cosine,1,CVE-2006-5677,(no title),0.824230
1,directory traversal in backup restore endpoint,Cosine,2,CVE-2025-37785,ext4: fix OOB read when checking dotdot dir,0.821781
1,directory traversal in backup restore endpoint,Cosine,3,CVE-2006-2286,(no title),0.821163
1,directory traversal in backup restore endpoint,Cosine,4,CVE-2023-41044,Partial path traversal vulnerability in Support Bundle feature of Graylog,0.820812
1,directory traversal in backup restore endpoint,Cosine,5,CVE-2025-62156,argo-workflows Zip Slip path traversal allows arbitrary file write and container configuration overwrite,0.820797
1,directory traversal in backup restore endpoint,Cosine,6,CVE-2013-2142,(no title),0.820738
1,directory traversal in backup restore endpoint,Cosine,7,CVE-2020-14004,(no title),0.819495
1,directory traversal in backup restore endpoint,Cosine,8,CVE-2025-71183,btrfs: always detect conflicting inodes when logging inode refs,0.818913
1,directory traversal in backup restore endpoint,Cosine,9,CVE-2007-1056,(no title),0.818031
1,directory traversal in backup restore endpoint,Cosine,10,CVE-2015-4684,(no title),0.817929
1,directory traversal in backup restore endpoint,Cosine,11,CVE-2021-37444,(no title),0.817368
1,directory traversal in backup restore endpoint,Cosine,12,CVE-2019-8925,(no title),0.816982
1,directory traversal in backup restore endpoint,Cosine,13,CVE-2025-45582,(no title),0.815481
1,directory traversal in backup restore endpoint,Cosine,14,CVE-2014-0358,(no title),0.814254
1,directory traversal in backup restore endpoint,Cosine,15,CVE-2026-28808,ScriptAlias CGI targets bypass directory auth in inets httpd (mod_auth vs mod_cgi path mismatch),0.813894
1,directory traversal in backup restore endpoint,Cosine,16,CVE-2021-37701,Arbitrary File Creation/Overwrite via insufficient symlink protection due to directory cache poisoning using symbolic links,0.813853
1,directory traversal in backup restore endpoint,Cosine,17,CVE-2021-35975,(no title),0.813135
1,directory traversal in backup restore endpoint,Cosine,18,CVE-2006-0512,(no title),0.812953
1,directory traversal in backup restore endpoint,Cosine,19,CVE-2023-29007,Arbitrary configuration injection via `git submodule deinit`,0.812665
1,directory traversal in backup restore endpoint,Cosine,20,CVE-2020-15843,(no title),0.812340
1,directory traversal in backup restore endpoint,Cosine,21,CVE-2018-19986,(no title),0.812057
1,directory traversal in backup restore endpoint,Cosine,22,CVE-2025-37741,jfs: Prevent copying of nlink with value 0 from disk inode,0.811561
1,directory traversal in backup restore endpoint,Cosine,23,CVE-2025-14740,Docker Desktop for Windows Incorrect Permission Assignment Privilege Escalation Vulnerabilities,0.811521
1,directory traversal in backup restore endpoint,Cosine,24,CVE-2024-53087,drm/xe: Fix possible exec queue leak in exec IOCTL,0.811125
1,directory traversal in backup restore endpoint,Cosine,25,CVE-2020-26880,(no title),0.810646
1,directory traversal in backup restore endpoint,Hybrid,1,CVE-2006-5677,(no title),0.865124
1,directory traversal in backup restore endpoint,Hybrid,2,CVE-2006-2286,(no title),0.864034
1,directory traversal in backup restore endpoint,Hybrid,3,CVE-2026-28808,ScriptAlias CGI targets bypass directory auth in inets httpd (mod_auth vs mod_cgi path mismatch),0.859709
1,directory traversal in backup restore endpoint,Hybrid,4,CVE-2013-6987,(no title),0.859044
1,directory traversal in backup restore endpoint,Hybrid,5,CVE-2024-56549,cachefiles: Fix NULL pointer dereference in object->file,0.856638
1,directory traversal in backup restore endpoint,Hybrid,6,CVE-2013-6456,(no title),0.855171
1,directory traversal in backup restore endpoint,Hybrid,7,CVE-2022-35899,(no title),0.854452
1,directory traversal in backup restore endpoint,Hybrid,8,CVE-2024-39469,nilfs2: fix nilfs_empty_dir() misjudgment and long loop on I/O errors,0.851964
1,directory traversal in backup restore endpoint,Hybrid,9,CVE-2021-27692,(no title),0.850184
1,directory traversal in backup restore endpoint,Hybrid,10,CVE-2026-24516,(no title),0.849522
1,directory traversal in backup restore endpoint,Hybrid,11,CVE-2022-39959,(no title),0.849488
1,directory traversal in backup restore endpoint,Hybrid,12,CVE-2020-26880,(no title),0.849471
1,directory traversal in backup restore endpoint,Hybrid,13,CVE-2025-67366,(no title),0.847386
1,directory traversal in backup restore endpoint,Hybrid,14,CVE-2024-36056,(no title),0.846538
1,directory traversal in backup restore endpoint,Hybrid,15,CVE-2009-3556,(no title),0.846392
1,directory traversal in backup restore endpoint,Hybrid,16,CVE-2023-54202,drm/i915: fix race condition UAF in i915_perf_add_config_ioctl,0.845783
1,directory traversal in backup restore endpoint,Hybrid,17,CVE-2022-50878,gpu: lontium-lt9611: Fix NULL pointer dereference in lt9611_connector_init(),0.845052
1,directory traversal in backup restore endpoint,Hybrid,18,CVE-2009-5081,(no title),0.844823
1,directory traversal in backup restore endpoint,Hybrid,19,CVE-2025-37785,ext4: fix OOB read when checking dotdot dir,0.844803
1,directory traversal in backup restore endpoint,Hybrid,20,CVE-2009-3163,(no title),0.844764
1,directory traversal in backup restore endpoint,Hybrid,21,CVE-2023-41044,Partial path traversal vulnerability in Support Bundle feature of Graylog,0.844056
1,directory traversal in backup restore endpoint,Hybrid,22,CVE-2025-62156,argo-workflows Zip Slip path traversal allows arbitrary file write and container configuration overwrite,0.844049
1,directory traversal in backup restore endpoint,Hybrid,23,CVE-2022-47631,(no title),0.843902
1,directory traversal in backup restore endpoint,Hybrid,24,CVE-2008-4728,(no title),0.843881
1,directory traversal in backup restore endpoint,Hybrid,25,CVE-2008-7262,(no title),0.843876
1,directory traversal in backup restore endpoint,Taumode,1,CVE-2013-6987,(no title),0.916129
1,directory traversal in backup restore endpoint,Taumode,2,CVE-2022-35899,(no title),0.912488
1,directory traversal in backup restore endpoint,Taumode,3,CVE-2024-39469,nilfs2: fix nilfs_empty_dir() misjudgment and long loop on I/O errors,0.911616
1,directory traversal in backup restore endpoint,Taumode,4,CVE-2013-6456,(no title),0.910816
1,directory traversal in backup restore endpoint,Taumode,5,CVE-2006-2286,(no title),0.909967
1,directory traversal in backup restore endpoint,Taumode,6,CVE-2009-5081,(no title),0.909378
1,directory traversal in backup restore endpoint,Taumode,7,CVE-2024-36056,(no title),0.909324
1,directory traversal in backup restore endpoint,Taumode,8,CVE-2006-5677,(no title),0.908938
1,directory traversal in backup restore endpoint,Taumode,9,CVE-2026-28808,ScriptAlias CGI targets bypass directory auth in inets httpd (mod_auth vs mod_cgi path mismatch),0.908796
1,directory traversal in backup restore endpoint,Taumode,10,CVE-2008-7262,(no title),0.908529
1,directory traversal in backup restore endpoint,Taumode,11,CVE-2022-50878,gpu: lontium-lt9611: Fix NULL pointer dereference in lt9611_connector_init(),0.908034
1,directory traversal in backup restore endpoint,Taumode,12,CVE-2025-38625,vfio/pds: Fix missing detach_ioas op,0.908016
1,directory traversal in backup restore endpoint,Taumode,13,CVE-2020-13164,(no title),0.907803
1,directory traversal in backup restore endpoint,Taumode,14,CVE-2024-56549,cachefiles: Fix NULL pointer dereference in object->file,0.907296
1,directory traversal in backup restore endpoint,Taumode,15,CVE-2009-3556,(no title),0.907046
1,directory traversal in backup restore endpoint,Taumode,16,CVE-2021-27692,(no title),0.906124
1,directory traversal in backup restore endpoint,Taumode,17,CVE-2026-31611,ksmbd: require 3 sub-authorities before reading sub_auth[2],0.905971
1,directory traversal in backup restore endpoint,Taumode,18,CVE-2011-0959,(no title),0.905939
1,directory traversal in backup restore endpoint,Taumode,19,CVE-2019-0071,"Junos OS: EX2300, EX3400 Series: Veriexec signature checking not enforced in specific versions of Junos OS",0.905837
1,directory traversal in backup restore endpoint,Taumode,20,CVE-2024-35857,icmp: prevent possible NULL dereferences from icmp_build_probe(),0.905583
1,directory traversal in backup restore endpoint,Taumode,21,CVE-2007-0274,(no title),0.905117
1,directory traversal in backup restore endpoint,Taumode,22,CVE-2008-4155,(no title),0.904659
1,directory traversal in backup restore endpoint,Taumode,23,CVE-2009-3304,(no title),0.904406
1,directory traversal in backup restore endpoint,Taumode,24,CVE-2022-25412,(no title),0.904220
1,directory traversal in backup restore endpoint,Taumode,25,CVE-2025-22094,powerpc/perf: Fix ref-counting on the PMU 'vpa_pmu',0.904033
2,improper signature verification in software update channel,Cosine,1,CVE-2019-1010304,(no title),0.866094
2,improper signature verification in software update channel,Cosine,2,CVE-2026-24516,(no title),0.864798
2,improper signature verification in software update channel,Cosine,3,CVE-2026-33726,Cilium L7 proxy may bypass Kubernetes NetworkPolicy for same-node traffic,0.855278
2,improper signature verification in software update channel,Cosine,4,CVE-2021-35975,(no title),0.854485
2,improper signature verification in software update channel,Cosine,5,CVE-2024-36105,dbt allows Binding to an Unrestricted IP Address via socketsocket,0.852153
2,improper signature verification in software update channel,Cosine,6,CVE-2025-34234,Vasion Print (formerly PrinterLogic) Hardcoded Encryption Private Keys,0.851025
2,improper signature verification in software update channel,Cosine,7,CVE-2025-62603,FastDDS has Out-of-memory while parsing GenericMessage when DDS Security is enabled,0.847858
2,improper signature verification in software update channel,Cosine,8,CVE-2014-2225,(no title),0.847369
2,improper signature verification in software update channel,Cosine,9,CVE-2023-35165,AWS CDK EKS overly permissive trust policies,0.846951
2,improper signature verification in software update channel,Cosine,10,CVE-2021-32635,Action Commands (run/shell/exec) Against Library URIs Ignore Configured Remote Endpoint,0.846795
2,improper signature verification in software update channel,Cosine,11,CVE-2026-23990,Flux Operator Web UI Impersonation Bypass via Empty OIDC Claims,0.846405
2,improper signature verification in software update channel,Cosine,12,CVE-2026-40566,FreeScout vulnerable to SSRF via IMAP/SMTP Connection Test Endpoints,0.846113
2,improper signature verification in software update channel,Cosine,13,CVE-2023-53103,bonding: restore bond's IFF_SLAVE flag if a non-eth dev enslave fails,0.845514
2,improper signature verification in software update channel,Cosine,14,CVE-2022-23653,B2 Command Line Tool TOCTOU application key disclosure ,0.845278
2,improper signature verification in software update channel,Cosine,15,CVE-2021-41090,Instance config inline secret exposure,0.844614
2,improper signature verification in software update channel,Cosine,16,CVE-2022-25223,(no title),0.843804
2,improper signature verification in software update channel,Cosine,17,CVE-2024-29737,Apache StreamPark (incubating): maven build params could trigger remote command execution,0.843770
2,improper signature verification in software update channel,Cosine,18,CVE-2025-40362,ceph: fix multifs mds auth caps issue,0.843360
2,improper signature verification in software update channel,Cosine,19,CVE-2025-30162,East-west traffic not subject to egress policy enforcement for requests via Gateway API load balancers,0.843232
2,improper signature verification in software update channel,Cosine,20,CVE-2025-66002,Local users can perform arbitrary unmounts via smb4k mount helper due to lack of input validation,0.843047
2,improper signature verification in software update channel,Cosine,21,CVE-2023-22958,(no title),0.842994
2,improper signature verification in software update channel,Cosine,22,CVE-2022-50255,tracing: Fix reading strings from synthetic events,0.842775
2,improper signature verification in software update channel,Cosine,23,CVE-2023-52137,GitHub Action tj-actions/verify-changed-files is vulnerable to command injection in output filenames,0.842460
2,improper signature verification in software update channel,Cosine,24,CVE-2023-39903,(no title),0.842453
2,improper signature verification in software update channel,Cosine,25,CVE-2026-40569,FreeScout's Mass Assignment in Mailbox Connection Settings Enables Silent Email Exfiltration,0.841920
2,improper signature verification in software update channel,Hybrid,1,CVE-2024-48569,(no title),0.878586
2,improper signature verification in software update channel,Hybrid,2,CVE-2021-41090,Instance config inline secret exposure,0.866817
2,improper signature verification in software update channel,Hybrid,3,CVE-2007-2891,(no title),0.865954
2,improper signature verification in software update channel,Hybrid,4,CVE-2017-17662,(no title),0.864190
2,improper signature verification in software update channel,Hybrid,5,CVE-2012-2090,(no title),0.863489
2,improper signature verification in software update channel,Hybrid,6,CVE-2011-4544,(no title),0.862844
2,improper signature verification in software update channel,Hybrid,7,CVE-2021-37306,(no title),0.861850
2,improper signature verification in software update channel,Hybrid,8,CVE-2007-6548,(no title),0.859477
2,improper signature verification in software update channel,Hybrid,9,CVE-2013-7190,(no title),0.858304
2,improper signature verification in software update channel,Hybrid,10,CVE-2021-39412,(no title),0.857867
2,improper signature verification in software update channel,Hybrid,11,CVE-2012-3469,(no title),0.857235
2,improper signature verification in software update channel,Hybrid,12,CVE-2024-26645,tracing: Ensure visibility when inserting an element into tracing_map,0.856350
2,improper signature verification in software update channel,Hybrid,13,CVE-2014-2027,(no title),0.853473
2,improper signature verification in software update channel,Hybrid,14,CVE-2018-10642,(no title),0.853426
2,improper signature verification in software update channel,Hybrid,15,CVE-2026-23189,ceph: fix NULL pointer dereference in ceph_mds_auth_match(),0.852759
2,improper signature verification in software update channel,Hybrid,16,CVE-2019-14969,(no title),0.852374
2,improper signature verification in software update channel,Hybrid,17,CVE-2006-2768,(no title),0.852357
2,improper signature verification in software update channel,Hybrid,18,CVE-2023-53664,OPP: Fix potential null ptr dereference in dev_pm_opp_get_required_pstate(),0.852047
2,improper signature verification in software update channel,Hybrid,19,CVE-2011-0434,(no title),0.850864
2,improper signature verification in software update channel,Hybrid,20,CVE-2008-0645,(no title),0.850715
2,improper signature verification in software update channel,Hybrid,21,CVE-2012-1259,(no title),0.850560
2,improper signature verification in software update channel,Hybrid,22,CVE-2026-40566,FreeScout vulnerable to SSRF via IMAP/SMTP Connection Test Endpoints,0.849687
2,improper signature verification in software update channel,Hybrid,23,CVE-2013-4386,(no title),0.849521
2,improper signature verification in software update channel,Hybrid,24,CVE-2000-0723,(no title),0.849343
2,improper signature verification in software update channel,Hybrid,25,CVE-2010-3209,(no title),0.849339
2,improper signature verification in software update channel,Taumode,1,CVE-2024-48569,(no title),0.929110
2,improper signature verification in software update channel,Taumode,2,CVE-2007-2891,(no title),0.920055
2,improper signature verification in software update channel,Taumode,3,CVE-2017-17662,(no title),0.918650
2,improper signature verification in software update channel,Taumode,4,CVE-2011-4544,(no title),0.912154
2,improper signature verification in software update channel,Taumode,5,CVE-2013-7190,(no title),0.911932
2,improper signature verification in software update channel,Taumode,6,CVE-2012-5693,(no title),0.911543
2,improper signature verification in software update channel,Taumode,7,CVE-2000-0723,(no title),0.911023
2,improper signature verification in software update channel,Taumode,8,CVE-2012-2090,(no title),0.910959
2,improper signature verification in software update channel,Taumode,9,CVE-2019-14969,(no title),0.909550
2,improper signature verification in software update channel,Taumode,10,CVE-2021-39412,(no title),0.909445
2,improper signature verification in software update channel,Taumode,11,CVE-2021-37306,(no title),0.909334
2,improper signature verification in software update channel,Taumode,12,CVE-2026-23189,ceph: fix NULL pointer dereference in ceph_mds_auth_match(),0.908658
2,improper signature verification in software update channel,Taumode,13,CVE-2012-1259,(no title),0.908490
2,improper signature verification in software update channel,Taumode,14,CVE-2023-33592,(no title),0.907958
2,improper signature verification in software update channel,Taumode,15,CVE-2005-4427,(no title),0.907820
2,improper signature verification in software update channel,Taumode,16,CVE-2012-1152,(no title),0.907274
2,improper signature verification in software update channel,Taumode,17,CVE-2012-2054,(no title),0.906796
2,improper signature verification in software update channel,Taumode,18,CVE-2013-4386,(no title),0.906146
2,improper signature verification in software update channel,Taumode,19,CVE-2011-5287,(no title),0.904828
2,improper signature verification in software update channel,Taumode,20,CVE-2013-7189,(no title),0.903959
2,improper signature verification in software update channel,Taumode,21,CVE-2022-23882,(no title),0.902761
2,improper signature verification in software update channel,Taumode,22,CVE-2014-2027,(no title),0.902452
2,improper signature verification in software update channel,Taumode,23,CVE-2018-10642,(no title),0.901810
2,improper signature verification in software update channel,Taumode,24,CVE-2006-7052,(no title),0.901518
2,improper signature verification in software update channel,Taumode,25,CVE-2011-0434,(no title),0.901137
3,stack-based buffer overflow in DHCP client,Cosine,1,CVE-2025-20286,ISE on AWS Static Credential,0.835500
3,stack-based buffer overflow in DHCP client,Cosine,2,CVE-2015-6420,(no title),0.825448
3,stack-based buffer overflow in DHCP client,Cosine,3,CVE-2018-0238,(no title),0.823058
3,stack-based buffer overflow in DHCP client,Cosine,4,CVE-2024-10125,Lack of JWT issuer and signer validation,0.820358
3,stack-based buffer overflow in DHCP client,Cosine,5,CVE-2008-3081,(no title),0.819729
3,stack-based buffer overflow in DHCP client,Cosine,6,CVE-2021-30648,(no title),0.819645
3,stack-based buffer overflow in DHCP client,Cosine,7,CVE-2008-6573,(no title),0.815832
3,stack-based buffer overflow in DHCP client,Cosine,8,CVE-2008-6706,(no title),0.815763
3,stack-based buffer overflow in DHCP client,Cosine,9,CVE-2020-21524,(no title),0.815651
3,stack-based buffer overflow in DHCP client,Cosine,10,CVE-2019-5537,(no title),0.814666
3,stack-based buffer overflow in DHCP client,Cosine,11,CVE-2017-6147,(no title),0.814123
3,stack-based buffer overflow in DHCP client,Cosine,12,CVE-2018-12182,(no title),0.814078
3,stack-based buffer overflow in DHCP client,Cosine,13,CVE-2019-14688,(no title),0.813972
3,stack-based buffer overflow in DHCP client,Cosine,14,CVE-2015-7494,(no title),0.812510
3,stack-based buffer overflow in DHCP client,Cosine,15,CVE-2019-7225,(no title),0.811876
3,stack-based buffer overflow in DHCP client,Cosine,16,CVE-2023-29927,(no title),0.811786
3,stack-based buffer overflow in DHCP client,Cosine,17,CVE-2019-5538,(no title),0.811464
3,stack-based buffer overflow in DHCP client,Cosine,18,CVE-2026-25963,Fleet: Authorization Bypass in certificate template batch deletion for team administrators,0.810514
3,stack-based buffer overflow in DHCP client,Cosine,19,CVE-2022-23083,(no title),0.809889
3,stack-based buffer overflow in DHCP client,Cosine,20,CVE-2023-20889,(no title),0.809267
3,stack-based buffer overflow in DHCP client,Cosine,21,CVE-2024-37293,aws-deployment-framework's potential risk can lead to privilege escalation,0.809118
3,stack-based buffer overflow in DHCP client,Cosine,22,CVE-2010-0184,(no title),0.808416
3,stack-based buffer overflow in DHCP client,Cosine,23,CVE-2023-20888,(no title),0.808033
3,stack-based buffer overflow in DHCP client,Cosine,24,CVE-2021-26988,(no title),0.807396
3,stack-based buffer overflow in DHCP client,Cosine,25,CVE-2022-29597,(no title),0.806621
3,stack-based buffer overflow in DHCP client,Hybrid,1,CVE-2025-20286,ISE on AWS Static Credential,0.881495
3,stack-based buffer overflow in DHCP client,Hybrid,2,CVE-2015-6420,(no title),0.874159
3,stack-based buffer overflow in DHCP client,Hybrid,3,CVE-2018-0238,(no title),0.872529
3,stack-based buffer overflow in DHCP client,Hybrid,4,CVE-2024-10125,Lack of JWT issuer and signer validation,0.870566
3,stack-based buffer overflow in DHCP client,Hybrid,5,CVE-2008-3081,(no title),0.870135
3,stack-based buffer overflow in DHCP client,Hybrid,6,CVE-2021-30648,(no title),0.870017
3,stack-based buffer overflow in DHCP client,Hybrid,7,CVE-2008-6573,(no title),0.867235
3,stack-based buffer overflow in DHCP client,Hybrid,8,CVE-2020-21524,(no title),0.867217
3,stack-based buffer overflow in DHCP client,Hybrid,9,CVE-2008-6706,(no title),0.867212
3,stack-based buffer overflow in DHCP client,Hybrid,10,CVE-2019-5537,(no title),0.866473
3,stack-based buffer overflow in DHCP client,Hybrid,11,CVE-2017-6147,(no title),0.866162
3,stack-based buffer overflow in DHCP client,Hybrid,12,CVE-2018-12182,(no title),0.865983
3,stack-based buffer overflow in DHCP client,Hybrid,13,CVE-2019-14688,(no title),0.865893
3,stack-based buffer overflow in DHCP client,Hybrid,14,CVE-2015-7494,(no title),0.864860
3,stack-based buffer overflow in DHCP client,Hybrid,15,CVE-2019-7225,(no title),0.864409
3,stack-based buffer overflow in DHCP client,Hybrid,16,CVE-2023-29927,(no title),0.864354
3,stack-based buffer overflow in DHCP client,Hybrid,17,CVE-2019-5538,(no title),0.864172
3,stack-based buffer overflow in DHCP client,Hybrid,18,CVE-2026-25963,Fleet: Authorization Bypass in certificate template batch deletion for team administrators,0.863430
3,stack-based buffer overflow in DHCP client,Hybrid,19,CVE-2022-23083,(no title),0.863003
3,stack-based buffer overflow in DHCP client,Hybrid,20,CVE-2023-20889,(no title),0.862627
3,stack-based buffer overflow in DHCP client,Hybrid,21,CVE-2024-37293,aws-deployment-framework's potential risk can lead to privilege escalation,0.862495
3,stack-based buffer overflow in DHCP client,Hybrid,22,CVE-2010-0184,(no title),0.861975
3,stack-based buffer overflow in DHCP client,Hybrid,23,CVE-2023-20888,(no title),0.861693
3,stack-based buffer overflow in DHCP client,Hybrid,24,CVE-2021-26988,(no title),0.861258
3,stack-based buffer overflow in DHCP client,Hybrid,25,CVE-2022-29597,(no title),0.860663
3,stack-based buffer overflow in DHCP client,Taumode,1,CVE-2025-20286,ISE on AWS Static Credential,0.930777
3,stack-based buffer overflow in DHCP client,Taumode,2,CVE-2015-6420,(no title),0.926350
3,stack-based buffer overflow in DHCP client,Taumode,3,CVE-2018-0238,(no title),0.925535
3,stack-based buffer overflow in DHCP client,Taumode,4,CVE-2024-10125,Lack of JWT issuer and signer validation,0.924361
3,stack-based buffer overflow in DHCP client,Taumode,5,CVE-2008-3081,(no title),0.924140
3,stack-based buffer overflow in DHCP client,Taumode,6,CVE-2021-30648,(no title),0.923985
3,stack-based buffer overflow in DHCP client,Taumode,7,CVE-2020-21524,(no title),0.922467
3,stack-based buffer overflow in DHCP client,Taumode,8,CVE-2008-6706,(no title),0.922336
3,stack-based buffer overflow in DHCP client,Taumode,9,CVE-2008-6573,(no title),0.922309
3,stack-based buffer overflow in DHCP client,Taumode,10,CVE-2019-5537,(no title),0.921980
3,stack-based buffer overflow in DHCP client,Taumode,11,CVE-2017-6147,(no title),0.921918
3,stack-based buffer overflow in DHCP client,Taumode,12,CVE-2018-12182,(no title),0.921595
3,stack-based buffer overflow in DHCP client,Taumode,13,CVE-2019-14688,(no title),0.921524
3,stack-based buffer overflow in DHCP client,Taumode,14,CVE-2015-7494,(no title),0.920949
3,stack-based buffer overflow in DHCP client,Taumode,15,CVE-2019-7225,(no title),0.920695
3,stack-based buffer overflow in DHCP client,Taumode,16,CVE-2023-29927,(no title),0.920677
3,stack-based buffer overflow in DHCP client,Taumode,17,CVE-2019-5538,(no title),0.920646
3,stack-based buffer overflow in DHCP client,Taumode,18,CVE-2026-25963,Fleet: Authorization Bypass in certificate template batch deletion for team administrators,0.920125
3,stack-based buffer overflow in DHCP client,Taumode,19,CVE-2022-23083,(no title),0.919912
3,stack-based buffer overflow in DHCP client,Taumode,20,CVE-2023-20889,(no title),0.919799
3,stack-based buffer overflow in DHCP client,Taumode,21,CVE-2024-37293,aws-deployment-framework's potential risk can lead to privilege escalation,0.919685
3,stack-based buffer overflow in DHCP client,Taumode,22,CVE-2010-0184,(no title),0.919359
3,stack-based buffer overflow in DHCP client,Taumode,23,CVE-2023-20888,(no title),0.919186
3,stack-based buffer overflow in DHCP client,Taumode,24,CVE-2021-26988,(no title),0.918967
3,stack-based buffer overflow in DHCP client,Taumode,25,CVE-2009-0115,(no title),0.918629
4,local privilege escalation via race condition in kernel,Cosine,1,CVE-2026-24516,(no title),0.885193
4,local privilege escalation via race condition in kernel,Cosine,2,CVE-2022-23653,B2 Command Line Tool TOCTOU application key disclosure ,0.874691
4,local privilege escalation via race condition in kernel,Cosine,3,CVE-2025-34234,Vasion Print (formerly PrinterLogic) Hardcoded Encryption Private Keys,0.872922
4,local privilege escalation via race condition in kernel,Cosine,4,CVE-2026-26224,Intego Log Reporter TOCTOU Local Privilege Escalation,0.872101
4,local privilege escalation via race condition in kernel,Cosine,5,CVE-2022-30314,(no title),0.871550
4,local privilege escalation via race condition in kernel,Cosine,6,CVE-2025-14740,Docker Desktop for Windows Incorrect Permission Assignment Privilege Escalation Vulnerabilities,0.870973
4,local privilege escalation via race condition in kernel,Cosine,7,CVE-2025-62156,argo-workflows Zip Slip path traversal allows arbitrary file write and container configuration overwrite,0.870369
4,local privilege escalation via race condition in kernel,Cosine,8,CVE-2025-15576,Jail chroot escape via fd exchange with a different jail,0.866421
4,local privilege escalation via race condition in kernel,Cosine,9,CVE-2023-37264,Pipelines do not validate child UIDs,0.866282
4,local privilege escalation via race condition in kernel,Cosine,10,CVE-2024-50106,nfsd: fix race between laundromat and free_stateid,0.865853
4,local privilege escalation via race condition in kernel,Cosine,11,CVE-2025-24376,The kubewarden-controller AdmissionPolicy and AdmissionPolicyGroup policies can be used to alter PolicyReport resources,0.865716
4,local privilege escalation via race condition in kernel,Cosine,12,CVE-2021-39155,Authorization Policy Bypass Due to Case Insensitive Host Comparison,0.865533
4,local privilege escalation via race condition in kernel,Cosine,13,CVE-2022-30316,(no title),0.864897
4,local privilege escalation via race condition in kernel,Cosine,14,CVE-2023-50260,Wazuh's vulnerability in host_deny AR script allows arbitrary command execution,0.864848
4,local privilege escalation via race condition in kernel,Cosine,15,CVE-2024-55642,block: Prevent potential deadlocks in zone write plug error recovery,0.864796
4,local privilege escalation via race condition in kernel,Cosine,16,CVE-2017-1000411,(no title),0.864014
4,local privilege escalation via race condition in kernel,Cosine,17,CVE-2023-39903,(no title),0.863781
4,local privilege escalation via race condition in kernel,Cosine,18,CVE-2021-41090,Instance config inline secret exposure,0.863362
4,local privilege escalation via race condition in kernel,Cosine,19,CVE-2026-24046,Backstage has a Possible Symlink Path Traversal in Scaffolder Actions,0.863039
4,local privilege escalation via race condition in kernel,Cosine,20,CVE-2018-6597,(no title),0.862918
4,local privilege escalation via race condition in kernel,Cosine,21,CVE-2026-29054,"Traefik: lowercase `Connection` tokens can delete traefik-managed forwarded identity headers (for example, `X-Real-Ip`)",0.862673
4,local privilege escalation via race condition in kernel,Cosine,22,CVE-2023-24827,Credential disclosure in syft when SYFT_ATTEST_PASSWORD environment variable set in syft,0.862452
4,local privilege escalation via race condition in kernel,Cosine,23,CVE-2026-32146,Improper Path Validation in Git Dependency Handling Allows Arbitrary File System Modification,0.862423
4,local privilege escalation via race condition in kernel,Cosine,24,CVE-2025-21739,scsi: ufs: core: Fix use-after free in init error and remove paths,0.862394
4,local privilege escalation via race condition in kernel,Cosine,25,CVE-2025-45582,(no title),0.862110
4,local privilege escalation via race condition in kernel,Hybrid,1,CVE-2022-23653,B2 Command Line Tool TOCTOU application key disclosure ,0.909730
4,local privilege escalation via race condition in kernel,Hybrid,2,CVE-2025-34234,Vasion Print (formerly PrinterLogic) Hardcoded Encryption Private Keys,0.908320
4,local privilege escalation via race condition in kernel,Hybrid,3,CVE-2026-26224,Intego Log Reporter TOCTOU Local Privilege Escalation,0.907792
4,local privilege escalation via race condition in kernel,Hybrid,4,CVE-2022-30314,(no title),0.907411
4,local privilege escalation via race condition in kernel,Hybrid,5,CVE-2025-14740,Docker Desktop for Windows Incorrect Permission Assignment Privilege Escalation Vulnerabilities,0.907029
4,local privilege escalation via race condition in kernel,Hybrid,6,CVE-2025-62156,argo-workflows Zip Slip path traversal allows arbitrary file write and container configuration overwrite,0.906637
4,local privilege escalation via race condition in kernel,Hybrid,7,CVE-2025-15576,Jail chroot escape via fd exchange with a different jail,0.903809
4,local privilege escalation via race condition in kernel,Hybrid,8,CVE-2023-37264,Pipelines do not validate child UIDs,0.903648
4,local privilege escalation via race condition in kernel,Hybrid,9,CVE-2024-50106,nfsd: fix race between laundromat and free_stateid,0.903376
4,local privilege escalation via race condition in kernel,Hybrid,10,CVE-2025-24376,The kubewarden-controller AdmissionPolicy and AdmissionPolicyGroup policies can be used to alter PolicyReport resources,0.903313
4,local privilege escalation via race condition in kernel,Hybrid,11,CVE-2021-39155,Authorization Policy Bypass Due to Case Insensitive Host Comparison,0.903108
4,local privilege escalation via race condition in kernel,Hybrid,12,CVE-2024-55642,block: Prevent potential deadlocks in zone write plug error recovery,0.902639
4,local privilege escalation via race condition in kernel,Hybrid,13,CVE-2023-50260,Wazuh's vulnerability in host_deny AR script allows arbitrary command execution,0.902634
4,local privilege escalation via race condition in kernel,Hybrid,14,CVE-2022-30316,(no title),0.902613
4,local privilege escalation via race condition in kernel,Hybrid,15,CVE-2017-1000411,(no title),0.902059
4,local privilege escalation via race condition in kernel,Hybrid,16,CVE-2023-39903,(no title),0.901907
4,local privilege escalation via race condition in kernel,Hybrid,17,CVE-2026-24046,Backstage has a Possible Symlink Path Traversal in Scaffolder Actions,0.901303
4,local privilege escalation via race condition in kernel,Hybrid,18,CVE-2018-6597,(no title),0.901274
4,local privilege escalation via race condition in kernel,Hybrid,19,CVE-2026-29054,"Traefik: lowercase `Connection` tokens can delete traefik-managed forwarded identity headers (for example, `X-Real-Ip`)",0.901045
4,local privilege escalation via race condition in kernel,Hybrid,20,CVE-2026-32146,Improper Path Validation in Git Dependency Handling Allows Arbitrary File System Modification,0.900933
4,local privilege escalation via race condition in kernel,Hybrid,21,CVE-2025-21739,scsi: ufs: core: Fix use-after free in init error and remove paths,0.900876
4,local privilege escalation via race condition in kernel,Hybrid,22,CVE-2025-45582,(no title),0.900702
4,local privilege escalation via race condition in kernel,Hybrid,23,CVE-2026-24516,(no title),0.900695
4,local privilege escalation via race condition in kernel,Hybrid,24,CVE-2024-46916,(no title),0.900511
4,local privilege escalation via race condition in kernel,Hybrid,25,CVE-2021-32635,Action Commands (run/shell/exec) Against Library URIs Ignore Configured Remote Endpoint,0.900238
4,local privilege escalation via race condition in kernel,Taumode,1,CVE-2022-23653,B2 Command Line Tool TOCTOU application key disclosure ,0.947273
4,local privilege escalation via race condition in kernel,Taumode,2,CVE-2025-34234,Vasion Print (formerly PrinterLogic) Hardcoded Encryption Private Keys,0.946246
4,local privilege escalation via race condition in kernel,Taumode,3,CVE-2026-26224,Intego Log Reporter TOCTOU Local Privilege Escalation,0.946032
4,local privilege escalation via race condition in kernel,Taumode,4,CVE-2022-30314,(no title),0.945833
4,local privilege escalation via race condition in kernel,Taumode,5,CVE-2025-14740,Docker Desktop for Windows Incorrect Permission Assignment Privilege Escalation Vulnerabilities,0.945660
4,local privilege escalation via race condition in kernel,Taumode,6,CVE-2025-62156,argo-workflows Zip Slip path traversal allows arbitrary file write and container configuration overwrite,0.945496
4,local privilege escalation via race condition in kernel,Taumode,7,CVE-2025-15576,Jail chroot escape via fd exchange with a different jail,0.943867
4,local privilege escalation via race condition in kernel,Taumode,8,CVE-2023-37264,Pipelines do not validate child UIDs,0.943682
4,local privilege escalation via race condition in kernel,Taumode,9,CVE-2025-24376,The kubewarden-controller AdmissionPolicy and AdmissionPolicyGroup policies can be used to alter PolicyReport resources,0.943594
4,local privilege escalation via race condition in kernel,Taumode,10,CVE-2024-50106,nfsd: fix race between laundromat and free_stateid,0.943580
4,local privilege escalation via race condition in kernel,Taumode,11,CVE-2021-39155,Authorization Policy Bypass Due to Case Insensitive Host Comparison,0.943367
4,local privilege escalation via race condition in kernel,Taumode,12,CVE-2024-55642,block: Prevent potential deadlocks in zone write plug error recovery,0.943186
4,local privilege escalation via race condition in kernel,Taumode,13,CVE-2023-50260,Wazuh's vulnerability in host_deny AR script allows arbitrary command execution,0.943119
4,local privilege escalation via race condition in kernel,Taumode,14,CVE-2022-30316,(no title),0.943022
4,local privilege escalation via race condition in kernel,Taumode,15,CVE-2017-1000411,(no title),0.942823
4,local privilege escalation via race condition in kernel,Taumode,16,CVE-2023-39903,(no title),0.942755
4,local privilege escalation via race condition in kernel,Taumode,17,CVE-2018-6597,(no title),0.942370
4,local privilege escalation via race condition in kernel,Taumode,18,CVE-2026-24046,Backstage has a Possible Symlink Path Traversal in Scaffolder Actions,0.942301
4,local privilege escalation via race condition in kernel,Taumode,19,CVE-2026-32146,Improper Path Validation in Git Dependency Handling Allows Arbitrary File System Modification,0.942193
4,local privilege escalation via race condition in kernel,Taumode,20,CVE-2026-29054,"Traefik: lowercase `Connection` tokens can delete traefik-managed forwarded identity headers (for example, `X-Real-Ip`)",0.942158
4,local privilege escalation via race condition in kernel,Taumode,21,CVE-2025-21739,scsi: ufs: core: Fix use-after free in init error and remove paths,0.942106
4,local privilege escalation via race condition in kernel,Taumode,22,CVE-2025-45582,(no title),0.942050
4,local privilege escalation via race condition in kernel,Taumode,23,CVE-2024-46916,(no title),0.941909
4,local privilege escalation via race condition in kernel,Taumode,24,CVE-2021-32635,Action Commands (run/shell/exec) Against Library URIs Ignore Configured Remote Endpoint,0.941748
4,local privilege escalation via race condition in kernel,Taumode,25,CVE-2021-35975,(no title),0.941499
5,stored cross-site scripting XSS in user profile page,Cosine,1,CVE-2021-44877,(no title),0.848096
5,stored cross-site scripting XSS in user profile page,Cosine,2,CVE-2008-3081,(no title),0.846037
5,stored cross-site scripting XSS in user profile page,Cosine,3,CVE-2020-21524,(no title),0.840079
5,stored cross-site scripting XSS in user profile page,Cosine,4,CVE-2022-31662,(no title),0.839233
5,stored cross-site scripting XSS in user profile page,Cosine,5,CVE-2006-0732,(no title),0.837986
5,stored cross-site scripting XSS in user profile page,Cosine,6,CVE-2019-20437,(no title),0.836804
5,stored cross-site scripting XSS in user profile page,Cosine,7,CVE-2019-1003037,(no title),0.836687
5,stored cross-site scripting XSS in user profile page,Cosine,8,CVE-2023-1203,(no title),0.836655
5,stored cross-site scripting XSS in user profile page,Cosine,9,CVE-2018-20091,(no title),0.834275
5,stored cross-site scripting XSS in user profile page,Cosine,10,CVE-2022-22959,(no title),0.834001
5,stored cross-site scripting XSS in user profile page,Cosine,11,CVE-2026-4317,SQL inyection in Umami Software application,0.833956
5,stored cross-site scripting XSS in user profile page,Cosine,12,CVE-2024-37293,aws-deployment-framework's potential risk can lead to privilege escalation,0.833533
5,stored cross-site scripting XSS in user profile page,Cosine,13,CVE-2024-10125,Lack of JWT issuer and signer validation,0.833426
5,stored cross-site scripting XSS in user profile page,Cosine,14,CVE-2025-53663,(no title),0.833246
5,stored cross-site scripting XSS in user profile page,Cosine,15,CVE-2026-29597,(no title),0.833168
5,stored cross-site scripting XSS in user profile page,Cosine,16,CVE-2022-22954,(no title),0.832167
5,stored cross-site scripting XSS in user profile page,Cosine,17,CVE-2008-6706,(no title),0.831217
5,stored cross-site scripting XSS in user profile page,Cosine,18,CVE-2026-30573,(no title),0.830947
5,stored cross-site scripting XSS in user profile page,Cosine,19,CVE-2023-7307,Sangfor Behavior Management System XML External Entity Injection,0.830890
5,stored cross-site scripting XSS in user profile page,Cosine,20,CVE-2016-9554,(no title),0.830580
5,stored cross-site scripting XSS in user profile page,Cosine,21,CVE-2024-45037,AWS CDK RestApi not generating authorizationScope correctly in resultant CFN template,0.830454
5,stored cross-site scripting XSS in user profile page,Cosine,22,CVE-2022-23083,(no title),0.830443
5,stored cross-site scripting XSS in user profile page,Cosine,23,CVE-2021-44874,(no title),0.830191
5,stored cross-site scripting XSS in user profile page,Cosine,24,CVE-2024-7835,Reflected XSS in Exnet Informatics Software's Ferry Reservation System,0.830012
5,stored cross-site scripting XSS in user profile page,Cosine,25,CVE-2021-41744,(no title),0.829893
5,stored cross-site scripting XSS in user profile page,Hybrid,1,CVE-2012-3469,(no title),0.858845
5,stored cross-site scripting XSS in user profile page,Hybrid,2,CVE-2019-1003067,(no title),0.857696
5,stored cross-site scripting XSS in user profile page,Hybrid,3,CVE-2006-2768,(no title),0.855044
5,stored cross-site scripting XSS in user profile page,Hybrid,4,CVE-2006-3172,(no title),0.852447
5,stored cross-site scripting XSS in user profile page,Hybrid,5,CVE-2015-0010,(no title),0.850351
5,stored cross-site scripting XSS in user profile page,Hybrid,6,CVE-2023-7307,Sangfor Behavior Management System XML External Entity Injection,0.850346
5,stored cross-site scripting XSS in user profile page,Hybrid,7,CVE-2008-0567,(no title),0.846934
5,stored cross-site scripting XSS in user profile page,Hybrid,8,CVE-2012-5367,(no title),0.845120
5,stored cross-site scripting XSS in user profile page,Hybrid,9,CVE-2009-4465,(no title),0.844420
5,stored cross-site scripting XSS in user profile page,Hybrid,10,CVE-2014-9229,(no title),0.843539
5,stored cross-site scripting XSS in user profile page,Hybrid,11,CVE-2006-0581,(no title),0.842781
5,stored cross-site scripting XSS in user profile page,Hybrid,12,CVE-2008-6777,(no title),0.841495
5,stored cross-site scripting XSS in user profile page,Hybrid,13,CVE-2014-3119,(no title),0.841200
5,stored cross-site scripting XSS in user profile page,Hybrid,14,CVE-2024-7873,Stored XSS in Veribilim Software's Veribase Order Management,0.840709
5,stored cross-site scripting XSS in user profile page,Hybrid,15,CVE-2012-3791,(no title),0.839699
5,stored cross-site scripting XSS in user profile page,Hybrid,16,CVE-2024-7248,Comodo Internet Security Pro Directory Traversal Local Privilege Escalation Vulnerability,0.839308
5,stored cross-site scripting XSS in user profile page,Hybrid,17,CVE-2010-3209,(no title),0.839013
5,stored cross-site scripting XSS in user profile page,Hybrid,18,CVE-2012-5900,(no title),0.838807
5,stored cross-site scripting XSS in user profile page,Hybrid,19,CVE-2009-3754,(no title),0.837951
5,stored cross-site scripting XSS in user profile page,Hybrid,20,CVE-2014-7137,(no title),0.837908
5,stored cross-site scripting XSS in user profile page,Hybrid,21,CVE-2012-2054,(no title),0.837816
5,stored cross-site scripting XSS in user profile page,Hybrid,22,CVE-2019-0996,Azure DevOps Server Spoofing Vulnerability,0.837374
5,stored cross-site scripting XSS in user profile page,Hybrid,23,CVE-2021-26837,(no title),0.837340
5,stored cross-site scripting XSS in user profile page,Hybrid,24,CVE-2006-3009,(no title),0.836976
5,stored cross-site scripting XSS in user profile page,Hybrid,25,CVE-2006-2864,(no title),0.836480
5,stored cross-site scripting XSS in user profile page,Taumode,1,CVE-2019-1003067,(no title),0.912318
5,stored cross-site scripting XSS in user profile page,Taumode,2,CVE-2015-0010,(no title),0.911280
5,stored cross-site scripting XSS in user profile page,Taumode,3,CVE-2006-2768,(no title),0.907814
5,stored cross-site scripting XSS in user profile page,Taumode,4,CVE-2014-3119,(no title),0.907057
5,stored cross-site scripting XSS in user profile page,Taumode,5,CVE-2009-4465,(no title),0.906135
5,stored cross-site scripting XSS in user profile page,Taumode,6,CVE-2006-0581,(no title),0.905369
5,stored cross-site scripting XSS in user profile page,Taumode,7,CVE-2014-7137,(no title),0.904875
5,stored cross-site scripting XSS in user profile page,Taumode,8,CVE-2012-3469,(no title),0.904653
5,stored cross-site scripting XSS in user profile page,Taumode,9,CVE-2006-3172,(no title),0.903880
5,stored cross-site scripting XSS in user profile page,Taumode,10,CVE-2014-9229,(no title),0.903155
5,stored cross-site scripting XSS in user profile page,Taumode,11,CVE-2024-7248,Comodo Internet Security Pro Directory Traversal Local Privilege Escalation Vulnerability,0.902387
5,stored cross-site scripting XSS in user profile page,Taumode,12,CVE-2024-7873,Stored XSS in Veribilim Software's Veribase Order Management,0.902271
5,stored cross-site scripting XSS in user profile page,Taumode,13,CVE-2019-0996,Azure DevOps Server Spoofing Vulnerability,0.900979
5,stored cross-site scripting XSS in user profile page,Taumode,14,CVE-2006-5928,(no title),0.900874
5,stored cross-site scripting XSS in user profile page,Taumode,15,CVE-2021-26837,(no title),0.900567
5,stored cross-site scripting XSS in user profile page,Taumode,16,CVE-2009-3754,(no title),0.900274
5,stored cross-site scripting XSS in user profile page,Taumode,17,CVE-2024-12038,Frontend Content Forms for User Submissions (UGC) <= 2.8.15 - Authenticated (Contributor+) Stored Cross-Site Scripting via 'buddyforms_nav' Shortcode,0.899673
5,stored cross-site scripting XSS in user profile page,Taumode,18,CVE-2017-9276,XSS Vulnerability in iManager,0.899376
5,stored cross-site scripting XSS in user profile page,Taumode,19,CVE-2013-3527,(no title),0.898843
5,stored cross-site scripting XSS in user profile page,Taumode,20,CVE-2012-1897,(no title),0.898832
5,stored cross-site scripting XSS in user profile page,Taumode,21,CVE-2006-6478,(no title),0.898589
5,stored cross-site scripting XSS in user profile page,Taumode,22,CVE-2010-3209,(no title),0.898244
5,stored cross-site scripting XSS in user profile page,Taumode,23,CVE-2012-5367,(no title),0.898217
5,stored cross-site scripting XSS in user profile page,Taumode,24,CVE-2006-2864,(no title),0.897509
5,stored cross-site scripting XSS in user profile page,Taumode,25,CVE-2008-5060,(no title),0.897456
6,heap buffer overflow in image processing library,Cosine,1,CVE-2019-5105,(no title),0.847253
6,heap buffer overflow in image processing library,Cosine,2,CVE-2021-47366,afs: Fix corruption in reads at fpos 2G-4G from an OpenAFS server,0.843996
6,heap buffer overflow in image processing library,Cosine,3,CVE-2022-49659,"can: m_can: m_can_{read_fifo,echo_tx_event}(): shift timestamp to full 32 bits",0.841496
6,heap buffer overflow in image processing library,Cosine,4,CVE-2006-5143,(no title),0.840431
6,heap buffer overflow in image processing library,Cosine,5,CVE-2023-43744,(no title),0.838890
6,heap buffer overflow in image processing library,Cosine,6,CVE-2025-37973,wifi: cfg80211: fix out-of-bounds access during multi-link element defragmentation,0.838608
6,heap buffer overflow in image processing library,Cosine,7,CVE-2023-25005,(no title),0.836795
6,heap buffer overflow in image processing library,Cosine,8,CVE-2017-1000112,(no title),0.836664
6,heap buffer overflow in image processing library,Cosine,9,CVE-2019-9012,(no title),0.835959
6,heap buffer overflow in image processing library,Cosine,10,CVE-2006-5478,(no title),0.835720
6,heap buffer overflow in image processing library,Cosine,11,CVE-2021-22976,(no title),0.835190
6,heap buffer overflow in image processing library,Cosine,12,CVE-2019-9013,(no title),0.834994
6,heap buffer overflow in image processing library,Cosine,13,CVE-2015-4555,(no title),0.834807
6,heap buffer overflow in image processing library,Cosine,14,CVE-2009-0397,(no title),0.834579
6,heap buffer overflow in image processing library,Cosine,15,CVE-2023-52760,gfs2: Fix slab-use-after-free in gfs2_qd_dealloc,0.834540
6,heap buffer overflow in image processing library,Cosine,16,CVE-2025-71140,media: mediatek: vcodec: Use spinlock for context list protection lock,0.834250
6,heap buffer overflow in image processing library,Cosine,17,CVE-2024-50041,i40e: Fix macvlan leak by synchronizing access to mac_filter_hash,0.834062
6,heap buffer overflow in image processing library,Cosine,18,CVE-2025-68254,staging: rtl8723bs: fix out-of-bounds read in OnBeacon ESR IE parsing,0.833821
6,heap buffer overflow in image processing library,Cosine,19,CVE-2024-50045,netfilter: br_netfilter: fix panic with metadata_dst skb,0.833423
6,heap buffer overflow in image processing library,Cosine,20,CVE-2025-37797,net_sched: hfsc: Fix a UAF vulnerability in class handling,0.832901
6,heap buffer overflow in image processing library,Cosine,21,CVE-2025-32024,bep/imagemeta allows excessively large EXIF data structures,0.832759
6,heap buffer overflow in image processing library,Cosine,22,CVE-2025-40270,"mm, swap: fix potential UAF issue for VMA readahead",0.832703
6,heap buffer overflow in image processing library,Cosine,23,CVE-2024-39472,xfs: fix log recovery buffer allocation for the legacy h_size fixup,0.832655
6,heap buffer overflow in image processing library,Cosine,24,CVE-2002-1125,(no title),0.832298
6,heap buffer overflow in image processing library,Cosine,25,CVE-2026-41564,CryptX versions before 0.088 for Perl do not reseed the Crypt::PK PRNG state after forking,0.832177
6,heap buffer overflow in image processing library,Hybrid,1,CVE-2019-5105,(no title),0.889987
6,heap buffer overflow in image processing library,Hybrid,2,CVE-2021-47366,afs: Fix corruption in reads at fpos 2G-4G from an OpenAFS server,0.887668
6,heap buffer overflow in image processing library,Hybrid,3,CVE-2022-49659,"can: m_can: m_can_{read_fifo,echo_tx_event}(): shift timestamp to full 32 bits",0.885863
6,heap buffer overflow in image processing library,Hybrid,4,CVE-2006-5143,(no title),0.884995
6,heap buffer overflow in image processing library,Hybrid,5,CVE-2023-43744,(no title),0.883972
6,heap buffer overflow in image processing library,Hybrid,6,CVE-2025-37973,wifi: cfg80211: fix out-of-bounds access during multi-link element defragmentation,0.883763
6,heap buffer overflow in image processing library,Hybrid,7,CVE-2023-25005,(no title),0.882463
6,heap buffer overflow in image processing library,Hybrid,8,CVE-2017-1000112,(no title),0.882363
6,heap buffer overflow in image processing library,Hybrid,9,CVE-2019-9012,(no title),0.881882
6,heap buffer overflow in image processing library,Hybrid,10,CVE-2006-5478,(no title),0.881706
6,heap buffer overflow in image processing library,Hybrid,11,CVE-2021-22976,(no title),0.881301
6,heap buffer overflow in image processing library,Hybrid,12,CVE-2019-9013,(no title),0.881180
6,heap buffer overflow in image processing library,Hybrid,13,CVE-2015-4555,(no title),0.881058
6,heap buffer overflow in image processing library,Hybrid,14,CVE-2023-52760,gfs2: Fix slab-use-after-free in gfs2_qd_dealloc,0.880827
6,heap buffer overflow in image processing library,Hybrid,15,CVE-2025-71140,media: mediatek: vcodec: Use spinlock for context list protection lock,0.880632
6,heap buffer overflow in image processing library,Hybrid,16,CVE-2024-50041,i40e: Fix macvlan leak by synchronizing access to mac_filter_hash,0.880499
6,heap buffer overflow in image processing library,Hybrid,17,CVE-2025-68254,staging: rtl8723bs: fix out-of-bounds read in OnBeacon ESR IE parsing,0.880326
6,heap buffer overflow in image processing library,Hybrid,18,CVE-2024-50045,netfilter: br_netfilter: fix panic with metadata_dst skb,0.880059
6,heap buffer overflow in image processing library,Hybrid,19,CVE-2025-37797,net_sched: hfsc: Fix a UAF vulnerability in class handling,0.879687
6,heap buffer overflow in image processing library,Hybrid,20,CVE-2025-32024,bep/imagemeta allows excessively large EXIF data structures,0.879510
6,heap buffer overflow in image processing library,Hybrid,21,CVE-2025-40270,"mm, swap: fix potential UAF issue for VMA readahead",0.879503
6,heap buffer overflow in image processing library,Hybrid,22,CVE-2024-39472,xfs: fix log recovery buffer allocation for the legacy h_size fixup,0.879476
6,heap buffer overflow in image processing library,Hybrid,23,CVE-2002-1125,(no title),0.879214
6,heap buffer overflow in image processing library,Hybrid,24,CVE-2026-41564,CryptX versions before 0.088 for Perl do not reseed the Crypt::PK PRNG state after forking,0.879107
6,heap buffer overflow in image processing library,Hybrid,25,CVE-2017-8367,(no title),0.878887
6,heap buffer overflow in image processing library,Taumode,1,CVE-2019-5105,(no title),0.935773
6,heap buffer overflow in image processing library,Taumode,2,CVE-2021-47366,afs: Fix corruption in reads at fpos 2G-4G from an OpenAFS server,0.934459
6,heap buffer overflow in image processing library,Taumode,3,CVE-2022-49659,"can: m_can: m_can_{read_fifo,echo_tx_event}(): shift timestamp to full 32 bits",0.933398
6,heap buffer overflow in image processing library,Taumode,4,CVE-2006-5143,(no title),0.932742
6,heap buffer overflow in image processing library,Taumode,5,CVE-2023-43744,(no title),0.932274
6,heap buffer overflow in image processing library,Taumode,6,CVE-2025-37973,wifi: cfg80211: fix out-of-bounds access during multi-link element defragmentation,0.932143
6,heap buffer overflow in image processing library,Taumode,7,CVE-2023-25005,(no title),0.931394
6,heap buffer overflow in image processing library,Taumode,8,CVE-2017-1000112,(no title),0.931325
6,heap buffer overflow in image processing library,Taumode,9,CVE-2019-9012,(no title),0.931085
6,heap buffer overflow in image processing library,Taumode,10,CVE-2006-5478,(no title),0.930976
6,heap buffer overflow in image processing library,Taumode,11,CVE-2021-22976,(no title),0.930706
6,heap buffer overflow in image processing library,Taumode,12,CVE-2019-9013,(no title),0.930665
6,heap buffer overflow in image processing library,Taumode,13,CVE-2015-4555,(no title),0.930612
6,heap buffer overflow in image processing library,Taumode,14,CVE-2023-52760,gfs2: Fix slab-use-after-free in gfs2_qd_dealloc,0.930420
6,heap buffer overflow in image processing library,Taumode,15,CVE-2025-71140,media: mediatek: vcodec: Use spinlock for context list protection lock,0.930327
6,heap buffer overflow in image processing library,Taumode,16,CVE-2024-50041,i40e: Fix macvlan leak by synchronizing access to mac_filter_hash,0.930253
6,heap buffer overflow in image processing library,Taumode,17,CVE-2025-68254,staging: rtl8723bs: fix out-of-bounds read in OnBeacon ESR IE parsing,0.930152
6,heap buffer overflow in image processing library,Taumode,18,CVE-2024-50045,netfilter: br_netfilter: fix panic with metadata_dst skb,0.930026
6,heap buffer overflow in image processing library,Taumode,19,CVE-2025-37797,net_sched: hfsc: Fix a UAF vulnerability in class handling,0.929815
6,heap buffer overflow in image processing library,Taumode,20,CVE-2025-40270,"mm, swap: fix potential UAF issue for VMA readahead",0.929645
6,heap buffer overflow in image processing library,Taumode,21,CVE-2024-39472,xfs: fix log recovery buffer allocation for the legacy h_size fixup,0.929642
6,heap buffer overflow in image processing library,Taumode,22,CVE-2025-32024,bep/imagemeta allows excessively large EXIF data structures,0.929600
6,heap buffer overflow in image processing library,Taumode,23,CVE-2002-1125,(no title),0.929482
6,heap buffer overflow in image processing library,Taumode,24,CVE-2026-41564,CryptX versions before 0.088 for Perl do not reseed the Crypt::PK PRNG state after forking,0.929390
6,heap buffer overflow in image processing library,Taumode,25,CVE-2016-10305,(no title),0.929292
7,use-after-free vulnerability in browser rendering engine,Cosine,1,CVE-2026-25125,October CMS: Environment Variable Exfiltration via INI Parser Interpolation,0.896476
7,use-after-free vulnerability in browser rendering engine,Cosine,2,CVE-2025-62427,Server-Side Request Forgery (SSRF) in Angular SSR,0.889959
7,use-after-free vulnerability in browser rendering engine,Cosine,3,CVE-2024-55950,Tabby has a TCC Bypass via Unnecessary Permissive Entitlements in Tabby,0.888914
7,use-after-free vulnerability in browser rendering engine,Cosine,4,CVE-2026-24048,Backstage has a Possible SSRF when reading from allowed URL's in `backend.reading.allow`,0.885379
7,use-after-free vulnerability in browser rendering engine,Cosine,5,CVE-2026-41325,"Kirby is vulnerable to authorization bypass during page, file and user creation via blueprint injection",0.883019
7,use-after-free vulnerability in browser rendering engine,Cosine,6,CVE-2026-24047,@backstage/cli-common has a possible `resolveSafeChildPath` Symlink Chain Bypass,0.882506
7,use-after-free vulnerability in browser rendering engine,Cosine,7,CVE-2023-38490,Kirby XML External Entity (XXE) vulnerability in the XML data handler,0.882422
7,use-after-free vulnerability in browser rendering engine,Cosine,8,CVE-2026-3335,Canto <= 3.1.1 - Missing Authorization to Unauthenticated File Upload,0.882116
7,use-after-free vulnerability in browser rendering engine,Cosine,9,CVE-2026-33454,Apache Camel: Inbound Header Filter Missing in MailHeaderFilterStrategy Allows Remote Code Execution via MIME Header Injection (CVE-2025-30177 Variant),0.881233
7,use-after-free vulnerability in browser rendering engine,Cosine,10,CVE-2025-59154,Openfire allows potential identity spoofing via unsafe CN parsing,0.880626
7,use-after-free vulnerability in browser rendering engine,Cosine,11,CVE-2016-4948,(no title),0.880109
7,use-after-free vulnerability in browser rendering engine,Cosine,12,CVE-2026-24749,Silverstripe Assets Module has a DBFile::getURL() permission bypass,0.879863
7,use-after-free vulnerability in browser rendering engine,Cosine,13,CVE-2026-41246,Contour: Lua code injection via Cookie Path Rewrite Policy,0.879548
7,use-after-free vulnerability in browser rendering engine,Cosine,14,CVE-2026-33990,Docker Model Runner OCI Registry Client Vulnerable to Server-Side Request Forgery (SSRF),0.879391
7,use-after-free vulnerability in browser rendering engine,Cosine,15,CVE-2026-24046,Backstage has a Possible Symlink Path Traversal in Scaffolder Actions,0.879369
7,use-after-free vulnerability in browser rendering engine,Cosine,16,CVE-2026-22850,Koko Analytics vulnerable to arbitrary SQL execution through unescaped analytics export/import and permissive admin SQL import,0.878598
7,use-after-free vulnerability in browser rendering engine,Cosine,17,CVE-2026-24070,Local Privilege Escalation via DYLIB Injection in Native Instruments Native Access,0.878176
7,use-after-free vulnerability in browser rendering engine,Cosine,18,CVE-2007-0056,(no title),0.877964
7,use-after-free vulnerability in browser rendering engine,Cosine,19,CVE-2006-2349,(no title),0.877870
7,use-after-free vulnerability in browser rendering engine,Cosine,20,CVE-2014-2385,(no title),0.877093
7,use-after-free vulnerability in browser rendering engine,Cosine,21,CVE-2026-32892,OS Command Injection in Chamilo LMS 1.11.36,0.877058
7,use-after-free vulnerability in browser rendering engine,Cosine,22,CVE-2016-4469,(no title),0.876925
7,use-after-free vulnerability in browser rendering engine,Cosine,23,CVE-2006-0757,(no title),0.876729
7,use-after-free vulnerability in browser rendering engine,Cosine,24,CVE-2025-63690,(no title),0.876704
7,use-after-free vulnerability in browser rendering engine,Cosine,25,CVE-2026-31823,Sylius has Authenticated Stored XSS,0.876455
7,use-after-free vulnerability in browser rendering engine,Hybrid,1,CVE-2007-0056,(no title),0.897805
7,use-after-free vulnerability in browser rendering engine,Hybrid,2,CVE-2007-0186,(no title),0.896717
7,use-after-free vulnerability in browser rendering engine,Hybrid,3,CVE-2009-2587,(no title),0.896192
7,use-after-free vulnerability in browser rendering engine,Hybrid,4,CVE-2015-2144,(no title),0.895237
7,use-after-free vulnerability in browser rendering engine,Hybrid,5,CVE-2023-50291,Apache Solr: System Property redaction logic inconsistency can lead to leaked passwords,0.894409
7,use-after-free vulnerability in browser rendering engine,Hybrid,6,CVE-2014-5104,(no title),0.894391
7,use-after-free vulnerability in browser rendering engine,Hybrid,7,CVE-2009-3017,(no title),0.893923
7,use-after-free vulnerability in browser rendering engine,Hybrid,8,CVE-2009-4571,(no title),0.893917
7,use-after-free vulnerability in browser rendering engine,Hybrid,9,CVE-2008-4356,(no title),0.893770
7,use-after-free vulnerability in browser rendering engine,Hybrid,10,CVE-2014-9619,(no title),0.892889
7,use-after-free vulnerability in browser rendering engine,Hybrid,11,CVE-2006-6268,(no title),0.892205
7,use-after-free vulnerability in browser rendering engine,Hybrid,12,CVE-2013-4753,(no title),0.891331
7,use-after-free vulnerability in browser rendering engine,Hybrid,13,CVE-2010-3303,(no title),0.890157
7,use-after-free vulnerability in browser rendering engine,Hybrid,14,CVE-2012-3468,(no title),0.889779
7,use-after-free vulnerability in browser rendering engine,Hybrid,15,CVE-2015-1394,(no title),0.889520
7,use-after-free vulnerability in browser rendering engine,Hybrid,16,CVE-2008-1606,(no title),0.889370
7,use-after-free vulnerability in browser rendering engine,Hybrid,17,CVE-2009-2218,(no title),0.889352
7,use-after-free vulnerability in browser rendering engine,Hybrid,18,CVE-2009-4250,(no title),0.888950
7,use-after-free vulnerability in browser rendering engine,Hybrid,19,CVE-2022-34199,(no title),0.888707
7,use-after-free vulnerability in browser rendering engine,Hybrid,20,CVE-2013-6267,(no title),0.888695
7,use-after-free vulnerability in browser rendering engine,Hybrid,21,CVE-2005-1823,(no title),0.887957
7,use-after-free vulnerability in browser rendering engine,Hybrid,22,CVE-2014-3111,(no title),0.887769
7,use-after-free vulnerability in browser rendering engine,Hybrid,23,CVE-2012-2436,(no title),0.887713
7,use-after-free vulnerability in browser rendering engine,Hybrid,24,CVE-2012-4278,(no title),0.887094
7,use-after-free vulnerability in browser rendering engine,Hybrid,25,CVE-2004-1937,(no title),0.887007
7,use-after-free vulnerability in browser rendering engine,Taumode,1,CVE-2009-2587,(no title),0.938520
7,use-after-free vulnerability in browser rendering engine,Taumode,2,CVE-2013-4753,(no title),0.936475
7,use-after-free vulnerability in browser rendering engine,Taumode,3,CVE-2006-6268,(no title),0.935399
7,use-after-free vulnerability in browser rendering engine,Taumode,4,CVE-2015-2144,(no title),0.935371
7,use-after-free vulnerability in browser rendering engine,Taumode,5,CVE-2008-1606,(no title),0.934804
7,use-after-free vulnerability in browser rendering engine,Taumode,6,CVE-2012-3468,(no title),0.934747
7,use-after-free vulnerability in browser rendering engine,Taumode,7,CVE-2008-4356,(no title),0.934734
7,use-after-free vulnerability in browser rendering engine,Taumode,8,CVE-2015-1394,(no title),0.934400
7,use-after-free vulnerability in browser rendering engine,Taumode,9,CVE-2022-34199,(no title),0.933312
7,use-after-free vulnerability in browser rendering engine,Taumode,10,CVE-2023-50291,Apache Solr: System Property redaction logic inconsistency can lead to leaked passwords,0.932692
7,use-after-free vulnerability in browser rendering engine,Taumode,11,CVE-2012-4278,(no title),0.931522
7,use-after-free vulnerability in browser rendering engine,Taumode,12,CVE-2012-2436,(no title),0.931489
7,use-after-free vulnerability in browser rendering engine,Taumode,13,CVE-2003-1204,(no title),0.931222
7,use-after-free vulnerability in browser rendering engine,Taumode,14,CVE-2021-21681,(no title),0.930846
7,use-after-free vulnerability in browser rendering engine,Taumode,15,CVE-2014-5104,(no title),0.930765
7,use-after-free vulnerability in browser rendering engine,Taumode,16,CVE-2004-1937,(no title),0.930545
7,use-after-free vulnerability in browser rendering engine,Taumode,17,CVE-2005-1823,(no title),0.929572
7,use-after-free vulnerability in browser rendering engine,Taumode,18,CVE-2007-6147,(no title),0.929457
7,use-after-free vulnerability in browser rendering engine,Taumode,19,CVE-2013-6267,(no title),0.929332
7,use-after-free vulnerability in browser rendering engine,Taumode,20,CVE-2007-2358,(no title),0.929263
7,use-after-free vulnerability in browser rendering engine,Taumode,21,CVE-2008-3058,(no title),0.929076
7,use-after-free vulnerability in browser rendering engine,Taumode,22,CVE-2005-1292,(no title),0.928901
7,use-after-free vulnerability in browser rendering engine,Taumode,23,CVE-2018-8805,(no title),0.928765
7,use-after-free vulnerability in browser rendering engine,Taumode,24,CVE-2023-5243,Login screen manager <= 3.5.2 - Admin+ Stored XSS,0.928429
7,use-after-free vulnerability in browser rendering engine,Taumode,25,CVE-2019-17599,(no title),0.928406
8,improper access control in REST API DELETE method,Cosine,1,CVE-2025-45582,(no title),0.891252
8,improper access control in REST API DELETE method,Cosine,2,CVE-2025-37785,ext4: fix OOB read when checking dotdot dir,0.882748
8,improper access control in REST API DELETE method,Cosine,3,CVE-2020-14004,(no title),0.880335
8,improper access control in REST API DELETE method,Cosine,4,CVE-2024-50202,nilfs2: propagate directory read errors from nilfs_find_entry(),0.877837
8,improper access control in REST API DELETE method,Cosine,5,CVE-2026-32310,Cryptomator: Unverified masterkeyfile key IDs can access arbitrary local or UNC paths,0.875824
8,improper access control in REST API DELETE method,Cosine,6,CVE-2021-35975,(no title),0.875774
8,improper access control in REST API DELETE method,Cosine,7,CVE-2025-66002,Local users can perform arbitrary unmounts via smb4k mount helper due to lack of input validation,0.873962
8,improper access control in REST API DELETE method,Cosine,8,CVE-2018-19988,(no title),0.873713
8,improper access control in REST API DELETE method,Cosine,9,CVE-2022-50255,tracing: Fix reading strings from synthetic events,0.873565
8,improper access control in REST API DELETE method,Cosine,10,CVE-2023-29007,Arbitrary configuration injection via `git submodule deinit`,0.873337
8,improper access control in REST API DELETE method,Cosine,11,CVE-2014-0358,(no title),0.873294
8,improper access control in REST API DELETE method,Cosine,12,CVE-2018-19986,(no title),0.872904
8,improper access control in REST API DELETE method,Cosine,13,CVE-2025-40362,ceph: fix multifs mds auth caps issue,0.872813
8,improper access control in REST API DELETE method,Cosine,14,CVE-2023-4759,Improper handling of case insensitive filesystems in Eclipse JGit allows arbitrary file write,0.872388
8,improper access control in REST API DELETE method,Cosine,15,CVE-2021-37713,Arbitrary File Creation/Overwrite on Windows via insufficient relative path sanitization,0.871985
8,improper access control in REST API DELETE method,Cosine,16,CVE-2026-31886,Dagu has a Path Traversal via `dagRunId` in Inline DAG Execution,0.871534
8,improper access control in REST API DELETE method,Cosine,17,CVE-2008-1606,(no title),0.871295
8,improper access control in REST API DELETE method,Cosine,18,CVE-2021-38085,(no title),0.871196
8,improper access control in REST API DELETE method,Cosine,19,CVE-2025-62156,argo-workflows Zip Slip path traversal allows arbitrary file write and container configuration overwrite,0.870909
8,improper access control in REST API DELETE method,Cosine,20,CVE-2026-32146,Improper Path Validation in Git Dependency Handling Allows Arbitrary File System Modification,0.870761
8,improper access control in REST API DELETE method,Cosine,21,CVE-2015-4684,(no title),0.870600
8,improper access control in REST API DELETE method,Cosine,22,CVE-2019-9745,(no title),0.869786
8,improper access control in REST API DELETE method,Cosine,23,CVE-2025-62511,yt-grabber-tui local arbitrary file overwrite via TOCTOU race in config file creation,0.869241
8,improper access control in REST API DELETE method,Cosine,24,CVE-2025-70328,(no title),0.869019
8,improper access control in REST API DELETE method,Cosine,25,CVE-2020-27386,(no title),0.868923
8,improper access control in REST API DELETE method,Hybrid,1,CVE-2006-2864,(no title),0.894982
8,improper access control in REST API DELETE method,Hybrid,2,CVE-2010-3209,(no title),0.888343
8,improper access control in REST API DELETE method,Hybrid,3,CVE-2006-4423,(no title),0.883772
8,improper access control in REST API DELETE method,Hybrid,4,CVE-2006-2768,(no title),0.881582
8,improper access control in REST API DELETE method,Hybrid,5,CVE-2017-7884,(no title),0.878672
8,improper access control in REST API DELETE method,Hybrid,6,CVE-2017-17662,(no title),0.876399
8,improper access control in REST API DELETE method,Hybrid,7,CVE-2026-30785,RustDesk Encrypts Local Passwords with World-Readable Machine ID and Fixed Zero Nonce (XSalsa20-Poly1305),0.876318
8,improper access control in REST API DELETE method,Hybrid,8,CVE-2026-23189,ceph: fix NULL pointer dereference in ceph_mds_auth_match(),0.875148
8,improper access control in REST API DELETE method,Hybrid,9,CVE-2008-5789,(no title),0.871643
8,improper access control in REST API DELETE method,Hybrid,10,CVE-2023-53791,md: fix warning for holder mismatch from export_rdev(),0.870283
8,improper access control in REST API DELETE method,Hybrid,11,CVE-2012-2090,(no title),0.869045
8,improper access control in REST API DELETE method,Hybrid,12,CVE-2018-10642,(no title),0.867356
8,improper access control in REST API DELETE method,Hybrid,13,CVE-2006-4448,(no title),0.867110
8,improper access control in REST API DELETE method,Hybrid,14,CVE-2007-6218,(no title),0.866109
8,improper access control in REST API DELETE method,Hybrid,15,CVE-2020-27992,(no title),0.866017
8,improper access control in REST API DELETE method,Hybrid,16,CVE-2025-68295,smb: client: fix memory leak in cifs_construct_tcon(),0.865778
8,improper access control in REST API DELETE method,Hybrid,17,CVE-2008-1556,(no title),0.864750
8,improper access control in REST API DELETE method,Hybrid,18,CVE-2019-9693,(no title),0.864040
8,improper access control in REST API DELETE method,Hybrid,19,CVE-2006-3172,(no title),0.863714
8,improper access control in REST API DELETE method,Hybrid,20,CVE-2019-18807,(no title),0.863324
8,improper access control in REST API DELETE method,Hybrid,21,CVE-2009-4769,(no title),0.863136
8,improper access control in REST API DELETE method,Hybrid,22,CVE-2014-3828,(no title),0.862934
8,improper access control in REST API DELETE method,Hybrid,23,CVE-2003-1246,(no title),0.862247
8,improper access control in REST API DELETE method,Hybrid,24,CVE-2019-17093,(no title),0.861611
8,improper access control in REST API DELETE method,Hybrid,25,CVE-2009-4666,(no title),0.860445
8,improper access control in REST API DELETE method,Taumode,1,CVE-2006-2864,(no title),0.937161
8,improper access control in REST API DELETE method,Taumode,2,CVE-2017-7884,(no title),0.927649
8,improper access control in REST API DELETE method,Taumode,3,CVE-2006-4423,(no title),0.925924
8,improper access control in REST API DELETE method,Taumode,4,CVE-2006-3172,(no title),0.919135
8,improper access control in REST API DELETE method,Taumode,5,CVE-2019-18807,(no title),0.918595
8,improper access control in REST API DELETE method,Taumode,6,CVE-2023-53791,md: fix warning for holder mismatch from export_rdev(),0.918340
8,improper access control in REST API DELETE method,Taumode,7,CVE-2010-3209,(no title),0.918338
8,improper access control in REST API DELETE method,Taumode,8,CVE-2008-1556,(no title),0.917447
8,improper access control in REST API DELETE method,Taumode,9,CVE-2019-17093,(no title),0.917426
8,improper access control in REST API DELETE method,Taumode,10,CVE-2020-27992,(no title),0.916154
8,improper access control in REST API DELETE method,Taumode,11,CVE-2014-3828,(no title),0.915901
8,improper access control in REST API DELETE method,Taumode,12,CVE-2006-2768,(no title),0.914612
8,improper access control in REST API DELETE method,Taumode,13,CVE-2003-1246,(no title),0.914550
8,improper access control in REST API DELETE method,Taumode,14,CVE-2026-30785,RustDesk Encrypts Local Passwords with World-Readable Machine ID and Fixed Zero Nonce (XSalsa20-Poly1305),0.912044
8,improper access control in REST API DELETE method,Taumode,15,CVE-2025-68295,smb: client: fix memory leak in cifs_construct_tcon(),0.912020
8,improper access control in REST API DELETE method,Taumode,16,CVE-2019-9693,(no title),0.911413
8,improper access control in REST API DELETE method,Taumode,17,CVE-2008-4983,(no title),0.910660
8,improper access control in REST API DELETE method,Taumode,18,CVE-2018-7170,(no title),0.909884
8,improper access control in REST API DELETE method,Taumode,19,CVE-2015-0785,(no title),0.909732
8,improper access control in REST API DELETE method,Taumode,20,CVE-2009-4465,(no title),0.909086
8,improper access control in REST API DELETE method,Taumode,21,CVE-2007-6218,(no title),0.908915
8,improper access control in REST API DELETE method,Taumode,22,CVE-2008-6655,(no title),0.908156
8,improper access control in REST API DELETE method,Taumode,23,CVE-2022-48257,(no title),0.907504
8,improper access control in REST API DELETE method,Taumode,24,CVE-2013-7043,(no title),0.907492
8,improper access control in REST API DELETE method,Taumode,25,CVE-2005-3150,(no title),0.906861
9,format string vulnerability in logging daemon,Cosine,1,CVE-2021-39208,WriteEntryToDirectory used for an archive extraction is vulnerable to partial path traversal.,0.805200
9,format string vulnerability in logging daemon,Cosine,2,CVE-2008-5518,(no title),0.799057
9,format string vulnerability in logging daemon,Cosine,3,CVE-2026-24516,(no title),0.797354
9,format string vulnerability in logging daemon,Cosine,4,CVE-2022-31159,Partial Path Traversal in com.amazonaws:aws-java-sdk-s3 ,0.796497
9,format string vulnerability in logging daemon,Cosine,5,CVE-2023-5123,Improper Path Sanitization in JSON Datasource Plugin,0.795284
9,format string vulnerability in logging daemon,Cosine,6,CVE-2025-45582,(no title),0.794713
9,format string vulnerability in logging daemon,Cosine,7,CVE-2026-23942,SFTP root escape via component-agnostic prefix check in ssh_sftpd,0.793604
9,format string vulnerability in logging daemon,Cosine,8,CVE-2026-32310,Cryptomator: Unverified masterkeyfile key IDs can access arbitrary local or UNC paths,0.789532
9,format string vulnerability in logging daemon,Cosine,9,CVE-2021-32804,Arbitrary File Creation/Overwrite due to insufficient absolute path sanitization,0.789238
9,format string vulnerability in logging daemon,Cosine,10,CVE-2023-41044,Partial path traversal vulnerability in Support Bundle feature of Graylog,0.787829
9,format string vulnerability in logging daemon,Cosine,11,CVE-2017-17662,(no title),0.785767
9,format string vulnerability in logging daemon,Cosine,12,CVE-2026-23465,btrfs: log new dentries when logging parent dir of a conflicting inode,0.784841
9,format string vulnerability in logging daemon,Cosine,13,CVE-2025-62156,argo-workflows Zip Slip path traversal allows arbitrary file write and container configuration overwrite,0.784594
9,format string vulnerability in logging daemon,Cosine,14,CVE-2024-42472,Flatpak may allow access to files outside sandbox for certain apps,0.783748
9,format string vulnerability in logging daemon,Cosine,15,CVE-2026-24047,@backstage/cli-common has a possible `resolveSafeChildPath` Symlink Chain Bypass,0.783709
9,format string vulnerability in logging daemon,Cosine,16,CVE-2012-4347,(no title),0.783377
9,format string vulnerability in logging daemon,Cosine,17,CVE-2025-27092,Path Traversal Vulnerability in GHOSTS Photo Retrieval Endpoint,0.781701
9,format string vulnerability in logging daemon,Cosine,18,CVE-2025-23203,Icinga has rest API endpoints accessible to restricted users,0.781092
9,format string vulnerability in logging daemon,Cosine,19,CVE-2022-31195,Path traversal vulnerability in Simple Archive Format package import in DSpace,0.779665
9,format string vulnerability in logging daemon,Cosine,20,CVE-2016-9554,(no title),0.778864
9,format string vulnerability in logging daemon,Cosine,21,CVE-2022-23506,Spinnaker's Rosco microservice vulnerable to improper log masking on AWS Packer builds,0.778839
9,format string vulnerability in logging daemon,Cosine,22,CVE-2026-32871,FastMCP OpenAPI Provider has an SSRF & Path Traversal Vulnerability,0.778295
9,format string vulnerability in logging daemon,Cosine,23,CVE-2026-30240,Budibase PWA ZIP Upload Path Traversal Allows Reading Arbitrary Server Files Including All Environment Secrets,0.777288
9,format string vulnerability in logging daemon,Cosine,24,CVE-2024-45229,(no title),0.776571
9,format string vulnerability in logging daemon,Cosine,25,CVE-2025-14740,Docker Desktop for Windows Incorrect Permission Assignment Privilege Escalation Vulnerabilities,0.776512
9,format string vulnerability in logging daemon,Hybrid,1,CVE-2024-42472,Flatpak may allow access to files outside sandbox for certain apps,0.836405
9,format string vulnerability in logging daemon,Hybrid,2,CVE-2025-23203,Icinga has rest API endpoints accessible to restricted users,0.834996
9,format string vulnerability in logging daemon,Hybrid,3,CVE-2026-23942,SFTP root escape via component-agnostic prefix check in ssh_sftpd,0.833124
9,format string vulnerability in logging daemon,Hybrid,4,CVE-2008-1606,(no title),0.825439
9,format string vulnerability in logging daemon,Hybrid,5,CVE-2007-1056,(no title),0.825218
9,format string vulnerability in logging daemon,Hybrid,6,CVE-2007-4636,(no title),0.819037
9,format string vulnerability in logging daemon,Hybrid,7,CVE-2026-24516,(no title),0.815743
9,format string vulnerability in logging daemon,Hybrid,8,CVE-2008-6478,(no title),0.815700
9,format string vulnerability in logging daemon,Hybrid,9,CVE-2022-38730,(no title),0.815106
9,format string vulnerability in logging daemon,Hybrid,10,CVE-2014-9619,(no title),0.813901
9,format string vulnerability in logging daemon,Hybrid,11,CVE-2007-2545,(no title),0.813870
9,format string vulnerability in logging daemon,Hybrid,12,CVE-2009-2761,(no title),0.812380
9,format string vulnerability in logging daemon,Hybrid,13,CVE-2026-40566,FreeScout vulnerable to SSRF via IMAP/SMTP Connection Test Endpoints,0.811820
9,format string vulnerability in logging daemon,Hybrid,14,CVE-2023-22809,(no title),0.811606
9,format string vulnerability in logging daemon,Hybrid,15,CVE-2023-25809,rootless: `/sys/fs/cgroup` is writable when cgroupns isn't unshared in runc,0.811474
9,format string vulnerability in logging daemon,Hybrid,16,CVE-2010-1515,(no title),0.810415
9,format string vulnerability in logging daemon,Hybrid,17,CVE-2018-19986,(no title),0.809789
9,format string vulnerability in logging daemon,Hybrid,18,CVE-2024-53354,(no title),0.809119
9,format string vulnerability in logging daemon,Hybrid,19,CVE-2025-66955,(no title),0.808997
9,format string vulnerability in logging daemon,Hybrid,20,CVE-2021-35523,(no title),0.808847
9,format string vulnerability in logging daemon,Hybrid,21,CVE-2017-17662,(no title),0.807252
9,format string vulnerability in logging daemon,Hybrid,22,CVE-2015-7391,(no title),0.807105
9,format string vulnerability in logging daemon,Hybrid,23,CVE-2005-4095,(no title),0.806834
9,format string vulnerability in logging daemon,Hybrid,24,CVE-2007-5098,(no title),0.806047
9,format string vulnerability in logging daemon,Hybrid,25,CVE-2021-39208,WriteEntryToDirectory used for an archive extraction is vulnerable to partial path traversal.,0.804813
9,format string vulnerability in logging daemon,Taumode,1,CVE-2007-1056,(no title),0.892923
9,format string vulnerability in logging daemon,Taumode,2,CVE-2024-42472,Flatpak may allow access to files outside sandbox for certain apps,0.892822
9,format string vulnerability in logging daemon,Taumode,3,CVE-2025-23203,Icinga has rest API endpoints accessible to restricted users,0.892750
9,format string vulnerability in logging daemon,Taumode,4,CVE-2014-9619,(no title),0.887193
9,format string vulnerability in logging daemon,Taumode,5,CVE-2018-19986,(no title),0.887120
9,format string vulnerability in logging daemon,Taumode,6,CVE-2009-2761,(no title),0.887106
9,format string vulnerability in logging daemon,Taumode,7,CVE-2026-40566,FreeScout vulnerable to SSRF via IMAP/SMTP Connection Test Endpoints,0.886592
9,format string vulnerability in logging daemon,Taumode,8,CVE-2007-4636,(no title),0.884607
9,format string vulnerability in logging daemon,Taumode,9,CVE-2007-2545,(no title),0.883507
9,format string vulnerability in logging daemon,Taumode,10,CVE-2008-1606,(no title),0.883412
9,format string vulnerability in logging daemon,Taumode,11,CVE-2022-38730,(no title),0.882716
9,format string vulnerability in logging daemon,Taumode,12,CVE-2016-9288,(no title),0.882285
9,format string vulnerability in logging daemon,Taumode,13,CVE-2016-4999,(no title),0.881850
9,format string vulnerability in logging daemon,Taumode,14,CVE-2026-34397,himmelblau: NSS fake-primary group lookup reintroduces name collision risk,0.881591
9,format string vulnerability in logging daemon,Taumode,15,CVE-2008-6478,(no title),0.881411
9,format string vulnerability in logging daemon,Taumode,16,CVE-2018-11479,(no title),0.880622
9,format string vulnerability in logging daemon,Taumode,17,CVE-2025-12194,(no title),0.880067
9,format string vulnerability in logging daemon,Taumode,18,CVE-2010-1515,(no title),0.879714
9,format string vulnerability in logging daemon,Taumode,19,CVE-2017-9444,(no title),0.879571
9,format string vulnerability in logging daemon,Taumode,20,CVE-2017-14239,(no title),0.879530
9,format string vulnerability in logging daemon,Taumode,21,CVE-2009-3511,(no title),0.879377
9,format string vulnerability in logging daemon,Taumode,22,CVE-2009-4045,(no title),0.879166
9,format string vulnerability in logging daemon,Taumode,23,CVE-2019-11621,(no title),0.879163
9,format string vulnerability in logging daemon,Taumode,24,CVE-2007-0056,(no title),0.879068
9,format string vulnerability in logging daemon,Taumode,25,CVE-2007-5098,(no title),0.878466
10,SQL injection in login endpoint,Cosine,1,CVE-2026-24516,(no title),0.875795
10,SQL injection in login endpoint,Cosine,2,CVE-2022-50255,tracing: Fix reading strings from synthetic events,0.862193
10,SQL injection in login endpoint,Cosine,3,CVE-2026-40569,FreeScout's Mass Assignment in Mailbox Connection Settings Enables Silent Email Exfiltration,0.857608
10,SQL injection in login endpoint,Cosine,4,CVE-2025-34234,Vasion Print (formerly PrinterLogic) Hardcoded Encryption Private Keys,0.857565
10,SQL injection in login endpoint,Cosine,5,CVE-2026-24046,Backstage has a Possible Symlink Path Traversal in Scaffolder Actions,0.856110
10,SQL injection in login endpoint,Cosine,6,CVE-2025-62156,argo-workflows Zip Slip path traversal allows arbitrary file write and container configuration overwrite,0.854114
10,SQL injection in login endpoint,Cosine,7,CVE-2022-23653,B2 Command Line Tool TOCTOU application key disclosure ,0.852717
10,SQL injection in login endpoint,Cosine,8,CVE-2026-24047,@backstage/cli-common has a possible `resolveSafeChildPath` Symlink Chain Bypass,0.852543
10,SQL injection in login endpoint,Cosine,9,CVE-2026-32310,Cryptomator: Unverified masterkeyfile key IDs can access arbitrary local or UNC paths,0.852243
10,SQL injection in login endpoint,Cosine,10,CVE-2025-40362,ceph: fix multifs mds auth caps issue,0.850655
10,SQL injection in login endpoint,Cosine,11,CVE-2023-24827,Credential disclosure in syft when SYFT_ATTEST_PASSWORD environment variable set in syft,0.849298
10,SQL injection in login endpoint,Cosine,12,CVE-2023-53103,bonding: restore bond's IFF_SLAVE flag if a non-eth dev enslave fails,0.849270
10,SQL injection in login endpoint,Cosine,13,CVE-2022-23506,Spinnaker's Rosco microservice vulnerable to improper log masking on AWS Packer builds,0.848841
10,SQL injection in login endpoint,Cosine,14,CVE-2023-35165,AWS CDK EKS overly permissive trust policies,0.848034
10,SQL injection in login endpoint,Cosine,15,CVE-2021-35975,(no title),0.847242
10,SQL injection in login endpoint,Cosine,16,CVE-2024-23805,F5 Application Visibility and Reporting module and BIG-IP Advanced WAF/ASM vulnerability,0.846643
10,SQL injection in login endpoint,Cosine,17,CVE-2021-46937,mm/damon/dbgfs: fix 'struct pid' leaks in 'dbgfs_target_ids_write()',0.846478
10,SQL injection in login endpoint,Cosine,18,CVE-2023-41044,Partial path traversal vulnerability in Support Bundle feature of Graylog,0.846356
10,SQL injection in login endpoint,Cosine,19,CVE-2025-63390,(no title),0.846252
10,SQL injection in login endpoint,Cosine,20,CVE-2026-23990,Flux Operator Web UI Impersonation Bypass via Empty OIDC Claims,0.846007
10,SQL injection in login endpoint,Cosine,21,CVE-2020-5846,(no title),0.844868
10,SQL injection in login endpoint,Cosine,22,CVE-2021-32635,Action Commands (run/shell/exec) Against Library URIs Ignore Configured Remote Endpoint,0.844323
10,SQL injection in login endpoint,Cosine,23,CVE-2026-40566,FreeScout vulnerable to SSRF via IMAP/SMTP Connection Test Endpoints,0.844107
10,SQL injection in login endpoint,Cosine,24,CVE-2025-47928,Spotipy repo vulnerable to secrets exfiltration via `pull_request_target`,0.843304
10,SQL injection in login endpoint,Cosine,25,CVE-2023-50260,Wazuh's vulnerability in host_deny AR script allows arbitrary command execution,0.843053
10,SQL injection in login endpoint,Hybrid,1,CVE-2022-50255,tracing: Fix reading strings from synthetic events,0.900748
10,SQL injection in login endpoint,Hybrid,2,CVE-2026-40569,FreeScout's Mass Assignment in Mailbox Connection Settings Enables Silent Email Exfiltration,0.897474
10,SQL injection in login endpoint,Hybrid,3,CVE-2025-34234,Vasion Print (formerly PrinterLogic) Hardcoded Encryption Private Keys,0.897295
10,SQL injection in login endpoint,Hybrid,4,CVE-2026-24046,Backstage has a Possible Symlink Path Traversal in Scaffolder Actions,0.896346
10,SQL injection in login endpoint,Hybrid,5,CVE-2025-62156,argo-workflows Zip Slip path traversal allows arbitrary file write and container configuration overwrite,0.894959
10,SQL injection in login endpoint,Hybrid,6,CVE-2026-24516,(no title),0.893960
10,SQL injection in login endpoint,Hybrid,7,CVE-2022-23653,B2 Command Line Tool TOCTOU application key disclosure ,0.893942
10,SQL injection in login endpoint,Hybrid,8,CVE-2026-24047,@backstage/cli-common has a possible `resolveSafeChildPath` Symlink Chain Bypass,0.893827
10,SQL injection in login endpoint,Hybrid,9,CVE-2026-32310,Cryptomator: Unverified masterkeyfile key IDs can access arbitrary local or UNC paths,0.893516
10,SQL injection in login endpoint,Hybrid,10,CVE-2025-40362,ceph: fix multifs mds auth caps issue,0.892438
10,SQL injection in login endpoint,Hybrid,11,CVE-2023-53103,bonding: restore bond's IFF_SLAVE flag if a non-eth dev enslave fails,0.891438
10,SQL injection in login endpoint,Hybrid,12,CVE-2022-23506,Spinnaker's Rosco microservice vulnerable to improper log masking on AWS Packer builds,0.891110
10,SQL injection in login endpoint,Hybrid,13,CVE-2023-35165,AWS CDK EKS overly permissive trust policies,0.890535
10,SQL injection in login endpoint,Hybrid,14,CVE-2021-35975,(no title),0.889984
10,SQL injection in login endpoint,Hybrid,15,CVE-2021-46937,mm/damon/dbgfs: fix 'struct pid' leaks in 'dbgfs_target_ids_write()',0.889441
10,SQL injection in login endpoint,Hybrid,16,CVE-2023-41044,Partial path traversal vulnerability in Support Bundle feature of Graylog,0.889370
10,SQL injection in login endpoint,Hybrid,17,CVE-2025-63390,(no title),0.889181
10,SQL injection in login endpoint,Hybrid,18,CVE-2026-23990,Flux Operator Web UI Impersonation Bypass via Empty OIDC Claims,0.889091
10,SQL injection in login endpoint,Hybrid,19,CVE-2020-5846,(no title),0.888273
10,SQL injection in login endpoint,Hybrid,20,CVE-2021-32635,Action Commands (run/shell/exec) Against Library URIs Ignore Configured Remote Endpoint,0.887906
10,SQL injection in login endpoint,Hybrid,21,CVE-2025-47928,Spotipy repo vulnerable to secrets exfiltration via `pull_request_target`,0.887155
10,SQL injection in login endpoint,Hybrid,22,CVE-2023-50260,Wazuh's vulnerability in host_deny AR script allows arbitrary command execution,0.886974
10,SQL injection in login endpoint,Hybrid,23,CVE-2023-34252,Grav Server-side Template Injection via Insufficient Validation in filterFilter,0.886966
10,SQL injection in login endpoint,Hybrid,24,CVE-2023-37264,Pipelines do not validate child UIDs,0.886734
10,SQL injection in login endpoint,Hybrid,25,CVE-2023-39903,(no title),0.886051
10,SQL injection in login endpoint,Taumode,1,CVE-2022-50255,tracing: Fix reading strings from synthetic events,0.942056
10,SQL injection in login endpoint,Taumode,2,CVE-2026-40569,FreeScout's Mass Assignment in Mailbox Connection Settings Enables Silent Email Exfiltration,0.940189
10,SQL injection in login endpoint,Taumode,3,CVE-2025-34234,Vasion Print (formerly PrinterLogic) Hardcoded Encryption Private Keys,0.939863
10,SQL injection in login endpoint,Taumode,4,CVE-2026-24046,Backstage has a Possible Symlink Path Traversal in Scaffolder Actions,0.939457
10,SQL injection in login endpoint,Taumode,5,CVE-2025-62156,argo-workflows Zip Slip path traversal allows arbitrary file write and container configuration overwrite,0.938721
10,SQL injection in login endpoint,Taumode,6,CVE-2022-23653,B2 Command Line Tool TOCTOU application key disclosure ,0.938111
10,SQL injection in login endpoint,Taumode,7,CVE-2026-24047,@backstage/cli-common has a possible `resolveSafeChildPath` Symlink Chain Bypass,0.938060
10,SQL injection in login endpoint,Taumode,8,CVE-2026-32310,Cryptomator: Unverified masterkeyfile key IDs can access arbitrary local or UNC paths,0.937737
10,SQL injection in login endpoint,Taumode,9,CVE-2025-40362,ceph: fix multifs mds auth caps issue,0.937204
10,SQL injection in login endpoint,Taumode,10,CVE-2023-53103,bonding: restore bond's IFF_SLAVE flag if a non-eth dev enslave fails,0.936619
10,SQL injection in login endpoint,Taumode,11,CVE-2022-23506,Spinnaker's Rosco microservice vulnerable to improper log masking on AWS Packer builds,0.936399
10,SQL injection in login endpoint,Taumode,12,CVE-2023-35165,AWS CDK EKS overly permissive trust policies,0.936070
10,SQL injection in login endpoint,Taumode,13,CVE-2021-35975,(no title),0.935780
10,SQL injection in login endpoint,Taumode,14,CVE-2021-46937,mm/damon/dbgfs: fix 'struct pid' leaks in 'dbgfs_target_ids_write()',0.935472
10,SQL injection in login endpoint,Taumode,15,CVE-2023-41044,Partial path traversal vulnerability in Support Bundle feature of Graylog,0.935455
10,SQL injection in login endpoint,Taumode,16,CVE-2026-23990,Flux Operator Web UI Impersonation Bypass via Empty OIDC Claims,0.935253
10,SQL injection in login endpoint,Taumode,17,CVE-2025-63390,(no title),0.935175
10,SQL injection in login endpoint,Taumode,18,CVE-2020-5846,(no title),0.934779
10,SQL injection in login endpoint,Taumode,19,CVE-2021-32635,Action Commands (run/shell/exec) Against Library URIs Ignore Configured Remote Endpoint,0.934601
10,SQL injection in login endpoint,Taumode,20,CVE-2025-47928,Spotipy repo vulnerable to secrets exfiltration via `pull_request_target`,0.934137
10,SQL injection in login endpoint,Taumode,21,CVE-2023-50260,Wazuh's vulnerability in host_deny AR script allows arbitrary command execution,0.934032
10,SQL injection in login endpoint,Taumode,22,CVE-2023-34252,Grav Server-side Template Injection via Insufficient Validation in filterFilter,0.934020
10,SQL injection in login endpoint,Taumode,23,CVE-2023-37264,Pipelines do not validate child UIDs,0.933864
10,SQL injection in login endpoint,Taumode,24,CVE-2023-39903,(no title),0.933506
10,SQL injection in login endpoint,Taumode,25,CVE-2023-52137,GitHub Action tj-actions/verify-changed-files is vulnerable to command injection in output filenames,0.933287
11,LDAP injection in enterprise directory search feature,Cosine,1,CVE-2025-68352,spi: ch341: fix out-of-bounds memory access in ch341_transfer_one,0.799507
11,LDAP injection in enterprise directory search feature,Cosine,2,CVE-2021-30019,(no title),0.793023
11,LDAP injection in enterprise directory search feature,Cosine,3,CVE-2020-14309,(no title),0.788648
11,LDAP injection in enterprise directory search feature,Cosine,4,CVE-2018-10540,(no title),0.787972
11,LDAP injection in enterprise directory search feature,Cosine,5,CVE-2025-59729,Heap-buffer-overflow read in FFmpeg DHAV get_duration,0.787429
11,LDAP injection in enterprise directory search feature,Cosine,6,CVE-2023-53474,x86/MCE/AMD: Use an u64 for bank_map,0.784514
11,LDAP injection in enterprise directory search feature,Cosine,7,CVE-2010-3014,(no title),0.783342
11,LDAP injection in enterprise directory search feature,Cosine,8,CVE-2017-11640,(no title),0.782572
11,LDAP injection in enterprise directory search feature,Cosine,9,CVE-2020-14937,(no title),0.781944
11,LDAP injection in enterprise directory search feature,Cosine,10,CVE-2022-28658,(no title),0.781048
11,LDAP injection in enterprise directory search feature,Cosine,11,CVE-2022-48665,exfat: fix overflow for large capacity partition,0.780232
11,LDAP injection in enterprise directory search feature,Cosine,12,CVE-2022-24795,Buffer Overflow and Integer Overflow in yajl-ruby,0.779991
11,LDAP injection in enterprise directory search feature,Cosine,13,CVE-2019-6488,(no title),0.779051
11,LDAP injection in enterprise directory search feature,Cosine,14,CVE-2023-53707,drm/amdgpu: Fix integer overflow in amdgpu_cs_pass1,0.778741
11,LDAP injection in enterprise directory search feature,Cosine,15,CVE-2018-10539,(no title),0.778653
11,LDAP injection in enterprise directory search feature,Cosine,16,CVE-2019-13238,(no title),0.778150
11,LDAP injection in enterprise directory search feature,Cosine,17,CVE-2019-17211,(no title),0.778132
11,LDAP injection in enterprise directory search feature,Cosine,18,CVE-2016-8705,(no title),0.777549
11,LDAP injection in enterprise directory search feature,Cosine,19,CVE-2021-47444,drm/edid: In connector_bad_edid() cap num_of_ext by num_blocks read,0.777464
11,LDAP injection in enterprise directory search feature,Cosine,20,CVE-2024-53425,(no title),0.777436
11,LDAP injection in enterprise directory search feature,Cosine,21,CVE-2024-34195,(no title),0.777391
11,LDAP injection in enterprise directory search feature,Cosine,22,CVE-2024-49970,drm/amd/display: Implement bounds check for stream encoder creation in DCN401,0.777357
11,LDAP injection in enterprise directory search feature,Cosine,23,CVE-2023-53786,dm flakey: fix a crash with invalid table line,0.777351
11,LDAP injection in enterprise directory search feature,Cosine,24,CVE-2017-11535,(no title),0.777136
11,LDAP injection in enterprise directory search feature,Cosine,25,CVE-2024-35807,ext4: fix corruption during on-line resize,0.776935
11,LDAP injection in enterprise directory search feature,Hybrid,1,CVE-2025-68352,spi: ch341: fix out-of-bounds memory access in ch341_transfer_one,0.855602
11,LDAP injection in enterprise directory search feature,Hybrid,2,CVE-2021-30019,(no title),0.850958
11,LDAP injection in enterprise directory search feature,Hybrid,3,CVE-2020-14309,(no title),0.847740
11,LDAP injection in enterprise directory search feature,Hybrid,4,CVE-2018-10540,(no title),0.847293
11,LDAP injection in enterprise directory search feature,Hybrid,5,CVE-2025-59729,Heap-buffer-overflow read in FFmpeg DHAV get_duration,0.846890
11,LDAP injection in enterprise directory search feature,Hybrid,6,CVE-2023-53474,x86/MCE/AMD: Use an u64 for bank_map,0.844803
11,LDAP injection in enterprise directory search feature,Hybrid,7,CVE-2010-3014,(no title),0.843912
11,LDAP injection in enterprise directory search feature,Hybrid,8,CVE-2017-11640,(no title),0.843380
11,LDAP injection in enterprise directory search feature,Hybrid,9,CVE-2020-14937,(no title),0.842927
11,LDAP injection in enterprise directory search feature,Hybrid,10,CVE-2022-28658,(no title),0.842283
11,LDAP injection in enterprise directory search feature,Hybrid,11,CVE-2022-48665,exfat: fix overflow for large capacity partition,0.841700
11,LDAP injection in enterprise directory search feature,Hybrid,12,CVE-2022-24795,Buffer Overflow and Integer Overflow in yajl-ruby,0.841558
11,LDAP injection in enterprise directory search feature,Hybrid,13,CVE-2023-53707,drm/amdgpu: Fix integer overflow in amdgpu_cs_pass1,0.840689
11,LDAP injection in enterprise directory search feature,Hybrid,14,CVE-2018-10539,(no title),0.840569
11,LDAP injection in enterprise directory search feature,Hybrid,15,CVE-2019-13238,(no title),0.840243
11,LDAP injection in enterprise directory search feature,Hybrid,16,CVE-2021-47444,drm/edid: In connector_bad_edid() cap num_of_ext by num_blocks read,0.839732
11,LDAP injection in enterprise directory search feature,Hybrid,17,CVE-2024-53425,(no title),0.839715
11,LDAP injection in enterprise directory search feature,Hybrid,18,CVE-2023-53786,dm flakey: fix a crash with invalid table line,0.839692
11,LDAP injection in enterprise directory search feature,Hybrid,19,CVE-2024-34195,(no title),0.839673
11,LDAP injection in enterprise directory search feature,Hybrid,20,CVE-2024-49970,drm/amd/display: Implement bounds check for stream encoder creation in DCN401,0.839624
11,LDAP injection in enterprise directory search feature,Hybrid,21,CVE-2017-11535,(no title),0.839478
11,LDAP injection in enterprise directory search feature,Hybrid,22,CVE-2024-35807,ext4: fix corruption during on-line resize,0.839344
11,LDAP injection in enterprise directory search feature,Hybrid,23,CVE-2021-47501,i40e: Fix NULL pointer dereference in i40e_dbg_dump_desc,0.839111
11,LDAP injection in enterprise directory search feature,Hybrid,24,CVE-2023-53320,scsi: mpi3mr: Fix issues in mpi3mr_get_all_tgt_info(),0.838720
11,LDAP injection in enterprise directory search feature,Hybrid,25,CVE-2023-52768,wifi: wilc1000: use vmm_table as array in wilc struct,0.838662
11,LDAP injection in enterprise directory search feature,Taumode,1,CVE-2025-68352,spi: ch341: fix out-of-bounds memory access in ch341_transfer_one,0.915704
11,LDAP injection in enterprise directory search feature,Taumode,2,CVE-2021-30019,(no title),0.913031
11,LDAP injection in enterprise directory search feature,Taumode,3,CVE-2020-14309,(no title),0.911053
11,LDAP injection in enterprise directory search feature,Taumode,4,CVE-2018-10540,(no title),0.910851
11,LDAP injection in enterprise directory search feature,Taumode,5,CVE-2025-59729,Heap-buffer-overflow read in FFmpeg DHAV get_duration,0.910599
11,LDAP injection in enterprise directory search feature,Taumode,6,CVE-2023-53474,x86/MCE/AMD: Use an u64 for bank_map,0.909399
11,LDAP injection in enterprise directory search feature,Taumode,7,CVE-2010-3014,(no title),0.908809
11,LDAP injection in enterprise directory search feature,Taumode,8,CVE-2017-11640,(no title),0.908530
11,LDAP injection in enterprise directory search feature,Taumode,9,CVE-2020-14937,(no title),0.908266
11,LDAP injection in enterprise directory search feature,Taumode,10,CVE-2022-28658,(no title),0.907892
11,LDAP injection in enterprise directory search feature,Taumode,11,CVE-2022-48665,exfat: fix overflow for large capacity partition,0.907559
11,LDAP injection in enterprise directory search feature,Taumode,12,CVE-2022-24795,Buffer Overflow and Integer Overflow in yajl-ruby,0.907522
11,LDAP injection in enterprise directory search feature,Taumode,13,CVE-2023-53707,drm/amdgpu: Fix integer overflow in amdgpu_cs_pass1,0.907063
11,LDAP injection in enterprise directory search feature,Taumode,14,CVE-2018-10539,(no title),0.906908
11,LDAP injection in enterprise directory search feature,Taumode,15,CVE-2019-13238,(no title),0.906772
11,LDAP injection in enterprise directory search feature,Taumode,16,CVE-2023-53786,dm flakey: fix a crash with invalid table line,0.906486
11,LDAP injection in enterprise directory search feature,Taumode,17,CVE-2021-47444,drm/edid: In connector_bad_edid() cap num_of_ext by num_blocks read,0.906448
11,LDAP injection in enterprise directory search feature,Taumode,18,CVE-2024-53425,(no title),0.906442
11,LDAP injection in enterprise directory search feature,Taumode,19,CVE-2024-34195,(no title),0.906404
11,LDAP injection in enterprise directory search feature,Taumode,20,CVE-2024-49970,drm/amd/display: Implement bounds check for stream encoder creation in DCN401,0.906340
11,LDAP injection in enterprise directory search feature,Taumode,21,CVE-2017-11535,(no title),0.906273
11,LDAP injection in enterprise directory search feature,Taumode,22,CVE-2024-35807,ext4: fix corruption during on-line resize,0.906211
11,LDAP injection in enterprise directory search feature,Taumode,23,CVE-2021-47501,i40e: Fix NULL pointer dereference in i40e_dbg_dump_desc,0.906057
11,LDAP injection in enterprise directory search feature,Taumode,24,CVE-2023-53320,scsi: mpi3mr: Fix issues in mpi3mr_get_all_tgt_info(),0.905828
11,LDAP injection in enterprise directory search feature,Taumode,25,CVE-2021-47182,scsi: core: Fix scsi_mode_sense() buffer length handling,0.905770
12,race condition in temporary file creation,Cosine,1,CVE-2025-14740,Docker Desktop for Windows Incorrect Permission Assignment Privilege Escalation Vulnerabilities,0.878949
12,race condition in temporary file creation,Cosine,2,CVE-2026-24516,(no title),0.872614
12,race condition in temporary file creation,Cosine,3,CVE-2026-32892,OS Command Injection in Chamilo LMS 1.11.36,0.870510
12,race condition in temporary file creation,Cosine,4,CVE-2025-40362,ceph: fix multifs mds auth caps issue,0.865952
12,race condition in temporary file creation,Cosine,5,CVE-2026-32310,Cryptomator: Unverified masterkeyfile key IDs can access arbitrary local or UNC paths,0.864884
12,race condition in temporary file creation,Cosine,6,CVE-2025-62156,argo-workflows Zip Slip path traversal allows arbitrary file write and container configuration overwrite,0.864463
12,race condition in temporary file creation,Cosine,7,CVE-2022-23653,B2 Command Line Tool TOCTOU application key disclosure ,0.863631
12,race condition in temporary file creation,Cosine,8,CVE-2020-5846,(no title),0.859653
12,race condition in temporary file creation,Cosine,9,CVE-2026-3335,Canto <= 3.1.1 - Missing Authorization to Unauthenticated File Upload,0.858352
12,race condition in temporary file creation,Cosine,10,CVE-2019-9745,(no title),0.857089
12,race condition in temporary file creation,Cosine,11,CVE-2025-45582,(no title),0.856933
12,race condition in temporary file creation,Cosine,12,CVE-2025-66480,Wildfire has Arbitrary File Upload via Directory Traversal in UploadFileAction,0.856807
12,race condition in temporary file creation,Cosine,13,CVE-2023-22809,(no title),0.856204
12,race condition in temporary file creation,Cosine,14,CVE-2026-24046,Backstage has a Possible Symlink Path Traversal in Scaffolder Actions,0.855610
12,race condition in temporary file creation,Cosine,15,CVE-2023-41044,Partial path traversal vulnerability in Support Bundle feature of Graylog,0.855054
12,race condition in temporary file creation,Cosine,16,CVE-2022-31195,Path traversal vulnerability in Simple Archive Format package import in DSpace,0.854015
12,race condition in temporary file creation,Cosine,17,CVE-2026-33663,n8n Vulnerable to Credential Theft via Name-Based Resolution and Permission Checker Bypass in Community Edition,0.853424
12,race condition in temporary file creation,Cosine,18,CVE-2020-6754,(no title),0.853192
12,race condition in temporary file creation,Cosine,19,CVE-2023-50260,Wazuh's vulnerability in host_deny AR script allows arbitrary command execution,0.852950
12,race condition in temporary file creation,Cosine,20,CVE-2007-0345,(no title),0.852867
12,race condition in temporary file creation,Cosine,21,CVE-2021-32635,Action Commands (run/shell/exec) Against Library URIs Ignore Configured Remote Endpoint,0.852633
12,race condition in temporary file creation,Cosine,22,CVE-2006-3935,(no title),0.852349
12,race condition in temporary file creation,Cosine,23,CVE-2022-31022,Missing Role Based Access Control for the REST handlers in bleve/http package,0.852280
12,race condition in temporary file creation,Cosine,24,CVE-2025-27092,Path Traversal Vulnerability in GHOSTS Photo Retrieval Endpoint,0.851717
12,race condition in temporary file creation,Cosine,25,CVE-2020-15843,(no title),0.851640
12,race condition in temporary file creation,Hybrid,1,CVE-2025-14740,Docker Desktop for Windows Incorrect Permission Assignment Privilege Escalation Vulnerabilities,0.912817
12,race condition in temporary file creation,Hybrid,2,CVE-2026-32892,OS Command Injection in Chamilo LMS 1.11.36,0.906760
12,race condition in temporary file creation,Hybrid,3,CVE-2025-40362,ceph: fix multifs mds auth caps issue,0.903464
12,race condition in temporary file creation,Hybrid,4,CVE-2026-32310,Cryptomator: Unverified masterkeyfile key IDs can access arbitrary local or UNC paths,0.902631
12,race condition in temporary file creation,Hybrid,5,CVE-2025-62156,argo-workflows Zip Slip path traversal allows arbitrary file write and container configuration overwrite,0.902397
12,race condition in temporary file creation,Hybrid,6,CVE-2022-23653,B2 Command Line Tool TOCTOU application key disclosure ,0.901813
12,race condition in temporary file creation,Hybrid,7,CVE-2020-5846,(no title),0.898932
12,race condition in temporary file creation,Hybrid,8,CVE-2026-3335,Canto <= 3.1.1 - Missing Authorization to Unauthenticated File Upload,0.898012
12,race condition in temporary file creation,Hybrid,9,CVE-2019-9745,(no title),0.897096
12,race condition in temporary file creation,Hybrid,10,CVE-2025-45582,(no title),0.896963
12,race condition in temporary file creation,Hybrid,11,CVE-2025-66480,Wildfire has Arbitrary File Upload via Directory Traversal in UploadFileAction,0.896890
12,race condition in temporary file creation,Hybrid,12,CVE-2026-24046,Backstage has a Possible Symlink Path Traversal in Scaffolder Actions,0.896000
12,race condition in temporary file creation,Hybrid,13,CVE-2023-41044,Partial path traversal vulnerability in Support Bundle feature of Graylog,0.895618
12,race condition in temporary file creation,Hybrid,14,CVE-2022-31195,Path traversal vulnerability in Simple Archive Format package import in DSpace,0.894882
12,race condition in temporary file creation,Hybrid,15,CVE-2026-33663,n8n Vulnerable to Credential Theft via Name-Based Resolution and Permission Checker Bypass in Community Edition,0.894410
12,race condition in temporary file creation,Hybrid,16,CVE-2020-6754,(no title),0.894297
12,race condition in temporary file creation,Hybrid,17,CVE-2023-50260,Wazuh's vulnerability in host_deny AR script allows arbitrary command execution,0.894113
12,race condition in temporary file creation,Hybrid,18,CVE-2007-0345,(no title),0.894039
12,race condition in temporary file creation,Hybrid,19,CVE-2021-32635,Action Commands (run/shell/exec) Against Library URIs Ignore Configured Remote Endpoint,0.893889
12,race condition in temporary file creation,Hybrid,20,CVE-2006-3935,(no title),0.893672
12,race condition in temporary file creation,Hybrid,21,CVE-2022-31022,Missing Role Based Access Control for the REST handlers in bleve/http package,0.893636
12,race condition in temporary file creation,Hybrid,22,CVE-2025-27092,Path Traversal Vulnerability in GHOSTS Photo Retrieval Endpoint,0.893209
12,race condition in temporary file creation,Hybrid,23,CVE-2020-15843,(no title),0.893146
12,race condition in temporary file creation,Hybrid,24,CVE-2007-6495,(no title),0.892911
12,race condition in temporary file creation,Hybrid,25,CVE-2026-24070,Local Privilege Escalation via DYLIB Injection in Native Instruments Native Access,0.892840
12,race condition in temporary file creation,Taumode,1,CVE-2025-14740,Docker Desktop for Windows Incorrect Permission Assignment Privilege Escalation Vulnerabilities,0.949104
12,race condition in temporary file creation,Taumode,2,CVE-2026-32892,OS Command Injection in Chamilo LMS 1.11.36,0.945599
12,race condition in temporary file creation,Taumode,3,CVE-2025-40362,ceph: fix multifs mds auth caps issue,0.943656
12,race condition in temporary file creation,Taumode,4,CVE-2026-32310,Cryptomator: Unverified masterkeyfile key IDs can access arbitrary local or UNC paths,0.943074
12,race condition in temporary file creation,Taumode,5,CVE-2025-62156,argo-workflows Zip Slip path traversal allows arbitrary file write and container configuration overwrite,0.943039
12,race condition in temporary file creation,Taumode,6,CVE-2022-23653,B2 Command Line Tool TOCTOU application key disclosure ,0.942722
12,race condition in temporary file creation,Taumode,7,CVE-2020-5846,(no title),0.941016
12,race condition in temporary file creation,Taumode,8,CVE-2026-3335,Canto <= 3.1.1 - Missing Authorization to Unauthenticated File Upload,0.940506
12,race condition in temporary file creation,Taumode,9,CVE-2019-9745,(no title),0.939960
12,race condition in temporary file creation,Taumode,10,CVE-2025-45582,(no title),0.939853
12,race condition in temporary file creation,Taumode,11,CVE-2025-66480,Wildfire has Arbitrary File Upload via Directory Traversal in UploadFileAction,0.939836
12,race condition in temporary file creation,Taumode,12,CVE-2026-24046,Backstage has a Possible Symlink Path Traversal in Scaffolder Actions,0.939275
12,race condition in temporary file creation,Taumode,13,CVE-2023-41044,Partial path traversal vulnerability in Support Bundle feature of Graylog,0.939080
12,race condition in temporary file creation,Taumode,14,CVE-2022-31195,Path traversal vulnerability in Simple Archive Format package import in DSpace,0.938669
12,race condition in temporary file creation,Taumode,15,CVE-2020-6754,(no title),0.938338
12,race condition in temporary file creation,Taumode,16,CVE-2026-33663,n8n Vulnerable to Credential Theft via Name-Based Resolution and Permission Checker Bypass in Community Edition,0.938324
12,race condition in temporary file creation,Taumode,17,CVE-2023-50260,Wazuh's vulnerability in host_deny AR script allows arbitrary command execution,0.938216
12,race condition in temporary file creation,Taumode,18,CVE-2007-0345,(no title),0.938152
12,race condition in temporary file creation,Taumode,19,CVE-2021-32635,Action Commands (run/shell/exec) Against Library URIs Ignore Configured Remote Endpoint,0.938092
12,race condition in temporary file creation,Taumode,20,CVE-2006-3935,(no title),0.937948
12,race condition in temporary file creation,Taumode,21,CVE-2022-31022,Missing Role Based Access Control for the REST handlers in bleve/http package,0.937946
12,race condition in temporary file creation,Taumode,22,CVE-2025-27092,Path Traversal Vulnerability in GHOSTS Photo Retrieval Endpoint,0.937665
12,race condition in temporary file creation,Taumode,23,CVE-2020-15843,(no title),0.937617
12,race condition in temporary file creation,Taumode,24,CVE-2007-6495,(no title),0.937519
12,race condition in temporary file creation,Taumode,25,CVE-2023-52137,GitHub Action tj-actions/verify-changed-files is vulnerable to command injection in output filenames,0.937448
13,improper neutralization of CRLF in mail gateway,Cosine,1,CVE-2025-37736,Elastic Cloud Enterprise Improper Authorization,0.810879
13,improper neutralization of CRLF in mail gateway,Cosine,2,CVE-2015-2878,(no title),0.799607
13,improper neutralization of CRLF in mail gateway,Cosine,3,CVE-2026-33663,n8n Vulnerable to Credential Theft via Name-Based Resolution and Permission Checker Bypass in Community Edition,0.793079
13,improper neutralization of CRLF in mail gateway,Cosine,4,CVE-2025-23203,Icinga has rest API endpoints accessible to restricted users,0.792604
13,improper neutralization of CRLF in mail gateway,Cosine,5,CVE-2026-31820,Sylius affected by IDOR in Cart and Checkout LiveComponents,0.790258
13,improper neutralization of CRLF in mail gateway,Cosine,6,CVE-2025-61876,(no title),0.789873
13,improper neutralization of CRLF in mail gateway,Cosine,7,CVE-2022-35943,SameSite may allow cross-site request forgery (CSRF) protection to be bypassed,0.789108
13,improper neutralization of CRLF in mail gateway,Cosine,8,CVE-2024-53355,(no title),0.788724
13,improper neutralization of CRLF in mail gateway,Cosine,9,CVE-2008-7092,(no title),0.788226
13,improper neutralization of CRLF in mail gateway,Cosine,10,CVE-2025-70146,(no title),0.787843
13,improper neutralization of CRLF in mail gateway,Cosine,11,CVE-2024-53354,(no title),0.785674
13,improper neutralization of CRLF in mail gateway,Cosine,12,CVE-2025-66490,Traefik doesn't Prevent Path Normalization Bypass in Router + Middleware Rules,0.784823
13,improper neutralization of CRLF in mail gateway,Cosine,13,CVE-2008-5518,(no title),0.784627
13,improper neutralization of CRLF in mail gateway,Cosine,14,CVE-2026-5234,LatePoint <= 5.3.2 - Insecure Direct Object Reference to Unauthenticated Sensitive Financial Data Exposure via Sequential Invoice ID,0.784300
13,improper neutralization of CRLF in mail gateway,Cosine,15,CVE-2026-24516,(no title),0.782631
13,improper neutralization of CRLF in mail gateway,Cosine,16,CVE-2025-41039,Stored Cross-Site Scripting vulnerability in appRain CMF,0.782337
13,improper neutralization of CRLF in mail gateway,Cosine,17,CVE-2026-1525,undici is vulnerable to Inconsistent Interpretation of HTTP Requests ('HTTP Request/Response Smuggling'),0.782027
13,improper neutralization of CRLF in mail gateway,Cosine,18,CVE-2026-40566,FreeScout vulnerable to SSRF via IMAP/SMTP Connection Test Endpoints,0.781618
13,improper neutralization of CRLF in mail gateway,Cosine,19,CVE-2007-2579,(no title),0.780563
13,improper neutralization of CRLF in mail gateway,Cosine,20,CVE-2026-3045,Appointment Booking Calendar <= 1.6.9.29 - Missing Authorization to Unauthenticated Sensitive Information Exposure via Settings REST API Endpoint,0.779812
13,improper neutralization of CRLF in mail gateway,Cosine,21,CVE-2024-53357,(no title),0.779316
13,improper neutralization of CRLF in mail gateway,Cosine,22,CVE-2025-14802,LearnPress – WordPress LMS Plugin <= 4.3.2.2 - Insecure Direct Object Reference to Authenticated (Instructor+) Teacher Material Deletion,0.779261
13,improper neutralization of CRLF in mail gateway,Cosine,23,CVE-2012-1897,(no title),0.778342
13,improper neutralization of CRLF in mail gateway,Cosine,24,CVE-2008-2043,(no title),0.778052
13,improper neutralization of CRLF in mail gateway,Cosine,25,CVE-2006-3172,(no title),0.777256
13,improper neutralization of CRLF in mail gateway,Hybrid,1,CVE-2025-23203,Icinga has rest API endpoints accessible to restricted users,0.834075
13,improper neutralization of CRLF in mail gateway,Hybrid,2,CVE-2007-6548,(no title),0.831932
13,improper neutralization of CRLF in mail gateway,Hybrid,3,CVE-2024-53354,(no title),0.831383
13,improper neutralization of CRLF in mail gateway,Hybrid,4,CVE-2016-10086,(no title),0.828912
13,improper neutralization of CRLF in mail gateway,Hybrid,5,CVE-2008-7092,(no title),0.825273
13,improper neutralization of CRLF in mail gateway,Hybrid,6,CVE-2025-41039,Stored Cross-Site Scripting vulnerability in appRain CMF,0.824721
13,improper neutralization of CRLF in mail gateway,Hybrid,7,CVE-2017-9767,(no title),0.820891
13,improper neutralization of CRLF in mail gateway,Hybrid,8,CVE-2011-5298,(no title),0.820352
13,improper neutralization of CRLF in mail gateway,Hybrid,9,CVE-2014-9606,(no title),0.820081
13,improper neutralization of CRLF in mail gateway,Hybrid,10,CVE-2007-0373,(no title),0.819568
13,improper neutralization of CRLF in mail gateway,Hybrid,11,CVE-2011-5230,(no title),0.817008
13,improper neutralization of CRLF in mail gateway,Hybrid,12,CVE-2026-40566,FreeScout vulnerable to SSRF via IMAP/SMTP Connection Test Endpoints,0.816331
13,improper neutralization of CRLF in mail gateway,Hybrid,13,CVE-2010-1515,(no title),0.815708
13,improper neutralization of CRLF in mail gateway,Hybrid,14,CVE-2011-5287,(no title),0.813386
13,improper neutralization of CRLF in mail gateway,Hybrid,15,CVE-2025-12030,ACF to REST API <= 3.3.4 - Insecure Direct Object Reference to Authenticated (Contributor+) ACF Field/Option Modification,0.813292
13,improper neutralization of CRLF in mail gateway,Hybrid,16,CVE-2015-8125,(no title),0.813113
13,improper neutralization of CRLF in mail gateway,Hybrid,17,CVE-2013-6229,(no title),0.812791
13,improper neutralization of CRLF in mail gateway,Hybrid,18,CVE-2014-10035,(no title),0.812165
13,improper neutralization of CRLF in mail gateway,Hybrid,19,CVE-2014-1671,(no title),0.812154
13,improper neutralization of CRLF in mail gateway,Hybrid,20,CVE-2026-3360,Tutor LMS <= 3.9.7 - Missing Authorization to Unauthenticated Arbitrary Billing Profile Overwrite via 'order_id' Parameter,0.811925
13,improper neutralization of CRLF in mail gateway,Hybrid,21,CVE-2025-65276,(no title),0.811545
13,improper neutralization of CRLF in mail gateway,Hybrid,22,CVE-2007-4523,(no title),0.811331
13,improper neutralization of CRLF in mail gateway,Hybrid,23,CVE-2010-4280,(no title),0.810751
13,improper neutralization of CRLF in mail gateway,Hybrid,24,CVE-2014-7864,(no title),0.810553
13,improper neutralization of CRLF in mail gateway,Hybrid,25,CVE-2022-35942,loopback-connector-postgresql Vulnerable to Improper Sanitization of `contains` Filter,0.810156
13,improper neutralization of CRLF in mail gateway,Taumode,1,CVE-2007-6548,(no title),0.900072
13,improper neutralization of CRLF in mail gateway,Taumode,2,CVE-2016-10086,(no title),0.896721
13,improper neutralization of CRLF in mail gateway,Taumode,3,CVE-2007-0373,(no title),0.888992
13,improper neutralization of CRLF in mail gateway,Taumode,4,CVE-2017-9767,(no title),0.888359
13,improper neutralization of CRLF in mail gateway,Taumode,5,CVE-2014-9606,(no title),0.887871
13,improper neutralization of CRLF in mail gateway,Taumode,6,CVE-2010-4280,(no title),0.887562
13,improper neutralization of CRLF in mail gateway,Taumode,7,CVE-2011-5230,(no title),0.886133
13,improper neutralization of CRLF in mail gateway,Taumode,8,CVE-2006-5983,(no title),0.885848
13,improper neutralization of CRLF in mail gateway,Taumode,9,CVE-2022-35942,loopback-connector-postgresql Vulnerable to Improper Sanitization of `contains` Filter,0.885811
13,improper neutralization of CRLF in mail gateway,Taumode,10,CVE-2016-1000307,(no title),0.884971
13,improper neutralization of CRLF in mail gateway,Taumode,11,CVE-2005-1291,(no title),0.884720
13,improper neutralization of CRLF in mail gateway,Taumode,12,CVE-2011-5298,(no title),0.884559
13,improper neutralization of CRLF in mail gateway,Taumode,13,CVE-2018-16448,(no title),0.884448
13,improper neutralization of CRLF in mail gateway,Taumode,14,CVE-2014-8577,(no title),0.884283
13,improper neutralization of CRLF in mail gateway,Taumode,15,CVE-2014-10035,(no title),0.884236
13,improper neutralization of CRLF in mail gateway,Taumode,16,CVE-2024-46937,(no title),0.883302
13,improper neutralization of CRLF in mail gateway,Taumode,17,CVE-2026-3532,OpenID Connect / OAuth client - Less critical - Access bypass - SA-CONTRIB-2026-027,0.882226
13,improper neutralization of CRLF in mail gateway,Taumode,18,CVE-2013-6229,(no title),0.882178
13,improper neutralization of CRLF in mail gateway,Taumode,19,CVE-2026-40581,ChurchCRM: Cross-Site Request Forgery (CSRF) in SelectDelete.php Leading to Permanent Data Deletion,0.882171
13,improper neutralization of CRLF in mail gateway,Taumode,20,CVE-2016-0710,(no title),0.882075
13,improper neutralization of CRLF in mail gateway,Taumode,21,CVE-2018-11004,(no title),0.881828
13,improper neutralization of CRLF in mail gateway,Taumode,22,CVE-2015-4600,(no title),0.881669
13,improper neutralization of CRLF in mail gateway,Taumode,23,CVE-2002-0639,(no title),0.881663
13,improper neutralization of CRLF in mail gateway,Taumode,24,CVE-2007-4359,(no title),0.880922
13,improper neutralization of CRLF in mail gateway,Taumode,25,CVE-2013-3578,(no title),0.880369
14,NoSQL injection in user search API,Cosine,1,CVE-2021-35975,(no title),0.880512
14,NoSQL injection in user search API,Cosine,2,CVE-2024-52006,Newline confusion in credential helpers can lead to credential exfiltration in git,0.872288
14,NoSQL injection in user search API,Cosine,3,CVE-2017-8230,(no title),0.867522
14,NoSQL injection in user search API,Cosine,4,CVE-2023-0587,(no title),0.866744
14,NoSQL injection in user search API,Cosine,5,CVE-2025-67091,(no title),0.865794
14,NoSQL injection in user search API,Cosine,6,CVE-2019-1000008,(no title),0.864968
14,NoSQL injection in user search API,Cosine,7,CVE-2022-49269,can: isotp: sanitize CAN ID checks in isotp_bind(),0.864946
14,NoSQL injection in user search API,Cosine,8,CVE-2008-6178,(no title),0.864464
14,NoSQL injection in user search API,Cosine,9,CVE-2006-0448,(no title),0.863015
14,NoSQL injection in user search API,Cosine,10,CVE-2023-43744,(no title),0.862438
14,NoSQL injection in user search API,Cosine,11,CVE-2026-33672,Picomatch: Method Injection in POSIX Character Classes causes incorrect Glob Matching,0.862102
14,NoSQL injection in user search API,Cosine,12,CVE-2009-3974,(no title),0.861212
14,NoSQL injection in user search API,Cosine,13,CVE-2025-40069,drm/msm: Fix obj leak in VM_BIND error path,0.860838
14,NoSQL injection in user search API,Cosine,14,CVE-2018-1000043,(no title),0.860545
14,NoSQL injection in user search API,Cosine,15,CVE-2012-1452,(no title),0.860059
14,NoSQL injection in user search API,Cosine,16,CVE-2025-39839,batman-adv: fix OOB read/write in network-coding decode,0.859989
14,NoSQL injection in user search API,Cosine,17,CVE-2022-28005,(no title),0.859572
14,NoSQL injection in user search API,Cosine,18,CVE-2020-27485,(no title),0.859046
14,NoSQL injection in user search API,Cosine,19,CVE-2024-53161,EDAC/bluefield: Fix potential integer overflow,0.858789
14,NoSQL injection in user search API,Cosine,20,CVE-2018-6857,(no title),0.858206
14,NoSQL injection in user search API,Cosine,21,CVE-2017-8404,(no title),0.857952
14,NoSQL injection in user search API,Cosine,22,CVE-2022-37122,(no title),0.857917
14,NoSQL injection in user search API,Cosine,23,CVE-2026-27710,NanaZip .NET Single-File Parser Integer Underflow Leads to Unbounded Allocation (DoS),0.857681
14,NoSQL injection in user search API,Cosine,24,CVE-2007-6366,(no title),0.857603
14,NoSQL injection in user search API,Cosine,25,CVE-2017-8411,(no title),0.857524
14,NoSQL injection in user search API,Hybrid,1,CVE-2018-8897,(no title),0.890523
14,NoSQL injection in user search API,Hybrid,2,CVE-2002-0901,(no title),0.887212
14,NoSQL injection in user search API,Hybrid,3,CVE-2010-4337,(no title),0.886698
14,NoSQL injection in user search API,Hybrid,4,CVE-2008-5728,(no title),0.884734
14,NoSQL injection in user search API,Hybrid,5,CVE-2005-0994,(no title),0.882027
14,NoSQL injection in user search API,Hybrid,6,CVE-2007-5098,(no title),0.881866
14,NoSQL injection in user search API,Hybrid,7,CVE-2025-37822,riscv: uprobes: Add missing fence.i after building the XOL buffer,0.881632
14,NoSQL injection in user search API,Hybrid,8,CVE-2008-2023,(no title),0.881559
14,NoSQL injection in user search API,Hybrid,9,CVE-2012-1421,(no title),0.880493
14,NoSQL injection in user search API,Hybrid,10,CVE-2008-4394,(no title),0.880241
14,NoSQL injection in user search API,Hybrid,11,CVE-2025-40069,drm/msm: Fix obj leak in VM_BIND error path,0.877856
14,NoSQL injection in user search API,Hybrid,12,CVE-2022-34810,(no title),0.877301
14,NoSQL injection in user search API,Hybrid,13,CVE-2025-67274,(no title),0.876950
14,NoSQL injection in user search API,Hybrid,14,CVE-2020-12886,(no title),0.876617
14,NoSQL injection in user search API,Hybrid,15,CVE-2007-6584,(no title),0.876128
14,NoSQL injection in user search API,Hybrid,16,CVE-2003-1487,(no title),0.876106
14,NoSQL injection in user search API,Hybrid,17,CVE-2025-40046,io_uring/zcrx: fix overshooting recv limit,0.875479
14,NoSQL injection in user search API,Hybrid,18,CVE-2025-21674,net/mlx5e: Fix inversion dependency warning while enabling IPsec tunnel,0.874901
14,NoSQL injection in user search API,Hybrid,19,CVE-2023-46049,(no title),0.874606
14,NoSQL injection in user search API,Hybrid,20,CVE-2017-8396,(no title),0.874391
14,NoSQL injection in user search API,Hybrid,21,CVE-2007-1165,(no title),0.874364
14,NoSQL injection in user search API,Hybrid,22,CVE-2013-2179,(no title),0.874319
14,NoSQL injection in user search API,Hybrid,23,CVE-2021-41090,Instance config inline secret exposure,0.873822
14,NoSQL injection in user search API,Hybrid,24,CVE-2009-2359,(no title),0.872716
14,NoSQL injection in user search API,Hybrid,25,CVE-2017-16642,(no title),0.872631
14,NoSQL injection in user search API,Taumode,1,CVE-2018-8897,(no title),0.933674
14,NoSQL injection in user search API,Taumode,2,CVE-2010-4337,(no title),0.931960
14,NoSQL injection in user search API,Taumode,3,CVE-2005-0994,(no title),0.930445
14,NoSQL injection in user search API,Taumode,4,CVE-2012-1421,(no title),0.928290
14,NoSQL injection in user search API,Taumode,5,CVE-2022-34810,(no title),0.927149
14,NoSQL injection in user search API,Taumode,6,CVE-2007-5098,(no title),0.926704
14,NoSQL injection in user search API,Taumode,7,CVE-2008-5728,(no title),0.926383
14,NoSQL injection in user search API,Taumode,8,CVE-2023-46049,(no title),0.926134
14,NoSQL injection in user search API,Taumode,9,CVE-2025-21674,net/mlx5e: Fix inversion dependency warning while enabling IPsec tunnel,0.925920
14,NoSQL injection in user search API,Taumode,10,CVE-2009-2359,(no title),0.925415
14,NoSQL injection in user search API,Taumode,11,CVE-2007-1165,(no title),0.924989
14,NoSQL injection in user search API,Taumode,12,CVE-2006-6390,(no title),0.924951
14,NoSQL injection in user search API,Taumode,13,CVE-2002-0901,(no title),0.924651
14,NoSQL injection in user search API,Taumode,14,CVE-2017-16642,(no title),0.923720
14,NoSQL injection in user search API,Taumode,15,CVE-2008-4394,(no title),0.923633
14,NoSQL injection in user search API,Taumode,16,CVE-2008-0238,(no title),0.923340
14,NoSQL injection in user search API,Taumode,17,CVE-2020-12886,(no title),0.922742
14,NoSQL injection in user search API,Taumode,18,CVE-2007-6584,(no title),0.922637
14,NoSQL injection in user search API,Taumode,19,CVE-2005-0855,(no title),0.922436
14,NoSQL injection in user search API,Taumode,20,CVE-2023-43355,(no title),0.922037
14,NoSQL injection in user search API,Taumode,21,CVE-2007-0056,(no title),0.921475
14,NoSQL injection in user search API,Taumode,22,CVE-2018-11479,(no title),0.921449
14,NoSQL injection in user search API,Taumode,23,CVE-2021-37679,Heap OOB in nested `tf.map_fn` with `RaggedTensor`s in TensorFlow,0.921329
14,NoSQL injection in user search API,Taumode,24,CVE-2011-3623,(no title),0.920063
14,NoSQL injection in user search API,Taumode,25,CVE-2023-31851,(no title),0.919904
15,prototype pollution in Node.js configuration merge utility,Cosine,1,CVE-2018-12182,(no title),0.841674
15,prototype pollution in Node.js configuration merge utility,Cosine,2,CVE-2018-12179,(no title),0.839403
15,prototype pollution in Node.js configuration merge utility,Cosine,3,CVE-2018-3955,(no title),0.835667
15,prototype pollution in Node.js configuration merge utility,Cosine,4,CVE-2018-3954,(no title),0.835107
15,prototype pollution in Node.js configuration merge utility,Cosine,5,CVE-2018-3613,(no title),0.833469
15,prototype pollution in Node.js configuration merge utility,Cosine,6,CVE-2024-29855,(no title),0.831203
15,prototype pollution in Node.js configuration merge utility,Cosine,7,CVE-2018-3953,(no title),0.829045
15,prototype pollution in Node.js configuration merge utility,Cosine,8,CVE-2021-27608,(no title),0.828910
15,prototype pollution in Node.js configuration merge utility,Cosine,9,CVE-2018-12180,(no title),0.827833
15,prototype pollution in Node.js configuration merge utility,Cosine,10,CVE-2022-30316,(no title),0.827624
15,prototype pollution in Node.js configuration merge utility,Cosine,11,CVE-2023-39903,(no title),0.827431
15,prototype pollution in Node.js configuration merge utility,Cosine,12,CVE-2022-30314,(no title),0.827212
15,prototype pollution in Node.js configuration merge utility,Cosine,13,CVE-2018-12183,(no title),0.826951
15,prototype pollution in Node.js configuration merge utility,Cosine,14,CVE-2025-34234,Vasion Print (formerly PrinterLogic) Hardcoded Encryption Private Keys,0.824532
15,prototype pollution in Node.js configuration merge utility,Cosine,15,CVE-2022-30318,(no title),0.823661
15,prototype pollution in Node.js configuration merge utility,Cosine,16,CVE-2024-43659,Plaintext default credentials in firmware,0.823001
15,prototype pollution in Node.js configuration merge utility,Cosine,17,CVE-2022-30317,(no title),0.822762
15,prototype pollution in Node.js configuration merge utility,Cosine,18,CVE-2016-8344,(no title),0.821334
15,prototype pollution in Node.js configuration merge utility,Cosine,19,CVE-2022-22445,(no title),0.819983
15,prototype pollution in Node.js configuration merge utility,Cosine,20,CVE-2020-15851,(no title),0.819534
15,prototype pollution in Node.js configuration merge utility,Cosine,21,CVE-2019-6609,(no title),0.819493
15,prototype pollution in Node.js configuration merge utility,Cosine,22,CVE-2018-3701,(no title),0.819304
15,prototype pollution in Node.js configuration merge utility,Cosine,23,CVE-2022-30315,(no title),0.818699
15,prototype pollution in Node.js configuration merge utility,Cosine,24,CVE-2021-45839,(no title),0.818664
15,prototype pollution in Node.js configuration merge utility,Cosine,25,CVE-2018-6693,Endpoint Security for Linux Threat Prevention (ENSLTP) privilege escalation vulnerability,0.818435
15,prototype pollution in Node.js configuration merge utility,Hybrid,1,CVE-2018-12182,(no title),0.885938
15,prototype pollution in Node.js configuration merge utility,Hybrid,2,CVE-2018-12179,(no title),0.884312
15,prototype pollution in Node.js configuration merge utility,Hybrid,3,CVE-2018-3955,(no title),0.881572
15,prototype pollution in Node.js configuration merge utility,Hybrid,4,CVE-2024-29855,(no title),0.878456
15,prototype pollution in Node.js configuration merge utility,Hybrid,5,CVE-2018-3953,(no title),0.876803
15,prototype pollution in Node.js configuration merge utility,Hybrid,6,CVE-2021-27608,(no title),0.876798
15,prototype pollution in Node.js configuration merge utility,Hybrid,7,CVE-2018-12180,(no title),0.875937
15,prototype pollution in Node.js configuration merge utility,Hybrid,8,CVE-2022-30316,(no title),0.875843
15,prototype pollution in Node.js configuration merge utility,Hybrid,9,CVE-2023-39903,(no title),0.875700
15,prototype pollution in Node.js configuration merge utility,Hybrid,10,CVE-2022-30314,(no title),0.875554
15,prototype pollution in Node.js configuration merge utility,Hybrid,11,CVE-2018-12183,(no title),0.875281
15,prototype pollution in Node.js configuration merge utility,Hybrid,12,CVE-2025-34234,Vasion Print (formerly PrinterLogic) Hardcoded Encryption Private Keys,0.873546
15,prototype pollution in Node.js configuration merge utility,Hybrid,13,CVE-2022-30318,(no title),0.873020
15,prototype pollution in Node.js configuration merge utility,Hybrid,14,CVE-2024-43659,Plaintext default credentials in firmware,0.872555
15,prototype pollution in Node.js configuration merge utility,Hybrid,15,CVE-2022-30317,(no title),0.872360
15,prototype pollution in Node.js configuration merge utility,Hybrid,16,CVE-2018-3954,(no title),0.871790
15,prototype pollution in Node.js configuration merge utility,Hybrid,17,CVE-2016-8344,(no title),0.871267
15,prototype pollution in Node.js configuration merge utility,Hybrid,18,CVE-2022-22445,(no title),0.870346
15,prototype pollution in Node.js configuration merge utility,Hybrid,19,CVE-2019-6609,(no title),0.870021
15,prototype pollution in Node.js configuration merge utility,Hybrid,20,CVE-2020-15851,(no title),0.870017
15,prototype pollution in Node.js configuration merge utility,Hybrid,21,CVE-2018-3701,(no title),0.869845
15,prototype pollution in Node.js configuration merge utility,Hybrid,22,CVE-2022-30315,(no title),0.869461
15,prototype pollution in Node.js configuration merge utility,Hybrid,23,CVE-2021-45839,(no title),0.869410
15,prototype pollution in Node.js configuration merge utility,Hybrid,24,CVE-2025-66005,Lack of Authentication in the InputManager D-Bus interface,0.869166
15,prototype pollution in Node.js configuration merge utility,Hybrid,25,CVE-2018-6693,Endpoint Security for Linux Threat Prevention (ENSLTP) privilege escalation vulnerability,0.869145
15,prototype pollution in Node.js configuration merge utility,Taumode,1,CVE-2018-12182,(no title),0.933364
15,prototype pollution in Node.js configuration merge utility,Taumode,2,CVE-2018-12179,(no title),0.932428
15,prototype pollution in Node.js configuration merge utility,Taumode,3,CVE-2018-3955,(no title),0.930756
15,prototype pollution in Node.js configuration merge utility,Taumode,4,CVE-2024-29855,(no title),0.929084
15,prototype pollution in Node.js configuration merge utility,Taumode,5,CVE-2021-27608,(no title),0.928107
15,prototype pollution in Node.js configuration merge utility,Taumode,6,CVE-2018-3953,(no title),0.927972
15,prototype pollution in Node.js configuration merge utility,Taumode,7,CVE-2022-30316,(no title),0.927505
15,prototype pollution in Node.js configuration merge utility,Taumode,8,CVE-2018-12180,(no title),0.927478
15,prototype pollution in Node.js configuration merge utility,Taumode,9,CVE-2023-39903,(no title),0.927417
15,prototype pollution in Node.js configuration merge utility,Taumode,10,CVE-2022-30314,(no title),0.927349
15,prototype pollution in Node.js configuration merge utility,Taumode,11,CVE-2018-12183,(no title),0.927064
15,prototype pollution in Node.js configuration merge utility,Taumode,12,CVE-2025-34234,Vasion Print (formerly PrinterLogic) Hardcoded Encryption Private Keys,0.926060
15,prototype pollution in Node.js configuration merge utility,Taumode,13,CVE-2022-30318,(no title),0.925903
15,prototype pollution in Node.js configuration merge utility,Taumode,14,CVE-2024-43659,Plaintext default credentials in firmware,0.925649
15,prototype pollution in Node.js configuration merge utility,Taumode,15,CVE-2022-30317,(no title),0.925500
15,prototype pollution in Node.js configuration merge utility,Taumode,16,CVE-2016-8344,(no title),0.924766
15,prototype pollution in Node.js configuration merge utility,Taumode,17,CVE-2022-22445,(no title),0.924307
15,prototype pollution in Node.js configuration merge utility,Taumode,18,CVE-2019-6609,(no title),0.924159
15,prototype pollution in Node.js configuration merge utility,Taumode,19,CVE-2020-15851,(no title),0.924106
15,prototype pollution in Node.js configuration merge utility,Taumode,20,CVE-2018-3701,(no title),0.923997
15,prototype pollution in Node.js configuration merge utility,Taumode,21,CVE-2022-30315,(no title),0.923848
15,prototype pollution in Node.js configuration merge utility,Taumode,22,CVE-2021-45839,(no title),0.923781
15,prototype pollution in Node.js configuration merge utility,Taumode,23,CVE-2019-15711,(no title),0.923558
15,prototype pollution in Node.js configuration merge utility,Taumode,24,CVE-2025-66005,Lack of Authentication in the InputManager D-Bus interface,0.923543
15,prototype pollution in Node.js configuration merge utility,Taumode,25,CVE-2018-6693,Endpoint Security for Linux Threat Prevention (ENSLTP) privilege escalation vulnerability,0.923478
16,host header injection in password reset workflow,Cosine,1,CVE-2025-31491,AutoGPT allows leakage of cross-domain cookies and protected headers in requests redirect,0.856228
16,host header injection in password reset workflow,Cosine,2,CVE-2026-27795,LangChain Community: redirect chaining can lead to SSRF bypass via RecursiveUrlLoader,0.850334
16,host header injection in password reset workflow,Cosine,3,CVE-2015-6509,(no title),0.848580
16,host header injection in password reset workflow,Cosine,4,CVE-2022-35943,SameSite may allow cross-site request forgery (CSRF) protection to be bypassed,0.846833
16,host header injection in password reset workflow,Cosine,5,CVE-2021-32779,Incorrectly handling of URI '#fragment' element as part of the path element,0.844031
16,host header injection in password reset workflow,Cosine,6,CVE-2021-36760,(no title),0.841820
16,host header injection in password reset workflow,Cosine,7,CVE-2016-9554,(no title),0.839880
16,host header injection in password reset workflow,Cosine,8,CVE-2024-3283,Privilege Escalation via Mass Assignment in mintplex-labs/anything-llm,0.839810
16,host header injection in password reset workflow,Cosine,9,CVE-2026-40490,AsyncHttpClient leaks authorization credentials to untrusted domains on cross-origin redirects,0.838311
16,host header injection in password reset workflow,Cosine,10,CVE-2025-62427,Server-Side Request Forgery (SSRF) in Angular SSR,0.837829
16,host header injection in password reset workflow,Cosine,11,CVE-2011-2159,(no title),0.837085
16,host header injection in password reset workflow,Cosine,12,CVE-2025-63784,(no title),0.837009
16,host header injection in password reset workflow,Cosine,13,CVE-2011-2149,(no title),0.836811
16,host header injection in password reset workflow,Cosine,14,CVE-2014-4309,(no title),0.836262
16,host header injection in password reset workflow,Cosine,15,CVE-2016-4948,(no title),0.835996
16,host header injection in password reset workflow,Cosine,16,CVE-2026-33663,n8n Vulnerable to Credential Theft via Name-Based Resolution and Permission Checker Bypass in Community Edition,0.835628
16,host header injection in password reset workflow,Cosine,17,CVE-2021-32635,Action Commands (run/shell/exec) Against Library URIs Ignore Configured Remote Endpoint,0.835257
16,host header injection in password reset workflow,Cosine,18,CVE-2026-3335,Canto <= 3.1.1 - Missing Authorization to Unauthenticated File Upload,0.834953
16,host header injection in password reset workflow,Cosine,19,CVE-2026-4132,HTTP Headers <= 1.19.2 - Authenticated (Administrator+) External Control of File Name or Path to RCE via 'hh_htpasswd_path' and 'hh_www_authenticate_user' Parameters,0.834848
16,host header injection in password reset workflow,Cosine,20,CVE-2026-4281,FormLift for Infusionsoft Web Forms <= 7.5.21 - Missing Authorization to Unauthenticated Infusionsoft Connection Hijack via OAuth Connection Flow,0.834521
16,host header injection in password reset workflow,Cosine,21,CVE-2025-62379,Open Redirect in reflex-dev/reflex,0.834482
16,host header injection in password reset workflow,Cosine,22,CVE-2026-33720,n8n Has Authorization Bypass in OAuth Callback via N8N_SKIP_AUTH_ON_OAUTH_CALLBACK,0.834343
16,host header injection in password reset workflow,Cosine,23,CVE-2006-3935,(no title),0.833961
16,host header injection in password reset workflow,Cosine,24,CVE-2019-3778,Open Redirect in spring-security-oauth2,0.833743
16,host header injection in password reset workflow,Cosine,25,CVE-2012-4396,(no title),0.833238
16,host header injection in password reset workflow,Hybrid,1,CVE-2025-31491,AutoGPT allows leakage of cross-domain cookies and protected headers in requests redirect,0.896429
16,host header injection in password reset workflow,Hybrid,2,CVE-2026-27795,LangChain Community: redirect chaining can lead to SSRF bypass via RecursiveUrlLoader,0.892193
16,host header injection in password reset workflow,Hybrid,3,CVE-2015-6509,(no title),0.890906
16,host header injection in password reset workflow,Hybrid,4,CVE-2021-32779,Incorrectly handling of URI '#fragment' element as part of the path element,0.887663
16,host header injection in password reset workflow,Hybrid,5,CVE-2021-36760,(no title),0.886063
16,host header injection in password reset workflow,Hybrid,6,CVE-2016-9554,(no title),0.884704
16,host header injection in password reset workflow,Hybrid,7,CVE-2024-3283,Privilege Escalation via Mass Assignment in mintplex-labs/anything-llm,0.884611
16,host header injection in password reset workflow,Hybrid,8,CVE-2026-40490,AsyncHttpClient leaks authorization credentials to untrusted domains on cross-origin redirects,0.883515
16,host header injection in password reset workflow,Hybrid,9,CVE-2025-62427,Server-Side Request Forgery (SSRF) in Angular SSR,0.883182
16,host header injection in password reset workflow,Hybrid,10,CVE-2025-63784,(no title),0.882568
16,host header injection in password reset workflow,Hybrid,11,CVE-2011-2159,(no title),0.882512
16,host header injection in password reset workflow,Hybrid,12,CVE-2011-2149,(no title),0.882425
16,host header injection in password reset workflow,Hybrid,13,CVE-2016-4948,(no title),0.881875
16,host header injection in password reset workflow,Hybrid,14,CVE-2026-33663,n8n Vulnerable to Credential Theft via Name-Based Resolution and Permission Checker Bypass in Community Edition,0.881579
16,host header injection in password reset workflow,Hybrid,15,CVE-2021-32635,Action Commands (run/shell/exec) Against Library URIs Ignore Configured Remote Endpoint,0.881374
16,host header injection in password reset workflow,Hybrid,16,CVE-2026-3335,Canto <= 3.1.1 - Missing Authorization to Unauthenticated File Upload,0.881147
16,host header injection in password reset workflow,Hybrid,17,CVE-2026-4132,HTTP Headers <= 1.19.2 - Authenticated (Administrator+) External Control of File Name or Path to RCE via 'hh_htpasswd_path' and 'hh_www_authenticate_user' Parameters,0.881071
16,host header injection in password reset workflow,Hybrid,18,CVE-2025-62379,Open Redirect in reflex-dev/reflex,0.880789
16,host header injection in password reset workflow,Hybrid,19,CVE-2026-4281,FormLift for Infusionsoft Web Forms <= 7.5.21 - Missing Authorization to Unauthenticated Infusionsoft Connection Hijack via OAuth Connection Flow,0.880771
16,host header injection in password reset workflow,Hybrid,20,CVE-2026-33720,n8n Has Authorization Bypass in OAuth Callback via N8N_SKIP_AUTH_ON_OAUTH_CALLBACK,0.880660
16,host header injection in password reset workflow,Hybrid,21,CVE-2006-3935,(no title),0.880452
16,host header injection in password reset workflow,Hybrid,22,CVE-2019-3778,Open Redirect in spring-security-oauth2,0.880245
16,host header injection in password reset workflow,Hybrid,23,CVE-2012-4396,(no title),0.879815
16,host header injection in password reset workflow,Hybrid,24,CVE-2025-69211,Nest has a Fastify URL Encoding Middleware Bypass (TOCTOU),0.879712
16,host header injection in password reset workflow,Hybrid,25,CVE-2026-32892,OS Command Injection in Chamilo LMS 1.11.36,0.879637
16,host header injection in password reset workflow,Taumode,1,CVE-2025-31491,AutoGPT allows leakage of cross-domain cookies and protected headers in requests redirect,0.939501
16,host header injection in password reset workflow,Taumode,2,CVE-2026-27795,LangChain Community: redirect chaining can lead to SSRF bypass via RecursiveUrlLoader,0.937041
16,host header injection in password reset workflow,Taumode,3,CVE-2015-6509,(no title),0.936256
16,host header injection in password reset workflow,Taumode,4,CVE-2021-32779,Incorrectly handling of URI '#fragment' element as part of the path element,0.934411
16,host header injection in password reset workflow,Taumode,5,CVE-2021-36760,(no title),0.933466
16,host header injection in password reset workflow,Taumode,6,CVE-2016-9554,(no title),0.932730
16,host header injection in password reset workflow,Taumode,7,CVE-2024-3283,Privilege Escalation via Mass Assignment in mintplex-labs/anything-llm,0.932613
16,host header injection in password reset workflow,Taumode,8,CVE-2026-40490,AsyncHttpClient leaks authorization credentials to untrusted domains on cross-origin redirects,0.931948
16,host header injection in password reset workflow,Taumode,9,CVE-2025-62427,Server-Side Request Forgery (SSRF) in Angular SSR,0.931774
16,host header injection in password reset workflow,Taumode,10,CVE-2025-63784,(no title),0.931381
16,host header injection in password reset workflow,Taumode,11,CVE-2011-2149,(no title),0.931298
16,host header injection in password reset workflow,Taumode,12,CVE-2011-2159,(no title),0.931184
16,host header injection in password reset workflow,Taumode,13,CVE-2016-4948,(no title),0.931032
16,host header injection in password reset workflow,Taumode,14,CVE-2026-33663,n8n Vulnerable to Credential Theft via Name-Based Resolution and Permission Checker Bypass in Community Edition,0.930812
16,host header injection in password reset workflow,Taumode,15,CVE-2021-32635,Action Commands (run/shell/exec) Against Library URIs Ignore Configured Remote Endpoint,0.930784
16,host header injection in password reset workflow,Taumode,16,CVE-2026-3335,Canto <= 3.1.1 - Missing Authorization to Unauthenticated File Upload,0.930640
16,host header injection in password reset workflow,Taumode,17,CVE-2026-4132,HTTP Headers <= 1.19.2 - Authenticated (Administrator+) External Control of File Name or Path to RCE via 'hh_htpasswd_path' and 'hh_www_authenticate_user' Parameters,0.930596
16,host header injection in password reset workflow,Taumode,18,CVE-2025-62379,Open Redirect in reflex-dev/reflex,0.930404
16,host header injection in password reset workflow,Taumode,19,CVE-2026-4281,FormLift for Infusionsoft Web Forms <= 7.5.21 - Missing Authorization to Unauthenticated Infusionsoft Connection Hijack via OAuth Connection Flow,0.930325
16,host header injection in password reset workflow,Taumode,20,CVE-2026-33720,n8n Has Authorization Bypass in OAuth Callback via N8N_SKIP_AUTH_ON_OAUTH_CALLBACK,0.930286
16,host header injection in password reset workflow,Taumode,21,CVE-2006-3935,(no title),0.930264
16,host header injection in password reset workflow,Taumode,22,CVE-2019-3778,Open Redirect in spring-security-oauth2,0.930067
16,host header injection in password reset workflow,Taumode,23,CVE-2026-32892,OS Command Injection in Chamilo LMS 1.11.36,0.929750
16,host header injection in password reset workflow,Taumode,24,CVE-2012-4396,(no title),0.929718
16,host header injection in password reset workflow,Taumode,25,CVE-2025-69211,Nest has a Fastify URL Encoding Middleware Bypass (TOCTOU),0.929695
17,heap use-after-free in media streaming server,Cosine,1,CVE-2026-24516,(no title),0.877244
17,heap use-after-free in media streaming server,Cosine,2,CVE-2022-50255,tracing: Fix reading strings from synthetic events,0.864759
17,heap use-after-free in media streaming server,Cosine,3,CVE-2026-40566,FreeScout vulnerable to SSRF via IMAP/SMTP Connection Test Endpoints,0.864725
17,heap use-after-free in media streaming server,Cosine,4,CVE-2021-39155,Authorization Policy Bypass Due to Case Insensitive Host Comparison,0.863347
17,heap use-after-free in media streaming server,Cosine,5,CVE-2021-32635,Action Commands (run/shell/exec) Against Library URIs Ignore Configured Remote Endpoint,0.861176
17,heap use-after-free in media streaming server,Cosine,6,CVE-2026-33726,Cilium L7 proxy may bypass Kubernetes NetworkPolicy for same-node traffic,0.860359
17,heap use-after-free in media streaming server,Cosine,7,CVE-2026-23990,Flux Operator Web UI Impersonation Bypass via Empty OIDC Claims,0.859123
17,heap use-after-free in media streaming server,Cosine,8,CVE-2022-23653,B2 Command Line Tool TOCTOU application key disclosure ,0.858894
17,heap use-after-free in media streaming server,Cosine,9,CVE-2009-3486,(no title),0.858442
17,heap use-after-free in media streaming server,Cosine,10,CVE-2023-39903,(no title),0.858245
17,heap use-after-free in media streaming server,Cosine,11,CVE-2023-34252,Grav Server-side Template Injection via Insufficient Validation in filterFilter,0.858093
17,heap use-after-free in media streaming server,Cosine,12,CVE-2026-24047,@backstage/cli-common has a possible `resolveSafeChildPath` Symlink Chain Bypass,0.858057
17,heap use-after-free in media streaming server,Cosine,13,CVE-2023-50260,Wazuh's vulnerability in host_deny AR script allows arbitrary command execution,0.857537
17,heap use-after-free in media streaming server,Cosine,14,CVE-2026-40569,FreeScout's Mass Assignment in Mailbox Connection Settings Enables Silent Email Exfiltration,0.857217
17,heap use-after-free in media streaming server,Cosine,15,CVE-2025-34234,Vasion Print (formerly PrinterLogic) Hardcoded Encryption Private Keys,0.856843
17,heap use-after-free in media streaming server,Cosine,16,CVE-2025-62603,FastDDS has Out-of-memory while parsing GenericMessage when DDS Security is enabled,0.856628
17,heap use-after-free in media streaming server,Cosine,17,CVE-2021-41090,Instance config inline secret exposure,0.856500
17,heap use-after-free in media streaming server,Cosine,18,CVE-2022-50116,tty: n_gsm: fix deadlock and link starvation in outgoing data path,0.856466
17,heap use-after-free in media streaming server,Cosine,19,CVE-2024-23805,F5 Application Visibility and Reporting module and BIG-IP Advanced WAF/ASM vulnerability,0.856042
17,heap use-after-free in media streaming server,Cosine,20,CVE-2026-34526,SillyTavern: Incomplete IP validation in /api/search/visit allows SSRF via localhost and IPv6,0.855893
17,heap use-after-free in media streaming server,Cosine,21,CVE-2024-32028,Sensitive query parameters logged by default in OpenTelemetry.Instrumentation http and AspNetCore,0.855815
17,heap use-after-free in media streaming server,Cosine,22,CVE-2023-24827,Credential disclosure in syft when SYFT_ATTEST_PASSWORD environment variable set in syft,0.855696
17,heap use-after-free in media streaming server,Cosine,23,CVE-2025-62156,argo-workflows Zip Slip path traversal allows arbitrary file write and container configuration overwrite,0.855078
17,heap use-after-free in media streaming server,Cosine,24,CVE-2014-2225,(no title),0.854742
17,heap use-after-free in media streaming server,Cosine,25,CVE-2026-24046,Backstage has a Possible Symlink Path Traversal in Scaffolder Actions,0.854405
17,heap use-after-free in media streaming server,Hybrid,1,CVE-2015-5076,(no title),0.854247
17,heap use-after-free in media streaming server,Hybrid,2,CVE-2005-1362,(no title),0.847410
17,heap use-after-free in media streaming server,Hybrid,3,CVE-2007-4390,(no title),0.840077
17,heap use-after-free in media streaming server,Hybrid,4,CVE-2015-9226,(no title),0.832412
17,heap use-after-free in media streaming server,Hybrid,5,CVE-2011-5073,(no title),0.831501
17,heap use-after-free in media streaming server,Hybrid,6,CVE-2017-14145,(no title),0.830098
17,heap use-after-free in media streaming server,Hybrid,7,CVE-2012-4260,(no title),0.826772
17,heap use-after-free in media streaming server,Hybrid,8,CVE-2010-0432,(no title),0.826046
17,heap use-after-free in media streaming server,Hybrid,9,CVE-2009-0541,(no title),0.823208
17,heap use-after-free in media streaming server,Hybrid,10,CVE-2007-2540,(no title),0.821744
17,heap use-after-free in media streaming server,Hybrid,11,CVE-2014-9613,(no title),0.820665
17,heap use-after-free in media streaming server,Hybrid,12,CVE-2023-53791,md: fix warning for holder mismatch from export_rdev(),0.820572
17,heap use-after-free in media streaming server,Hybrid,13,CVE-2008-5210,(no title),0.819307
17,heap use-after-free in media streaming server,Hybrid,14,CVE-2006-4448,(no title),0.815057
17,heap use-after-free in media streaming server,Hybrid,15,CVE-2024-38499,Improper Privilege Management Vulnerability in CA Client Automation 14.5,0.814672
17,heap use-after-free in media streaming server,Hybrid,16,CVE-2008-2043,(no title),0.814323
17,heap use-after-free in media streaming server,Hybrid,17,CVE-2009-4666,(no title),0.814244
17,heap use-after-free in media streaming server,Hybrid,18,CVE-2006-3172,(no title),0.813681
17,heap use-after-free in media streaming server,Hybrid,19,CVE-2004-2571,(no title),0.811251
17,heap use-after-free in media streaming server,Hybrid,20,CVE-2012-1835,(no title),0.810552
17,heap use-after-free in media streaming server,Hybrid,21,CVE-2026-30785,RustDesk Encrypts Local Passwords with World-Readable Machine ID and Fixed Zero Nonce (XSalsa20-Poly1305),0.804975
17,heap use-after-free in media streaming server,Hybrid,22,CVE-2013-4717,(no title),0.804777
17,heap use-after-free in media streaming server,Hybrid,23,CVE-2005-1822,(no title),0.804599
17,heap use-after-free in media streaming server,Hybrid,24,CVE-2020-35579,(no title),0.801894
17,heap use-after-free in media streaming server,Hybrid,25,CVE-2006-4423,(no title),0.801472
17,heap use-after-free in media streaming server,Taumode,1,CVE-2005-1362,(no title),0.907625
17,heap use-after-free in media streaming server,Taumode,2,CVE-2015-5076,(no title),0.906018
17,heap use-after-free in media streaming server,Taumode,3,CVE-2017-14145,(no title),0.894642
17,heap use-after-free in media streaming server,Taumode,4,CVE-2009-0541,(no title),0.890962
17,heap use-after-free in media streaming server,Taumode,5,CVE-2007-4390,(no title),0.884483
17,heap use-after-free in media streaming server,Taumode,6,CVE-2026-3614,AcyMailing 9.11.0 - 10.8.1 - Missing Authorization to Authenticated (Subscriber+) Privilege Escalation,0.879032
17,heap use-after-free in media streaming server,Taumode,7,CVE-2024-38499,Improper Privilege Management Vulnerability in CA Client Automation 14.5,0.877209
17,heap use-after-free in media streaming server,Taumode,8,CVE-2012-1835,(no title),0.873249
17,heap use-after-free in media streaming server,Taumode,9,CVE-2012-4260,(no title),0.861127
17,heap use-after-free in media streaming server,Taumode,10,CVE-2020-26961,(no title),0.859234
17,heap use-after-free in media streaming server,Taumode,11,CVE-2007-2540,(no title),0.858368
17,heap use-after-free in media streaming server,Taumode,12,CVE-2020-7018,(no title),0.857727
17,heap use-after-free in media streaming server,Taumode,13,CVE-2024-53796,WordPress Themesflat Addons For Elementor plugin <= 2.2.2 - Cross Site Scripting (XSS) vulnerability,0.857058
17,heap use-after-free in media streaming server,Taumode,14,CVE-2015-2973,(no title),0.854334
17,heap use-after-free in media streaming server,Taumode,15,CVE-2008-5210,(no title),0.853652
17,heap use-after-free in media streaming server,Taumode,16,CVE-2010-0432,(no title),0.852658
17,heap use-after-free in media streaming server,Taumode,17,CVE-2023-20069,Cisco Prime Infrastructure and Evolved Programmable Network Manager Stored Cross-Site Scripting Vulnerability,0.851655
17,heap use-after-free in media streaming server,Taumode,18,CVE-2024-11015,Sign In With Google <= 1.8.0 - Authentication Bypass in authenticate_user,0.851528
17,heap use-after-free in media streaming server,Taumode,19,CVE-2024-8367,HM Courts & Tribunals Service Probate Back Office Markdown NotificationService.java injection,0.851444
17,heap use-after-free in media streaming server,Taumode,20,CVE-2026-21634,(no title),0.851060
17,heap use-after-free in media streaming server,Taumode,21,CVE-2021-22825,(no title),0.849512
17,heap use-after-free in media streaming server,Taumode,22,CVE-2015-9226,(no title),0.849294
17,heap use-after-free in media streaming server,Taumode,23,CVE-2012-0254,(no title),0.848411
17,heap use-after-free in media streaming server,Taumode,24,CVE-2019-13957,(no title),0.847019
17,heap use-after-free in media streaming server,Taumode,25,CVE-2020-36882,Flexsense DiskBoss Application Crash Denial of Service,0.846692
18,hardcoded credentials in firmware update mechanism,Cosine,1,CVE-2025-4235,User-ID Credential Agent: Cleartext Exposure of Service Account password,0.825831
18,hardcoded credentials in firmware update mechanism,Cosine,2,CVE-2013-0135,(no title),0.814007
18,hardcoded credentials in firmware update mechanism,Cosine,3,CVE-2022-39369,Service Hostname Discovery Exploitation in phpCAS,0.812786
18,hardcoded credentials in firmware update mechanism,Cosine,4,CVE-2026-25045,Budibase Critical Privilege Escalation & IDOR via Missing RBAC on User Role Management (Creator-Role),0.811754
18,hardcoded credentials in firmware update mechanism,Cosine,5,CVE-2024-13301,OAuth & OpenID Connect Single Sign On – SSO (OAuth/OIDC Client) - Critical - Cross Site Scripting - SA-CONTRIB-2024-067,0.810199
18,hardcoded credentials in firmware update mechanism,Cosine,6,CVE-2006-5303,(no title),0.810116
18,hardcoded credentials in firmware update mechanism,Cosine,7,CVE-2019-1003037,(no title),0.808873
18,hardcoded credentials in firmware update mechanism,Cosine,8,CVE-2015-7494,(no title),0.807787
18,hardcoded credentials in firmware update mechanism,Cosine,9,CVE-2023-50291,Apache Solr: System Property redaction logic inconsistency can lead to leaked passwords,0.806504
18,hardcoded credentials in firmware update mechanism,Cosine,10,CVE-2026-40193,Maddy Mail Server: LDAP Filter Injection via Unsanitized Username,0.806276
18,hardcoded credentials in firmware update mechanism,Cosine,11,CVE-2024-25106,OpenObserve Unauthorized Access Vulnerability in Users API,0.805902
18,hardcoded credentials in firmware update mechanism,Cosine,12,CVE-2022-35924,Verification requests (magic link) sent to unwanted emails,0.804790
18,hardcoded credentials in firmware update mechanism,Cosine,13,CVE-2024-32003,Dusk plugin may allow unfettered user authentication in misconfigured installs,0.804411
18,hardcoded credentials in firmware update mechanism,Cosine,14,CVE-2006-3172,(no title),0.804020
18,hardcoded credentials in firmware update mechanism,Cosine,15,CVE-2026-33663,n8n Vulnerable to Credential Theft via Name-Based Resolution and Permission Checker Bypass in Community Edition,0.802936
18,hardcoded credentials in firmware update mechanism,Cosine,16,CVE-2008-6706,(no title),0.802785
18,hardcoded credentials in firmware update mechanism,Cosine,17,CVE-2023-1893,Login Configurator <= 2.1 - Reflected Cross-Site Scripting,0.802732
18,hardcoded credentials in firmware update mechanism,Cosine,18,CVE-2011-5230,(no title),0.801656
18,hardcoded credentials in firmware update mechanism,Cosine,19,CVE-2025-57254,(no title),0.801326
18,hardcoded credentials in firmware update mechanism,Cosine,20,CVE-2026-25125,October CMS: Environment Variable Exfiltration via INI Parser Interpolation,0.800467
18,hardcoded credentials in firmware update mechanism,Cosine,21,CVE-2016-9554,(no title),0.798982
18,hardcoded credentials in firmware update mechanism,Cosine,22,CVE-2022-35943,SameSite may allow cross-site request forgery (CSRF) protection to be bypassed,0.798348
18,hardcoded credentials in firmware update mechanism,Cosine,23,CVE-2025-70146,(no title),0.798298
18,hardcoded credentials in firmware update mechanism,Cosine,24,CVE-2025-23203,Icinga has rest API endpoints accessible to restricted users,0.798030
18,hardcoded credentials in firmware update mechanism,Cosine,25,CVE-2026-27702,Budibase Vulnerable to Remote Code Execution via Unsafe eval() in View Filter Map Function (Budibase Cloud),0.797982
18,hardcoded credentials in firmware update mechanism,Hybrid,1,CVE-2026-25045,Budibase Critical Privilege Escalation & IDOR via Missing RBAC on User Role Management (Creator-Role),0.863824
18,hardcoded credentials in firmware update mechanism,Hybrid,2,CVE-2025-4235,User-ID Credential Agent: Cleartext Exposure of Service Account password,0.857588
18,hardcoded credentials in firmware update mechanism,Hybrid,3,CVE-2024-13301,OAuth & OpenID Connect Single Sign On – SSO (OAuth/OIDC Client) - Critical - Cross Site Scripting - SA-CONTRIB-2024-067,0.856249
18,hardcoded credentials in firmware update mechanism,Hybrid,4,CVE-2019-6716,(no title),0.848710
18,hardcoded credentials in firmware update mechanism,Hybrid,5,CVE-2014-9145,(no title),0.847497
18,hardcoded credentials in firmware update mechanism,Hybrid,6,CVE-2022-35943,SameSite may allow cross-site request forgery (CSRF) protection to be bypassed,0.847309
18,hardcoded credentials in firmware update mechanism,Hybrid,7,CVE-2023-50291,Apache Solr: System Property redaction logic inconsistency can lead to leaked passwords,0.843182
18,hardcoded credentials in firmware update mechanism,Hybrid,8,CVE-2013-0135,(no title),0.842983
18,hardcoded credentials in firmware update mechanism,Hybrid,9,CVE-2022-39369,Service Hostname Discovery Exploitation in phpCAS,0.841985
18,hardcoded credentials in firmware update mechanism,Hybrid,10,CVE-2026-31820,Sylius affected by IDOR in Cart and Checkout LiveComponents,0.840704
18,hardcoded credentials in firmware update mechanism,Hybrid,11,CVE-2006-5303,(no title),0.840155
18,hardcoded credentials in firmware update mechanism,Hybrid,12,CVE-2004-2551,(no title),0.839573
18,hardcoded credentials in firmware update mechanism,Hybrid,13,CVE-2019-1003037,(no title),0.839260
18,hardcoded credentials in firmware update mechanism,Hybrid,14,CVE-2015-2351,(no title),0.838601
18,hardcoded credentials in firmware update mechanism,Hybrid,15,CVE-2015-7494,(no title),0.838442
18,hardcoded credentials in firmware update mechanism,Hybrid,16,CVE-2021-35484,(no title),0.838071
18,hardcoded credentials in firmware update mechanism,Hybrid,17,CVE-2026-40193,Maddy Mail Server: LDAP Filter Injection via Unsanitized Username,0.837351
18,hardcoded credentials in firmware update mechanism,Hybrid,18,CVE-2024-25106,OpenObserve Unauthorized Access Vulnerability in Users API,0.837088
18,hardcoded credentials in firmware update mechanism,Hybrid,19,CVE-2026-4880,Barcode Scanner (+Mobile App) <= 1.11.0 - Unauthenticated Privilege Escalation via Insecure Token Authentication,0.836953
18,hardcoded credentials in firmware update mechanism,Hybrid,20,CVE-2012-1665,(no title),0.836878
18,hardcoded credentials in firmware update mechanism,Hybrid,21,CVE-2023-47298,(no title),0.836410
18,hardcoded credentials in firmware update mechanism,Hybrid,22,CVE-2022-35924,Verification requests (magic link) sent to unwanted emails,0.836270
18,hardcoded credentials in firmware update mechanism,Hybrid,23,CVE-2024-32003,Dusk plugin may allow unfettered user authentication in misconfigured installs,0.835944
18,hardcoded credentials in firmware update mechanism,Hybrid,24,CVE-2024-3150,Privilege Escalation in mintplex-labs/anything-llm,0.835503
18,hardcoded credentials in firmware update mechanism,Hybrid,25,CVE-2014-4309,(no title),0.835298
18,hardcoded credentials in firmware update mechanism,Taumode,1,CVE-2026-25045,Budibase Critical Privilege Escalation & IDOR via Missing RBAC on User Role Management (Creator-Role),0.919614
18,hardcoded credentials in firmware update mechanism,Taumode,2,CVE-2019-6716,(no title),0.906442
18,hardcoded credentials in firmware update mechanism,Taumode,3,CVE-2024-13301,OAuth & OpenID Connect Single Sign On – SSO (OAuth/OIDC Client) - Critical - Cross Site Scripting - SA-CONTRIB-2024-067,0.905589
18,hardcoded credentials in firmware update mechanism,Taumode,4,CVE-2014-9145,(no title),0.905426
18,hardcoded credentials in firmware update mechanism,Taumode,5,CVE-2026-4880,Barcode Scanner (+Mobile App) <= 1.11.0 - Unauthenticated Privilege Escalation via Insecure Token Authentication,0.904841
18,hardcoded credentials in firmware update mechanism,Taumode,6,CVE-2004-2551,(no title),0.904126
18,hardcoded credentials in firmware update mechanism,Taumode,7,CVE-2026-31820,Sylius affected by IDOR in Cart and Checkout LiveComponents,0.902069
18,hardcoded credentials in firmware update mechanism,Taumode,8,CVE-2012-5648,(no title),0.902011
18,hardcoded credentials in firmware update mechanism,Taumode,9,CVE-2026-3595,Riaxe Product Customizer <= 2.1.2 - Unauthenticated Arbitrary User Deletion via 'user_id' Parameter,0.901571
18,hardcoded credentials in firmware update mechanism,Taumode,10,CVE-2018-8811,(no title),0.900771
18,hardcoded credentials in firmware update mechanism,Taumode,11,CVE-2020-22165,(no title),0.900603
18,hardcoded credentials in firmware update mechanism,Taumode,12,CVE-2022-35943,SameSite may allow cross-site request forgery (CSRF) protection to be bypassed,0.899767
18,hardcoded credentials in firmware update mechanism,Taumode,13,CVE-2025-25497,(no title),0.899646
18,hardcoded credentials in firmware update mechanism,Taumode,14,CVE-2021-21667,(no title),0.899373
18,hardcoded credentials in firmware update mechanism,Taumode,15,CVE-2021-35484,(no title),0.898568
18,hardcoded credentials in firmware update mechanism,Taumode,16,CVE-2005-2433,(no title),0.897622
18,hardcoded credentials in firmware update mechanism,Taumode,17,CVE-2025-1620,GDPR Cookie Compliance < 4.15.7 - Admin+ Stored XSS,0.897229
18,hardcoded credentials in firmware update mechanism,Taumode,18,CVE-2005-4413,(no title),0.897188
18,hardcoded credentials in firmware update mechanism,Taumode,19,CVE-2008-0850,(no title),0.897111
18,hardcoded credentials in firmware update mechanism,Taumode,20,CVE-2026-25806,PlaciPy has Missing Authorization Checks on Student Management Endpoints (IDOR),0.897010
18,hardcoded credentials in firmware update mechanism,Taumode,21,CVE-2009-0252,(no title),0.896882
18,hardcoded credentials in firmware update mechanism,Taumode,22,CVE-2019-9753,(no title),0.896812
18,hardcoded credentials in firmware update mechanism,Taumode,23,CVE-2017-6089,(no title),0.896147
18,hardcoded credentials in firmware update mechanism,Taumode,24,CVE-2009-3748,(no title),0.896100
18,hardcoded credentials in firmware update mechanism,Taumode,25,CVE-2006-5119,(no title),0.896008
19,unsafe deserialization in Java RMI service,Cosine,1,CVE-2026-24046,Backstage has a Possible Symlink Path Traversal in Scaffolder Actions,0.872817
19,unsafe deserialization in Java RMI service,Cosine,2,CVE-2021-47176,s390/dasd: add missing discipline function,0.871387
19,unsafe deserialization in Java RMI service,Cosine,3,CVE-2025-40362,ceph: fix multifs mds auth caps issue,0.868466
19,unsafe deserialization in Java RMI service,Cosine,4,CVE-2025-62156,argo-workflows Zip Slip path traversal allows arbitrary file write and container configuration overwrite,0.866549
19,unsafe deserialization in Java RMI service,Cosine,5,CVE-2023-35165,AWS CDK EKS overly permissive trust policies,0.866499
19,unsafe deserialization in Java RMI service,Cosine,6,CVE-2017-8411,(no title),0.866029
19,unsafe deserialization in Java RMI service,Cosine,7,CVE-2026-24056,pnpm has symlink traversal in file:/git dependencies,0.865378
19,unsafe deserialization in Java RMI service,Cosine,8,CVE-2022-50255,tracing: Fix reading strings from synthetic events,0.865377
19,unsafe deserialization in Java RMI service,Cosine,9,CVE-2017-8404,(no title),0.865067
19,unsafe deserialization in Java RMI service,Cosine,10,CVE-2024-56514,Karmada Tar Slips in CRDs archive extraction,0.864762
19,unsafe deserialization in Java RMI service,Cosine,11,CVE-2023-24827,Credential disclosure in syft when SYFT_ATTEST_PASSWORD environment variable set in syft,0.864224
19,unsafe deserialization in Java RMI service,Cosine,12,CVE-2026-40159,PraisonAI Exposes Sensitive Environment Variable via Untrusted MCP Subprocess Execution,0.862985
19,unsafe deserialization in Java RMI service,Cosine,13,CVE-2025-67091,(no title),0.862869
19,unsafe deserialization in Java RMI service,Cosine,14,CVE-2024-43803,BMO can expose particularly named secrets from other namespaces via BMH CRD,0.862313
19,unsafe deserialization in Java RMI service,Cosine,15,CVE-2024-31457,gin-vue-admin background arbitrary code coverage vulnerability,0.862090
19,unsafe deserialization in Java RMI service,Cosine,16,CVE-2020-14004,(no title),0.862011
19,unsafe deserialization in Java RMI service,Cosine,17,CVE-2021-35975,(no title),0.861772
19,unsafe deserialization in Java RMI service,Cosine,18,CVE-2024-42099,s390/dasd: Fix invalid dereferencing of indirect CCW data pointer,0.861354
19,unsafe deserialization in Java RMI service,Cosine,19,CVE-2017-16690,(no title),0.860993
19,unsafe deserialization in Java RMI service,Cosine,20,CVE-2026-32146,Improper Path Validation in Git Dependency Handling Allows Arbitrary File System Modification,0.860947
19,unsafe deserialization in Java RMI service,Cosine,21,CVE-2025-40069,drm/msm: Fix obj leak in VM_BIND error path,0.860733
19,unsafe deserialization in Java RMI service,Cosine,22,CVE-2022-28658,(no title),0.860696
19,unsafe deserialization in Java RMI service,Cosine,23,CVE-2021-47366,afs: Fix corruption in reads at fpos 2G-4G from an OpenAFS server,0.860575
19,unsafe deserialization in Java RMI service,Cosine,24,CVE-2025-34234,Vasion Print (formerly PrinterLogic) Hardcoded Encryption Private Keys,0.860256
19,unsafe deserialization in Java RMI service,Cosine,25,CVE-2022-29184,Command Injection/Argument Injection in GoCD,0.860196
19,unsafe deserialization in Java RMI service,Hybrid,1,CVE-2026-24046,Backstage has a Possible Symlink Path Traversal in Scaffolder Actions,0.908356
19,unsafe deserialization in Java RMI service,Hybrid,2,CVE-2021-47176,s390/dasd: add missing discipline function,0.907386
19,unsafe deserialization in Java RMI service,Hybrid,3,CVE-2025-40362,ceph: fix multifs mds auth caps issue,0.905241
19,unsafe deserialization in Java RMI service,Hybrid,4,CVE-2025-62156,argo-workflows Zip Slip path traversal allows arbitrary file write and container configuration overwrite,0.903899
19,unsafe deserialization in Java RMI service,Hybrid,5,CVE-2023-35165,AWS CDK EKS overly permissive trust policies,0.903849
19,unsafe deserialization in Java RMI service,Hybrid,6,CVE-2017-8411,(no title),0.903493
19,unsafe deserialization in Java RMI service,Hybrid,7,CVE-2026-24056,pnpm has symlink traversal in file:/git dependencies,0.903023
19,unsafe deserialization in Java RMI service,Hybrid,8,CVE-2022-50255,tracing: Fix reading strings from synthetic events,0.903020
19,unsafe deserialization in Java RMI service,Hybrid,9,CVE-2017-8404,(no title),0.902801
19,unsafe deserialization in Java RMI service,Hybrid,10,CVE-2024-56514,Karmada Tar Slips in CRDs archive extraction,0.902615
19,unsafe deserialization in Java RMI service,Hybrid,11,CVE-2026-40159,PraisonAI Exposes Sensitive Environment Variable via Untrusted MCP Subprocess Execution,0.901277
19,unsafe deserialization in Java RMI service,Hybrid,12,CVE-2025-67091,(no title),0.901260
19,unsafe deserialization in Java RMI service,Hybrid,13,CVE-2024-43803,BMO can expose particularly named secrets from other namespaces via BMH CRD,0.900825
19,unsafe deserialization in Java RMI service,Hybrid,14,CVE-2024-31457,gin-vue-admin background arbitrary code coverage vulnerability,0.900668
19,unsafe deserialization in Java RMI service,Hybrid,15,CVE-2020-14004,(no title),0.900601
19,unsafe deserialization in Java RMI service,Hybrid,16,CVE-2021-35975,(no title),0.900426
19,unsafe deserialization in Java RMI service,Hybrid,17,CVE-2024-42099,s390/dasd: Fix invalid dereferencing of indirect CCW data pointer,0.900163
19,unsafe deserialization in Java RMI service,Hybrid,18,CVE-2026-32146,Improper Path Validation in Git Dependency Handling Allows Arbitrary File System Modification,0.899882
19,unsafe deserialization in Java RMI service,Hybrid,19,CVE-2017-16690,(no title),0.899843
19,unsafe deserialization in Java RMI service,Hybrid,20,CVE-2022-28658,(no title),0.899684
19,unsafe deserialization in Java RMI service,Hybrid,21,CVE-2021-47366,afs: Fix corruption in reads at fpos 2G-4G from an OpenAFS server,0.899575
19,unsafe deserialization in Java RMI service,Hybrid,22,CVE-2022-29184,Command Injection/Argument Injection in GoCD,0.899290
19,unsafe deserialization in Java RMI service,Hybrid,23,CVE-2025-34234,Vasion Print (formerly PrinterLogic) Hardcoded Encryption Private Keys,0.899213
19,unsafe deserialization in Java RMI service,Hybrid,24,CVE-2025-14287,Command Injection in mlflow/mlflow,0.899060
19,unsafe deserialization in Java RMI service,Hybrid,25,CVE-2025-37950,ocfs2: fix panic in failed foilio allocation,0.898835
19,unsafe deserialization in Java RMI service,Taumode,1,CVE-2026-24046,Backstage has a Possible Symlink Path Traversal in Scaffolder Actions,0.946433
19,unsafe deserialization in Java RMI service,Taumode,2,CVE-2021-47176,s390/dasd: add missing discipline function,0.945956
19,unsafe deserialization in Java RMI service,Taumode,3,CVE-2025-40362,ceph: fix multifs mds auth caps issue,0.944643
19,unsafe deserialization in Java RMI service,Taumode,4,CVE-2025-62156,argo-workflows Zip Slip path traversal allows arbitrary file write and container configuration overwrite,0.943917
19,unsafe deserialization in Java RMI service,Taumode,5,CVE-2023-35165,AWS CDK EKS overly permissive trust policies,0.943866
19,unsafe deserialization in Java RMI service,Taumode,6,CVE-2017-8411,(no title),0.943633
19,unsafe deserialization in Java RMI service,Taumode,7,CVE-2026-24056,pnpm has symlink traversal in file:/git dependencies,0.943358
19,unsafe deserialization in Java RMI service,Taumode,8,CVE-2022-50255,tracing: Fix reading strings from synthetic events,0.943352
19,unsafe deserialization in Java RMI service,Taumode,9,CVE-2017-8404,(no title),0.943231
19,unsafe deserialization in Java RMI service,Taumode,10,CVE-2024-56514,Karmada Tar Slips in CRDs archive extraction,0.943173
19,unsafe deserialization in Java RMI service,Taumode,11,CVE-2025-67091,(no title),0.942394
19,unsafe deserialization in Java RMI service,Taumode,12,CVE-2026-40159,PraisonAI Exposes Sensitive Environment Variable via Untrusted MCP Subprocess Execution,0.942304
19,unsafe deserialization in Java RMI service,Taumode,13,CVE-2024-43803,BMO can expose particularly named secrets from other namespaces via BMH CRD,0.942087
19,unsafe deserialization in Java RMI service,Taumode,14,CVE-2024-31457,gin-vue-admin background arbitrary code coverage vulnerability,0.942002
19,unsafe deserialization in Java RMI service,Taumode,15,CVE-2020-14004,(no title),0.941947
19,unsafe deserialization in Java RMI service,Taumode,16,CVE-2021-35975,(no title),0.941842
19,unsafe deserialization in Java RMI service,Taumode,17,CVE-2024-42099,s390/dasd: Fix invalid dereferencing of indirect CCW data pointer,0.941744
19,unsafe deserialization in Java RMI service,Taumode,18,CVE-2026-32146,Improper Path Validation in Git Dependency Handling Allows Arbitrary File System Modification,0.941597
19,unsafe deserialization in Java RMI service,Taumode,19,CVE-2017-16690,(no title),0.941468
19,unsafe deserialization in Java RMI service,Taumode,20,CVE-2022-28658,(no title),0.941457
19,unsafe deserialization in Java RMI service,Taumode,21,CVE-2021-47366,afs: Fix corruption in reads at fpos 2G-4G from an OpenAFS server,0.941361
19,unsafe deserialization in Java RMI service,Taumode,22,CVE-2022-29184,Command Injection/Argument Injection in GoCD,0.941176
19,unsafe deserialization in Java RMI service,Taumode,23,CVE-2025-14287,Command Injection in mlflow/mlflow,0.941082
19,unsafe deserialization in Java RMI service,Taumode,24,CVE-2025-34234,Vasion Print (formerly PrinterLogic) Hardcoded Encryption Private Keys,0.940952
19,unsafe deserialization in Java RMI service,Taumode,25,CVE-2025-38416,NFC: nci: uart: Set tty->disc_data only in success path,0.940926
20,cross-tenant data exposure in multi-tenant storage service,Cosine,1,CVE-2005-0039,(no title),0.879959
20,cross-tenant data exposure in multi-tenant storage service,Cosine,2,CVE-2017-8331,(no title),0.873343
20,cross-tenant data exposure in multi-tenant storage service,Cosine,3,CVE-2024-50281,KEYS: trusted: dcp: fix NULL dereference in AEAD crypto operation,0.871506
20,cross-tenant data exposure in multi-tenant storage service,Cosine,4,CVE-2011-2716,(no title),0.867956
20,cross-tenant data exposure in multi-tenant storage service,Cosine,5,CVE-2017-8411,(no title),0.867612
20,cross-tenant data exposure in multi-tenant storage service,Cosine,6,CVE-2017-8404,(no title),0.867005
20,cross-tenant data exposure in multi-tenant storage service,Cosine,7,CVE-2023-39903,(no title),0.866215
20,cross-tenant data exposure in multi-tenant storage service,Cosine,8,CVE-2019-10638,(no title),0.865442
20,cross-tenant data exposure in multi-tenant storage service,Cosine,9,CVE-2025-37799,vmxnet3: Fix malformed packet sizing in vmxnet3_process_xdp,0.865396
20,cross-tenant data exposure in multi-tenant storage service,Cosine,10,CVE-2007-1057,(no title),0.865223
20,cross-tenant data exposure in multi-tenant storage service,Cosine,11,CVE-2019-13269,(no title),0.864270
20,cross-tenant data exposure in multi-tenant storage service,Cosine,12,CVE-2009-0416,(no title),0.863738
20,cross-tenant data exposure in multi-tenant storage service,Cosine,13,CVE-2023-53103,bonding: restore bond's IFF_SLAVE flag if a non-eth dev enslave fails,0.863614
20,cross-tenant data exposure in multi-tenant storage service,Cosine,14,CVE-2021-43784,Overflow in netlink bytemsg length field allows attacker to override netlink-based container configuration,0.862833
20,cross-tenant data exposure in multi-tenant storage service,Cosine,15,CVE-2022-36063,USBX Host CDC ECM integer underflow with buffer overflow,0.862158
20,cross-tenant data exposure in multi-tenant storage service,Cosine,16,CVE-2022-49272,ALSA: pcm: Fix potential AB/BA lock with buffer_mutex and mmap_lock,0.861976
20,cross-tenant data exposure in multi-tenant storage service,Cosine,17,CVE-2017-8330,(no title),0.861877
20,cross-tenant data exposure in multi-tenant storage service,Cosine,18,CVE-2011-1930,(no title),0.861625
20,cross-tenant data exposure in multi-tenant storage service,Cosine,19,CVE-2026-40159,PraisonAI Exposes Sensitive Environment Variable via Untrusted MCP Subprocess Execution,0.861519
20,cross-tenant data exposure in multi-tenant storage service,Cosine,20,CVE-2024-8901,Lack of JWT issuer and signer validation,0.861255
20,cross-tenant data exposure in multi-tenant storage service,Cosine,21,CVE-2026-29054,"Traefik: lowercase `Connection` tokens can delete traefik-managed forwarded identity headers (for example, `X-Real-Ip`)",0.861087
20,cross-tenant data exposure in multi-tenant storage service,Cosine,22,CVE-2008-1397,(no title),0.860850
20,cross-tenant data exposure in multi-tenant storage service,Cosine,23,CVE-2015-4555,(no title),0.860510
20,cross-tenant data exposure in multi-tenant storage service,Cosine,24,CVE-2024-47659,"smack: tcp: ipv4, fix incorrect labeling",0.860500
20,cross-tenant data exposure in multi-tenant storage service,Cosine,25,CVE-2010-0306,(no title),0.859885
20,cross-tenant data exposure in multi-tenant storage service,Hybrid,1,CVE-2025-37822,riscv: uprobes: Add missing fence.i after building the XOL buffer,0.891353
20,cross-tenant data exposure in multi-tenant storage service,Hybrid,2,CVE-2006-0023,(no title),0.885729
20,cross-tenant data exposure in multi-tenant storage service,Hybrid,3,CVE-2024-42132,bluetooth/hci: disallow setting handle bigger than HCI_CONN_HANDLE_MAX,0.881564
20,cross-tenant data exposure in multi-tenant storage service,Hybrid,4,CVE-2018-19986,(no title),0.879711
20,cross-tenant data exposure in multi-tenant storage service,Hybrid,5,CVE-2025-37812,usb: cdns3: Fix deadlock when using NCM gadget,0.877708
20,cross-tenant data exposure in multi-tenant storage service,Hybrid,6,CVE-2025-68726,crypto: aead - Fix reqsize handling,0.875977
20,cross-tenant data exposure in multi-tenant storage service,Hybrid,7,CVE-2022-49961,bpf: Do mark_chain_precision for ARG_CONST_ALLOC_SIZE_OR_ZERO,0.875833
20,cross-tenant data exposure in multi-tenant storage service,Hybrid,8,CVE-2020-12884,(no title),0.875621
20,cross-tenant data exposure in multi-tenant storage service,Hybrid,9,CVE-2021-35523,(no title),0.873464
20,cross-tenant data exposure in multi-tenant storage service,Hybrid,10,CVE-2025-40046,io_uring/zcrx: fix overshooting recv limit,0.872742
20,cross-tenant data exposure in multi-tenant storage service,Hybrid,11,CVE-2024-50281,KEYS: trusted: dcp: fix NULL dereference in AEAD crypto operation,0.872517
20,cross-tenant data exposure in multi-tenant storage service,Hybrid,12,CVE-2018-8897,(no title),0.872161
20,cross-tenant data exposure in multi-tenant storage service,Hybrid,13,CVE-2006-5817,(no title),0.871950
20,cross-tenant data exposure in multi-tenant storage service,Hybrid,14,CVE-2009-1184,(no title),0.871829
20,cross-tenant data exposure in multi-tenant storage service,Hybrid,15,CVE-2001-0497,(no title),0.871126
20,cross-tenant data exposure in multi-tenant storage service,Hybrid,16,CVE-2024-40974,powerpc/pseries: Enforce hcall result buffer validity and size,0.870374
20,cross-tenant data exposure in multi-tenant storage service,Hybrid,17,CVE-2008-5133,(no title),0.869055
20,cross-tenant data exposure in multi-tenant storage service,Hybrid,18,CVE-2024-27403,netfilter: nft_flow_offload: reset dst in route object after setting up flow,0.868810
20,cross-tenant data exposure in multi-tenant storage service,Hybrid,19,CVE-2013-2179,(no title),0.868661
20,cross-tenant data exposure in multi-tenant storage service,Hybrid,20,CVE-2010-2942,(no title),0.868229
20,cross-tenant data exposure in multi-tenant storage service,Hybrid,21,CVE-2009-3163,(no title),0.868121
20,cross-tenant data exposure in multi-tenant storage service,Hybrid,22,CVE-2001-1078,(no title),0.867855
20,cross-tenant data exposure in multi-tenant storage service,Hybrid,23,CVE-2007-4272,(no title),0.867798
20,cross-tenant data exposure in multi-tenant storage service,Hybrid,24,CVE-2019-18934,(no title),0.867571
20,cross-tenant data exposure in multi-tenant storage service,Hybrid,25,CVE-2013-2851,(no title),0.867435
20,cross-tenant data exposure in multi-tenant storage service,Taumode,1,CVE-2025-37822,riscv: uprobes: Add missing fence.i after building the XOL buffer,0.933099
20,cross-tenant data exposure in multi-tenant storage service,Taumode,2,CVE-2024-42132,bluetooth/hci: disallow setting handle bigger than HCI_CONN_HANDLE_MAX,0.929119
20,cross-tenant data exposure in multi-tenant storage service,Taumode,3,CVE-2006-0023,(no title),0.927480
20,cross-tenant data exposure in multi-tenant storage service,Taumode,4,CVE-2022-49961,bpf: Do mark_chain_precision for ARG_CONST_ALLOC_SIZE_OR_ZERO,0.926943
20,cross-tenant data exposure in multi-tenant storage service,Taumode,5,CVE-2025-40046,io_uring/zcrx: fix overshooting recv limit,0.923703
20,cross-tenant data exposure in multi-tenant storage service,Taumode,6,CVE-2018-19986,(no title),0.923515
20,cross-tenant data exposure in multi-tenant storage service,Taumode,7,CVE-2006-5817,(no title),0.923441
20,cross-tenant data exposure in multi-tenant storage service,Taumode,8,CVE-2020-12884,(no title),0.920785
20,cross-tenant data exposure in multi-tenant storage service,Taumode,9,CVE-2022-27882,(no title),0.919675
20,cross-tenant data exposure in multi-tenant storage service,Taumode,10,CVE-2021-35523,(no title),0.919298
20,cross-tenant data exposure in multi-tenant storage service,Taumode,11,CVE-2008-5133,(no title),0.918872
20,cross-tenant data exposure in multi-tenant storage service,Taumode,12,CVE-2019-11644,(no title),0.918706
20,cross-tenant data exposure in multi-tenant storage service,Taumode,13,CVE-2024-40974,powerpc/pseries: Enforce hcall result buffer validity and size,0.918646
20,cross-tenant data exposure in multi-tenant storage service,Taumode,14,CVE-2019-19449,(no title),0.918288
20,cross-tenant data exposure in multi-tenant storage service,Taumode,15,CVE-2001-0497,(no title),0.917877
20,cross-tenant data exposure in multi-tenant storage service,Taumode,16,CVE-2019-18934,(no title),0.917778
20,cross-tenant data exposure in multi-tenant storage service,Taumode,17,CVE-2017-18269,(no title),0.917274
20,cross-tenant data exposure in multi-tenant storage service,Taumode,18,CVE-2019-9579,(no title),0.916682
20,cross-tenant data exposure in multi-tenant storage service,Taumode,19,CVE-2009-1184,(no title),0.916446
20,cross-tenant data exposure in multi-tenant storage service,Taumode,20,CVE-2026-40489,editorconfig-core-c has incomplete fix for CVE-2023-0341,0.916249
20,cross-tenant data exposure in multi-tenant storage service,Taumode,21,CVE-2007-4272,(no title),0.916229
20,cross-tenant data exposure in multi-tenant storage service,Taumode,22,CVE-2013-2179,(no title),0.915723
20,cross-tenant data exposure in multi-tenant storage service,Taumode,23,CVE-2015-8154,(no title),0.915346
20,cross-tenant data exposure in multi-tenant storage service,Taumode,24,CVE-2005-1508,(no title),0.915179
20,cross-tenant data exposure in multi-tenant storage service,Taumode,25,CVE-2008-4987,(no title),0.914420
21,double free vulnerability in archive extraction library,Cosine,1,CVE-2009-4003,(no title),0.740581
21,double free vulnerability in archive extraction library,Cosine,2,CVE-2016-3945,(no title),0.740248
21,double free vulnerability in archive extraction library,Cosine,3,CVE-2012-2665,(no title),0.738847
21,double free vulnerability in archive extraction library,Cosine,4,CVE-2025-39806,HID: multitouch: fix slab out-of-bounds access in mt_report_fixup(),0.737575
21,double free vulnerability in archive extraction library,Cosine,5,CVE-2009-0583,(no title),0.735250
21,double free vulnerability in archive extraction library,Cosine,6,CVE-2012-4405,(no title),0.734470
21,double free vulnerability in archive extraction library,Cosine,7,CVE-2009-1869,(no title),0.732884
21,double free vulnerability in archive extraction library,Cosine,8,CVE-2022-48978,HID: core: fix shift-out-of-bounds in hid_report_raw_event,0.732881
21,double free vulnerability in archive extraction library,Cosine,9,CVE-2006-1540,(no title),0.732429
21,double free vulnerability in archive extraction library,Cosine,10,CVE-2012-2795,(no title),0.731873
21,double free vulnerability in archive extraction library,Cosine,11,CVE-2009-0690,(no title),0.731697
21,double free vulnerability in archive extraction library,Cosine,12,CVE-2007-4344,(no title),0.731421
21,double free vulnerability in archive extraction library,Cosine,13,CVE-2014-9670,(no title),0.730981
21,double free vulnerability in archive extraction library,Cosine,14,CVE-2010-3000,(no title),0.730615
21,double free vulnerability in archive extraction library,Cosine,15,CVE-2009-0792,(no title),0.729070
21,double free vulnerability in archive extraction library,Cosine,16,CVE-2013-0003,(no title),0.729030
21,double free vulnerability in archive extraction library,Cosine,17,CVE-2026-23406,apparmor: fix side-effect bug in match_char() macro usage,0.728432
21,double free vulnerability in archive extraction library,Cosine,18,CVE-2021-47243,sch_cake: Fix out of bounds when parsing TCP options and header,0.727961
21,double free vulnerability in archive extraction library,Cosine,19,CVE-2017-8312,(no title),0.727891
21,double free vulnerability in archive extraction library,Cosine,20,CVE-2013-0862,(no title),0.727852
21,double free vulnerability in archive extraction library,Cosine,21,CVE-2011-1567,(no title),0.727129
21,double free vulnerability in archive extraction library,Cosine,22,CVE-2026-23407,apparmor: fix missing bounds check on DEFAULT table in verify_dfa(),0.726893
21,double free vulnerability in archive extraction library,Cosine,23,CVE-2025-40114,iio: light: Add check for array bounds in veml6075_read_int_time_ms,0.726327
21,double free vulnerability in archive extraction library,Cosine,24,CVE-2025-37761,drm/xe: Fix an out-of-bounds shift when invalidating TLB,0.726272
21,double free vulnerability in archive extraction library,Cosine,25,CVE-2013-3940,(no title),0.726014
21,double free vulnerability in archive extraction library,Hybrid,1,CVE-2009-4003,(no title),0.804333
21,double free vulnerability in archive extraction library,Hybrid,2,CVE-2016-3945,(no title),0.804084
21,double free vulnerability in archive extraction library,Hybrid,3,CVE-2012-2665,(no title),0.803052
21,double free vulnerability in archive extraction library,Hybrid,4,CVE-2025-39806,HID: multitouch: fix slab out-of-bounds access in mt_report_fixup(),0.802180
21,double free vulnerability in archive extraction library,Hybrid,5,CVE-2009-0583,(no title),0.800475
21,double free vulnerability in archive extraction library,Hybrid,6,CVE-2012-4405,(no title),0.799877
21,double free vulnerability in archive extraction library,Hybrid,7,CVE-2022-48978,HID: core: fix shift-out-of-bounds in hid_report_raw_event,0.798873
21,double free vulnerability in archive extraction library,Hybrid,8,CVE-2009-1869,(no title),0.798787
21,double free vulnerability in archive extraction library,Hybrid,9,CVE-2006-1540,(no title),0.798493
21,double free vulnerability in archive extraction library,Hybrid,10,CVE-2009-0690,(no title),0.797942
21,double free vulnerability in archive extraction library,Hybrid,11,CVE-2007-4344,(no title),0.797734
21,double free vulnerability in archive extraction library,Hybrid,12,CVE-2014-9670,(no title),0.797424
21,double free vulnerability in archive extraction library,Hybrid,13,CVE-2010-3000,(no title),0.797207
21,double free vulnerability in archive extraction library,Hybrid,14,CVE-2009-0136,(no title),0.797179
21,double free vulnerability in archive extraction library,Hybrid,15,CVE-2009-0792,(no title),0.796028
21,double free vulnerability in archive extraction library,Hybrid,16,CVE-2013-0003,(no title),0.795990
21,double free vulnerability in archive extraction library,Hybrid,17,CVE-2026-23406,apparmor: fix side-effect bug in match_char() macro usage,0.795625
21,double free vulnerability in archive extraction library,Hybrid,18,CVE-2017-8312,(no title),0.795190
21,double free vulnerability in archive extraction library,Hybrid,19,CVE-2021-47243,sch_cake: Fix out of bounds when parsing TCP options and header,0.795183
21,double free vulnerability in archive extraction library,Hybrid,20,CVE-2013-0862,(no title),0.795165
21,double free vulnerability in archive extraction library,Hybrid,21,CVE-2011-1567,(no title),0.794693
21,double free vulnerability in archive extraction library,Hybrid,22,CVE-2026-23407,apparmor: fix missing bounds check on DEFAULT table in verify_dfa(),0.794547
21,double free vulnerability in archive extraction library,Hybrid,23,CVE-2025-40114,iio: light: Add check for array bounds in veml6075_read_int_time_ms,0.794063
21,double free vulnerability in archive extraction library,Hybrid,24,CVE-2025-37761,drm/xe: Fix an out-of-bounds shift when invalidating TLB,0.794026
21,double free vulnerability in archive extraction library,Hybrid,25,CVE-2013-3940,(no title),0.793830
21,double free vulnerability in archive extraction library,Taumode,1,CVE-2025-39967,fbcon: fix integer overflow in fbcon_do_set_font,0.876817
21,double free vulnerability in archive extraction library,Taumode,2,CVE-2009-0136,(no title),0.875353
21,double free vulnerability in archive extraction library,Taumode,3,CVE-2012-2800,(no title),0.875351
21,double free vulnerability in archive extraction library,Taumode,4,CVE-2012-1530,(no title),0.874696
21,double free vulnerability in archive extraction library,Taumode,5,CVE-2009-4003,(no title),0.872639
21,double free vulnerability in archive extraction library,Taumode,6,CVE-2013-5688,(no title),0.872547
21,double free vulnerability in archive extraction library,Taumode,7,CVE-2016-3945,(no title),0.872480
21,double free vulnerability in archive extraction library,Taumode,8,CVE-2012-2665,(no title),0.871844
21,double free vulnerability in archive extraction library,Taumode,9,CVE-2016-9296,(no title),0.871541
21,double free vulnerability in archive extraction library,Taumode,10,CVE-2025-39806,HID: multitouch: fix slab out-of-bounds access in mt_report_fixup(),0.871399
21,double free vulnerability in archive extraction library,Taumode,11,CVE-2012-4944,(no title),0.871347
21,double free vulnerability in archive extraction library,Taumode,12,CVE-2012-2571,(no title),0.871182
21,double free vulnerability in archive extraction library,Taumode,13,CVE-2009-0583,(no title),0.870358
21,double free vulnerability in archive extraction library,Taumode,14,CVE-2009-2548,(no title),0.870279
21,double free vulnerability in archive extraction library,Taumode,15,CVE-2012-5324,(no title),0.870152
21,double free vulnerability in archive extraction library,Taumode,16,CVE-2012-4405,(no title),0.869956
21,double free vulnerability in archive extraction library,Taumode,17,CVE-2021-29568,Reference binding to null in `ParameterizedTruncatedNormal`,0.869584
21,double free vulnerability in archive extraction library,Taumode,18,CVE-2022-48978,HID: core: fix shift-out-of-bounds in hid_report_raw_event,0.869580
21,double free vulnerability in archive extraction library,Taumode,19,CVE-2009-1869,(no title),0.869397
21,double free vulnerability in archive extraction library,Taumode,20,CVE-2023-54295,mtd: spi-nor: Fix shift-out-of-bounds in spi_nor_set_erase_type,0.869295
21,double free vulnerability in archive extraction library,Taumode,21,CVE-2006-1540,(no title),0.869275
21,double free vulnerability in archive extraction library,Taumode,22,CVE-2008-0456,(no title),0.869251
21,double free vulnerability in archive extraction library,Taumode,23,CVE-2009-1935,(no title),0.869049
21,double free vulnerability in archive extraction library,Taumode,24,CVE-2009-0690,(no title),0.868918
21,double free vulnerability in archive extraction library,Taumode,25,CVE-2007-4344,(no title),0.868783
22,memory disclosure via uninitialized stack buffer,Cosine,1,CVE-2026-33182,Saloon is vulnerable to SSRF and credential leakage via absolute URL in endpoint overriding base URL,0.878325
22,memory disclosure via uninitialized stack buffer,Cosine,2,CVE-2025-6087,SSRF vulnerability in opennextjs-cloudflare via /_next/image endpoint,0.878183
22,memory disclosure via uninitialized stack buffer,Cosine,3,CVE-2015-3141,(no title),0.878013
22,memory disclosure via uninitialized stack buffer,Cosine,4,CVE-2026-32812,Admidio Vulnerable to SSRF and Local File Read via Unrestricted URL Fetch in SSO Metadata Endpoint,0.876340
22,memory disclosure via uninitialized stack buffer,Cosine,5,CVE-2011-3684,(no title),0.876250
22,memory disclosure via uninitialized stack buffer,Cosine,6,CVE-2025-62427,Server-Side Request Forgery (SSRF) in Angular SSR,0.874320
22,memory disclosure via uninitialized stack buffer,Cosine,7,CVE-2022-3918,(no title),0.873249
22,memory disclosure via uninitialized stack buffer,Cosine,8,CVE-2020-11767,(no title),0.873106
22,memory disclosure via uninitialized stack buffer,Cosine,9,CVE-2015-6509,(no title),0.872469
22,memory disclosure via uninitialized stack buffer,Cosine,10,CVE-2025-64067,(no title),0.872333
22,memory disclosure via uninitialized stack buffer,Cosine,11,CVE-2012-3805,(no title),0.872052
22,memory disclosure via uninitialized stack buffer,Cosine,12,CVE-2007-5403,(no title),0.871974
22,memory disclosure via uninitialized stack buffer,Cosine,13,CVE-2007-0186,(no title),0.871035
22,memory disclosure via uninitialized stack buffer,Cosine,14,CVE-2012-3836,(no title),0.869923
22,memory disclosure via uninitialized stack buffer,Cosine,15,CVE-2014-4309,(no title),0.869407
22,memory disclosure via uninitialized stack buffer,Cosine,16,CVE-2013-2107,(no title),0.869301
22,memory disclosure via uninitialized stack buffer,Cosine,17,CVE-2022-35924,Verification requests (magic link) sent to unwanted emails,0.868122
22,memory disclosure via uninitialized stack buffer,Cosine,18,CVE-2011-4670,(no title),0.867638
22,memory disclosure via uninitialized stack buffer,Cosine,19,CVE-2010-5315,(no title),0.866805
22,memory disclosure via uninitialized stack buffer,Cosine,20,CVE-2026-35587,Glances IP Plugin has SSRF via public_api that leads to credential leakage,0.866780
22,memory disclosure via uninitialized stack buffer,Cosine,21,CVE-2025-55045,(no title),0.866717
22,memory disclosure via uninitialized stack buffer,Cosine,22,CVE-2025-34230,Vasion Print (formerly PrinterLogic) Blind SSRF via HP log_off_single_sign_on.php,0.865846
22,memory disclosure via uninitialized stack buffer,Cosine,23,CVE-2026-27739,Angular SSR is vulnerable to SSRF and Header Injection via request handling pipeline,0.865785
22,memory disclosure via uninitialized stack buffer,Cosine,24,CVE-2014-4964,(no title),0.865450
22,memory disclosure via uninitialized stack buffer,Cosine,25,CVE-2022-39369,Service Hostname Discovery Exploitation in phpCAS,0.865429
22,memory disclosure via uninitialized stack buffer,Hybrid,1,CVE-2007-0186,(no title),0.903128
22,memory disclosure via uninitialized stack buffer,Hybrid,2,CVE-2025-55045,(no title),0.895099
22,memory disclosure via uninitialized stack buffer,Hybrid,3,CVE-2009-3017,(no title),0.892541
22,memory disclosure via uninitialized stack buffer,Hybrid,4,CVE-2014-10014,(no title),0.891478
22,memory disclosure via uninitialized stack buffer,Hybrid,5,CVE-2021-31762,(no title),0.890574
22,memory disclosure via uninitialized stack buffer,Hybrid,6,CVE-2021-21644,(no title),0.889935
22,memory disclosure via uninitialized stack buffer,Hybrid,7,CVE-2014-9407,(no title),0.889774
22,memory disclosure via uninitialized stack buffer,Hybrid,8,CVE-2014-3577,(no title),0.889429
22,memory disclosure via uninitialized stack buffer,Hybrid,9,CVE-2013-5954,(no title),0.889256
22,memory disclosure via uninitialized stack buffer,Hybrid,10,CVE-2018-11633,(no title),0.887616
22,memory disclosure via uninitialized stack buffer,Hybrid,11,CVE-2023-48293,XWiki Admin Tools Application CSRF with QueryOnXWiki allows arbitrary database queries,0.887500
22,memory disclosure via uninitialized stack buffer,Hybrid,12,CVE-2009-4571,(no title),0.887373
22,memory disclosure via uninitialized stack buffer,Hybrid,13,CVE-2026-1857,Gutenberg Blocks with AI by Kadence WP <= 3.6.1 - Authenticated (Contributor+) Server-Side Request Forgery via 'endpoint' Parameter,0.887346
22,memory disclosure via uninitialized stack buffer,Hybrid,14,CVE-2014-3111,(no title),0.886434
22,memory disclosure via uninitialized stack buffer,Hybrid,15,CVE-2026-3460,REST API TO MiniProgram <= 5.1.2 - Authenticated (Subscriber+) Insecure Direct Object Reference via 'userid' REST API Parameter,0.885957
22,memory disclosure via uninitialized stack buffer,Hybrid,16,CVE-2023-48653,(no title),0.885919
22,memory disclosure via uninitialized stack buffer,Hybrid,17,CVE-2026-31845,(no title),0.885810
22,memory disclosure via uninitialized stack buffer,Hybrid,18,CVE-2011-5318,(no title),0.885174
22,memory disclosure via uninitialized stack buffer,Hybrid,19,CVE-2026-25726,Cloudreve is vulnerable to Account Takeover via Weak Cryptographic Token Generation (Insecure PRNG Seeding),0.884318
22,memory disclosure via uninitialized stack buffer,Hybrid,20,CVE-2006-4985,(no title),0.884266
22,memory disclosure via uninitialized stack buffer,Hybrid,21,CVE-2026-5488,ExactMetrics <= 9.1.2 - Authenticated (Subscriber+) Missing Authorization to Google Ads Access Token Retrieval via AJAX Action 'exactmetrics_ads_get_token',0.884248
22,memory disclosure via uninitialized stack buffer,Hybrid,22,CVE-2024-13301,OAuth & OpenID Connect Single Sign On – SSO (OAuth/OIDC Client) - Critical - Cross Site Scripting - SA-CONTRIB-2024-067,0.884149
22,memory disclosure via uninitialized stack buffer,Hybrid,23,CVE-2013-2671,(no title),0.884111
22,memory disclosure via uninitialized stack buffer,Hybrid,24,CVE-2026-32890,Anchorr: Stored XSS in User Mapping dropdown allows unprivileged Discord users to exfiltrate all secrets via /api/config,0.883855
22,memory disclosure via uninitialized stack buffer,Hybrid,25,CVE-2026-3595,Riaxe Product Customizer <= 2.1.2 - Unauthenticated Arbitrary User Deletion via 'user_id' Parameter,0.883552
22,memory disclosure via uninitialized stack buffer,Taumode,1,CVE-2007-0186,(no title),0.937513
22,memory disclosure via uninitialized stack buffer,Taumode,2,CVE-2009-3017,(no title),0.936916
22,memory disclosure via uninitialized stack buffer,Taumode,3,CVE-2021-21644,(no title),0.933245
22,memory disclosure via uninitialized stack buffer,Taumode,4,CVE-2014-10014,(no title),0.932731
22,memory disclosure via uninitialized stack buffer,Taumode,5,CVE-2023-48653,(no title),0.932385
22,memory disclosure via uninitialized stack buffer,Taumode,6,CVE-2013-2671,(no title),0.931425
22,memory disclosure via uninitialized stack buffer,Taumode,7,CVE-2023-48293,XWiki Admin Tools Application CSRF with QueryOnXWiki allows arbitrary database queries,0.930082
22,memory disclosure via uninitialized stack buffer,Taumode,8,CVE-2005-3997,(no title),0.929721
22,memory disclosure via uninitialized stack buffer,Taumode,9,CVE-2017-5368,(no title),0.929518
22,memory disclosure via uninitialized stack buffer,Taumode,10,CVE-2026-32890,Anchorr: Stored XSS in User Mapping dropdown allows unprivileged Discord users to exfiltrate all secrets via /api/config,0.929515
22,memory disclosure via uninitialized stack buffer,Taumode,11,CVE-2018-11586,(no title),0.929284
22,memory disclosure via uninitialized stack buffer,Taumode,12,CVE-2026-2879,GetGenie <= 4.3.2 - Insecure Direct Object Reference to Authenticated (Author+) Arbitrary Post Overwrite/Deletion,0.929276
22,memory disclosure via uninitialized stack buffer,Taumode,13,CVE-2018-11633,(no title),0.928589
22,memory disclosure via uninitialized stack buffer,Taumode,14,CVE-2026-25726,Cloudreve is vulnerable to Account Takeover via Weak Cryptographic Token Generation (Insecure PRNG Seeding),0.928584
22,memory disclosure via uninitialized stack buffer,Taumode,15,CVE-2026-3460,REST API TO MiniProgram <= 5.1.2 - Authenticated (Subscriber+) Insecure Direct Object Reference via 'userid' REST API Parameter,0.928339
22,memory disclosure via uninitialized stack buffer,Taumode,16,CVE-2026-4283,WP DSGVO Tools (GDPR) <= 3.1.38 - Missing Authorization to Unauthenticated Account Destruction of Non-Admin Users,0.928232
22,memory disclosure via uninitialized stack buffer,Taumode,17,CVE-2013-4881,(no title),0.928107
22,memory disclosure via uninitialized stack buffer,Taumode,18,CVE-2014-3111,(no title),0.927554
22,memory disclosure via uninitialized stack buffer,Taumode,19,CVE-2010-2281,(no title),0.927533
22,memory disclosure via uninitialized stack buffer,Taumode,20,CVE-2014-9407,(no title),0.927326
22,memory disclosure via uninitialized stack buffer,Taumode,21,CVE-2005-1440,(no title),0.926759
22,memory disclosure via uninitialized stack buffer,Taumode,22,CVE-2025-64717,ZITADEL vulnerable to Account Takeover with deactivated Instance IdP,0.926740
22,memory disclosure via uninitialized stack buffer,Taumode,23,CVE-2014-3577,(no title),0.926476
22,memory disclosure via uninitialized stack buffer,Taumode,24,CVE-2013-5954,(no title),0.926322
22,memory disclosure via uninitialized stack buffer,Taumode,25,CVE-2026-2442,Pagelayer <= 2.0.7 - Improper Neutralization of CRLF Sequences to Unauthenticated Email Header Injection via 'email',0.926232
23,command injection in router web administration interface,Cosine,1,CVE-2024-43907,drm/amdgpu/pm: Fix the null pointer dereference in apply_state_adjust_rules,0.824027
23,command injection in router web administration interface,Cosine,2,CVE-2022-50148,kernfs: fix potential NULL dereference in __kernfs_remove,0.814484
23,command injection in router web administration interface,Cosine,3,CVE-2023-53399,ksmbd: fix NULL pointer dereference in smb2_get_info_filesystem(),0.814316
23,command injection in router web administration interface,Cosine,4,CVE-2025-38316,wifi: mt76: mt7996: avoid NULL pointer dereference in mt7996_set_monitor(),0.812395
23,command injection in router web administration interface,Cosine,5,CVE-2024-56711,drm/panel: himax-hx83102: Add a check to prevent NULL pointer dereference,0.812060
23,command injection in router web administration interface,Cosine,6,CVE-2023-52473,thermal: core: Fix NULL pointer dereference in zone registration error path,0.810290
23,command injection in router web administration interface,Cosine,7,CVE-2022-50276,power: supply: fix null pointer dereferencing in power_supply_get_battery_info,0.810040
23,command injection in router web administration interface,Cosine,8,CVE-2024-26729,drm/amd/display: Fix potential null pointer dereference in dc_dmub_srv,0.809224
23,command injection in router web administration interface,Cosine,9,CVE-2025-37792,Bluetooth: btrtl: Prevent potential NULL dereference,0.809085
23,command injection in router web administration interface,Cosine,10,CVE-2023-52450,perf/x86/intel/uncore: Fix NULL pointer dereference issue in upi_fill_topology(),0.809040
23,command injection in router web administration interface,Cosine,11,CVE-2026-23328,accel/amdxdna: Fix NULL pointer dereference of mgmt_chann,0.808933
23,command injection in router web administration interface,Cosine,12,CVE-2023-53206,hwmon: (pmbus_core) Fix NULL pointer dereference,0.806039
23,command injection in router web administration interface,Cosine,13,CVE-2023-52815,drm/amdgpu/vkms: fix a possible null pointer dereference,0.805887
23,command injection in router web administration interface,Cosine,14,CVE-2025-27701,(no title),0.803830
23,command injection in router web administration interface,Cosine,15,CVE-2025-40033,remoteproc: pru: Fix potential NULL pointer dereference in pru_rproc_set_ctable(),0.803612
23,command injection in router web administration interface,Cosine,16,CVE-2024-43821,scsi: lpfc: Fix a possible null pointer dereference,0.803452
23,command injection in router web administration interface,Cosine,17,CVE-2022-50402,drivers/md/md-bitmap: check the return value of md_bitmap_get_counter(),0.802911
23,command injection in router web administration interface,Cosine,18,CVE-2025-39875,igb: Fix NULL pointer dereference in ethtool loopback test,0.802016
23,command injection in router web administration interface,Cosine,19,CVE-2021-4110,NULL Pointer Dereference in mruby/mruby,0.801491
23,command injection in router web administration interface,Cosine,20,CVE-2021-47003,dmaengine: idxd: Fix potential null dereference on pointer status,0.800637
23,command injection in router web administration interface,Cosine,21,CVE-2023-53476,iw_cxgb4: Fix potential NULL dereference in c4iw_fill_res_cm_id_entry(),0.800202
23,command injection in router web administration interface,Cosine,22,CVE-2021-47211,ALSA: usb-audio: fix null pointer dereference on pointer cs_desc,0.799706
23,command injection in router web administration interface,Cosine,23,CVE-2024-43823,PCI: keystone: Fix NULL pointer dereference in case of DT error in ks_pcie_setup_rc_app_regs(),0.799642
23,command injection in router web administration interface,Cosine,24,CVE-2023-52826,drm/panel/panel-tpo-tpg110: fix a possible null pointer dereference,0.799559
23,command injection in router web administration interface,Cosine,25,CVE-2021-4188,NULL Pointer Dereference in mruby/mruby,0.798689
23,command injection in router web administration interface,Hybrid,1,CVE-2025-21941,drm/amd/display: Fix null check for pipe_ctx->plane_state in resource_build_scaling_params,0.837929
23,command injection in router web administration interface,Hybrid,2,CVE-2024-48873,wifi: rtw89: check return value of ieee80211_probereq_get() for RNR,0.837553
23,command injection in router web administration interface,Hybrid,3,CVE-2024-46719,usb: typec: ucsi: Fix null pointer dereference in trace,0.833249
23,command injection in router web administration interface,Hybrid,4,CVE-2023-53384,wifi: mwifiex: avoid possible NULL skb pointer dereference,0.831879
23,command injection in router web administration interface,Hybrid,5,CVE-2024-42132,bluetooth/hci: disallow setting handle bigger than HCI_CONN_HANDLE_MAX,0.830086
23,command injection in router web administration interface,Hybrid,6,CVE-2022-50878,gpu: lontium-lt9611: Fix NULL pointer dereference in lt9611_connector_init(),0.829917
23,command injection in router web administration interface,Hybrid,7,CVE-2021-47003,dmaengine: idxd: Fix potential null dereference on pointer status,0.828518
23,command injection in router web administration interface,Hybrid,8,CVE-2025-38485,iio: accel: fxls8962af: Fix use after free in fxls8962af_fifo_flush,0.827534
23,command injection in router web administration interface,Hybrid,9,CVE-2024-40964,ALSA: hda: cs35l41: Possible null pointer dereference in cs35l41_hda_unbind(),0.827177
23,command injection in router web administration interface,Hybrid,10,CVE-2023-53664,OPP: Fix potential null ptr dereference in dev_pm_opp_get_required_pstate(),0.827089
23,command injection in router web administration interface,Hybrid,11,CVE-2025-40072,fanotify: Validate the return value of mnt_ns_from_dentry() before dereferencing,0.826811
23,command injection in router web administration interface,Hybrid,12,CVE-2025-68238,mtd: rawnand: cadence: fix DMA device NULL pointer dereference,0.826097
23,command injection in router web administration interface,Hybrid,13,CVE-2024-26978,serial: max310x: fix NULL pointer dereference in I2C instantiation,0.825764
23,command injection in router web administration interface,Hybrid,14,CVE-2024-53060,drm/amdgpu: prevent NULL pointer dereference if ATIF is not supported,0.825015
23,command injection in router web administration interface,Hybrid,15,CVE-2025-21723,scsi: mpi3mr: Fix possible crash when setting up bsg fails,0.824748
23,command injection in router web administration interface,Hybrid,16,CVE-2025-40033,remoteproc: pru: Fix potential NULL pointer dereference in pru_rproc_set_ctable(),0.824366
23,command injection in router web administration interface,Hybrid,17,CVE-2021-47050,memory: renesas-rpc-if: fix possible NULL pointer dereference of resource,0.824055
23,command injection in router web administration interface,Hybrid,18,CVE-2024-40493,(no title),0.823821
23,command injection in router web administration interface,Hybrid,19,CVE-2024-35977,platform/chrome: cros_ec_uart: properly fix race condition,0.823598
23,command injection in router web administration interface,Hybrid,20,CVE-2024-43907,drm/amdgpu/pm: Fix the null pointer dereference in apply_state_adjust_rules,0.823260
23,command injection in router web administration interface,Hybrid,21,CVE-2023-23004,(no title),0.823190
23,command injection in router web administration interface,Hybrid,22,CVE-2024-35857,icmp: prevent possible NULL dereferences from icmp_build_probe(),0.823139
23,command injection in router web administration interface,Hybrid,23,CVE-2025-68345,ALSA: hda: cs35l41: Fix NULL pointer dereference in cs35l41_hda_read_acpi(),0.821594
23,command injection in router web administration interface,Hybrid,24,CVE-2024-43823,PCI: keystone: Fix NULL pointer dereference in case of DT error in ks_pcie_setup_rc_app_regs(),0.821294
23,command injection in router web administration interface,Hybrid,25,CVE-2023-53190,vxlan: Fix memory leaks in error path,0.821103
23,command injection in router web administration interface,Taumode,1,CVE-2024-42132,bluetooth/hci: disallow setting handle bigger than HCI_CONN_HANDLE_MAX,0.900016
23,command injection in router web administration interface,Taumode,2,CVE-2025-68238,mtd: rawnand: cadence: fix DMA device NULL pointer dereference,0.897035
23,command injection in router web administration interface,Taumode,3,CVE-2025-39858,eth: mlx4: Fix IS_ERR() vs NULL check bug in mlx4_en_create_rx_ring,0.894691
23,command injection in router web administration interface,Taumode,4,CVE-2025-38485,iio: accel: fxls8962af: Fix use after free in fxls8962af_fifo_flush,0.894611
23,command injection in router web administration interface,Taumode,5,CVE-2023-53384,wifi: mwifiex: avoid possible NULL skb pointer dereference,0.893031
23,command injection in router web administration interface,Taumode,6,CVE-2023-23004,(no title),0.892926
23,command injection in router web administration interface,Taumode,7,CVE-2025-21723,scsi: mpi3mr: Fix possible crash when setting up bsg fails,0.892545
23,command injection in router web administration interface,Taumode,8,CVE-2025-38215,fbdev: Fix do_register_framebuffer to prevent null-ptr-deref in fb_videomode_to_var,0.890998
23,command injection in router web administration interface,Taumode,9,CVE-2024-48873,wifi: rtw89: check return value of ieee80211_probereq_get() for RNR,0.890259
23,command injection in router web administration interface,Taumode,10,CVE-2022-49120,scsi: pm8001: Fix task leak in pm8001_send_abort_all(),0.889422
23,command injection in router web administration interface,Taumode,11,CVE-2022-49961,bpf: Do mark_chain_precision for ARG_CONST_ALLOC_SIZE_OR_ZERO,0.889127
23,command injection in router web administration interface,Taumode,12,CVE-2023-31081,(no title),0.888889
23,command injection in router web administration interface,Taumode,13,CVE-2025-71233,PCI: endpoint: Avoid creating sub-groups asynchronously,0.888207
23,command injection in router web administration interface,Taumode,14,CVE-2019-19082,(no title),0.886524
23,command injection in router web administration interface,Taumode,15,CVE-2024-53170,block: fix uaf for flush rq while iterating tags,0.886225
23,command injection in router web administration interface,Taumode,16,CVE-2023-37035,(no title),0.885474
23,command injection in router web administration interface,Taumode,17,CVE-2007-0709,(no title),0.885204
23,command injection in router web administration interface,Taumode,18,CVE-2022-48870,tty: fix possible null-ptr-defer in spk_ttyio_release,0.885142
23,command injection in router web administration interface,Taumode,19,CVE-2025-29226,(no title),0.884332
23,command injection in router web administration interface,Taumode,20,CVE-2024-35977,platform/chrome: cros_ec_uart: properly fix race condition,0.884107
23,command injection in router web administration interface,Taumode,21,CVE-2022-49423,rtla: Avoid record NULL pointer dereference,0.884098
23,command injection in router web administration interface,Taumode,22,CVE-2025-21941,drm/amd/display: Fix null check for pipe_ctx->plane_state in resource_build_scaling_params,0.883656
23,command injection in router web administration interface,Taumode,23,CVE-2022-31836,(no title),0.883574
23,command injection in router web administration interface,Taumode,24,CVE-2022-49449,pinctrl: renesas: rzn1: Fix possible null-ptr-deref in sh_pfc_map_resources(),0.883511
23,command injection in router web administration interface,Taumode,25,CVE-2026-3055,Insufficient input validation leading to memory overread,0.883329
24,authenticated arbitrary file read path traversal,Cosine,1,CVE-2023-53768,regmap-irq: Fix out-of-bounds access when allocating config buffers,0.865522
24,authenticated arbitrary file read path traversal,Cosine,2,CVE-2023-52768,wifi: wilc1000: use vmm_table as array in wilc struct,0.864255
24,authenticated arbitrary file read path traversal,Cosine,3,CVE-2024-47741,btrfs: fix race setting file private on concurrent lseek using same fd,0.862748
24,authenticated arbitrary file read path traversal,Cosine,4,CVE-2023-53474,x86/MCE/AMD: Use an u64 for bank_map,0.861943
24,authenticated arbitrary file read path traversal,Cosine,5,CVE-2025-70083,(no title),0.861372
24,authenticated arbitrary file read path traversal,Cosine,6,CVE-2024-46734,btrfs: fix race between direct IO write and fsync when using same fd,0.861304
24,authenticated arbitrary file read path traversal,Cosine,7,CVE-2025-34297,KissFFT Integer Overflow Heap Buffer Overflow via kiss_fft_alloc,0.860575
24,authenticated arbitrary file read path traversal,Cosine,8,CVE-2020-12884,(no title),0.859672
24,authenticated arbitrary file read path traversal,Cosine,9,CVE-2023-53024,bpf: Fix pointer-leak due to insufficient speculative store bypass mitigation,0.859298
24,authenticated arbitrary file read path traversal,Cosine,10,CVE-2026-23181,btrfs: sync read disk super and set block size,0.858971
24,authenticated arbitrary file read path traversal,Cosine,11,CVE-2020-12885,(no title),0.858634
24,authenticated arbitrary file read path traversal,Cosine,12,CVE-2022-26495,(no title),0.858172
24,authenticated arbitrary file read path traversal,Cosine,13,CVE-2026-30656,(no title),0.857940
24,authenticated arbitrary file read path traversal,Cosine,14,CVE-2025-39713,media: rainshadow-cec: fix TOCTOU race condition in rain_interrupt(),0.857793
24,authenticated arbitrary file read path traversal,Cosine,15,CVE-2018-1000200,(no title),0.857615
24,authenticated arbitrary file read path traversal,Cosine,16,CVE-2021-47182,scsi: core: Fix scsi_mode_sense() buffer length handling,0.857583
24,authenticated arbitrary file read path traversal,Cosine,17,CVE-2019-6488,(no title),0.856898
24,authenticated arbitrary file read path traversal,Cosine,18,CVE-2022-30630,Stack exhaustion in Glob on certain paths in io/fs,0.856346
24,authenticated arbitrary file read path traversal,Cosine,19,CVE-2023-53095,drm/ttm: Fix a NULL pointer dereference,0.856242
24,authenticated arbitrary file read path traversal,Cosine,20,CVE-2020-12886,(no title),0.856100
24,authenticated arbitrary file read path traversal,Cosine,21,CVE-2021-47475,comedi: vmk80xx: fix transfer-buffer overflows,0.855741
24,authenticated arbitrary file read path traversal,Cosine,22,CVE-2026-23361,PCI: dwc: ep: Flush MSI-X write before unmapping its ATU entry,0.855381
24,authenticated arbitrary file read path traversal,Cosine,23,CVE-2013-6382,(no title),0.855217
24,authenticated arbitrary file read path traversal,Cosine,24,CVE-2019-11555,(no title),0.855061
24,authenticated arbitrary file read path traversal,Cosine,25,CVE-2022-49961,bpf: Do mark_chain_precision for ARG_CONST_ALLOC_SIZE_OR_ZERO,0.854900
24,authenticated arbitrary file read path traversal,Hybrid,1,CVE-2020-12886,(no title),0.892628
24,authenticated arbitrary file read path traversal,Hybrid,2,CVE-2025-60692,(no title),0.892454
24,authenticated arbitrary file read path traversal,Hybrid,3,CVE-2020-12884,(no title),0.887892
24,authenticated arbitrary file read path traversal,Hybrid,4,CVE-2010-2942,(no title),0.881836
24,authenticated arbitrary file read path traversal,Hybrid,5,CVE-2008-2812,(no title),0.881734
24,authenticated arbitrary file read path traversal,Hybrid,6,CVE-2006-1502,(no title),0.880825
24,authenticated arbitrary file read path traversal,Hybrid,7,CVE-2022-49961,bpf: Do mark_chain_precision for ARG_CONST_ALLOC_SIZE_OR_ZERO,0.880402
24,authenticated arbitrary file read path traversal,Hybrid,8,CVE-2002-1503,(no title),0.879391
24,authenticated arbitrary file read path traversal,Hybrid,9,CVE-2020-25221,(no title),0.878231
24,authenticated arbitrary file read path traversal,Hybrid,10,CVE-2008-1482,(no title),0.878089
24,authenticated arbitrary file read path traversal,Hybrid,11,CVE-2025-60695,(no title),0.877984
24,authenticated arbitrary file read path traversal,Hybrid,12,CVE-2017-8396,(no title),0.876918
24,authenticated arbitrary file read path traversal,Hybrid,13,CVE-2023-33250,(no title),0.876590
24,authenticated arbitrary file read path traversal,Hybrid,14,CVE-2010-4073,(no title),0.875344
24,authenticated arbitrary file read path traversal,Hybrid,15,CVE-2019-17211,(no title),0.874045
24,authenticated arbitrary file read path traversal,Hybrid,16,CVE-2025-71090,nfsd: fix nfsd_file reference leak in nfsd4_add_rdaccess_to_wrdeleg(),0.873994
24,authenticated arbitrary file read path traversal,Hybrid,17,CVE-2024-40974,powerpc/pseries: Enforce hcall result buffer validity and size,0.872474
24,authenticated arbitrary file read path traversal,Hybrid,18,CVE-2019-19449,(no title),0.872133
24,authenticated arbitrary file read path traversal,Hybrid,19,CVE-2018-10254,(no title),0.871997
24,authenticated arbitrary file read path traversal,Hybrid,20,CVE-2024-42148,bnx2x: Fix multiple UBSAN array-index-out-of-bounds,0.871669
24,authenticated arbitrary file read path traversal,Hybrid,21,CVE-2010-0296,(no title),0.871522
24,authenticated arbitrary file read path traversal,Hybrid,22,CVE-2004-0883,(no title),0.871232
24,authenticated arbitrary file read path traversal,Hybrid,23,CVE-2025-60693,(no title),0.869946
24,authenticated arbitrary file read path traversal,Hybrid,24,CVE-2022-43281,(no title),0.869586
24,authenticated arbitrary file read path traversal,Hybrid,25,CVE-2026-31452,ext4: convert inline data to extents when truncate exceeds inline size,0.869286
24,authenticated arbitrary file read path traversal,Taumode,1,CVE-2025-60692,(no title),0.935620
24,authenticated arbitrary file read path traversal,Taumode,2,CVE-2020-12886,(no title),0.931765
24,authenticated arbitrary file read path traversal,Taumode,3,CVE-2008-2812,(no title),0.929455
24,authenticated arbitrary file read path traversal,Taumode,4,CVE-2002-1503,(no title),0.928038
24,authenticated arbitrary file read path traversal,Taumode,5,CVE-2008-1482,(no title),0.927060
24,authenticated arbitrary file read path traversal,Taumode,6,CVE-2017-8396,(no title),0.926437
24,authenticated arbitrary file read path traversal,Taumode,7,CVE-2023-33250,(no title),0.925488
24,authenticated arbitrary file read path traversal,Taumode,8,CVE-2019-19241,(no title),0.921512
24,authenticated arbitrary file read path traversal,Taumode,9,CVE-2010-2942,(no title),0.921335
24,authenticated arbitrary file read path traversal,Taumode,10,CVE-2006-1502,(no title),0.920882
24,authenticated arbitrary file read path traversal,Taumode,11,CVE-2025-38152,remoteproc: core: Clear table_sz when rproc_shutdown,0.920762
24,authenticated arbitrary file read path traversal,Taumode,12,CVE-2002-0901,(no title),0.920738
24,authenticated arbitrary file read path traversal,Taumode,13,CVE-2018-10254,(no title),0.920671
24,authenticated arbitrary file read path traversal,Taumode,14,CVE-2002-0703,(no title),0.920547
24,authenticated arbitrary file read path traversal,Taumode,15,CVE-2013-7264,(no title),0.919945
24,authenticated arbitrary file read path traversal,Taumode,16,CVE-2019-9021,(no title),0.919611
24,authenticated arbitrary file read path traversal,Taumode,17,CVE-2020-14409,(no title),0.919420
24,authenticated arbitrary file read path traversal,Taumode,18,CVE-2026-23032,null_blk: fix kmemleak by releasing references to fault configfs items,0.918967
24,authenticated arbitrary file read path traversal,Taumode,19,CVE-2007-2352,(no title),0.918541
24,authenticated arbitrary file read path traversal,Taumode,20,CVE-2022-27819,(no title),0.918469
24,authenticated arbitrary file read path traversal,Taumode,21,CVE-2020-12884,(no title),0.918128
24,authenticated arbitrary file read path traversal,Taumode,22,CVE-2023-26253,(no title),0.918028
24,authenticated arbitrary file read path traversal,Taumode,23,CVE-2011-2500,(no title),0.917938
24,authenticated arbitrary file read path traversal,Taumode,24,CVE-2010-0296,(no title),0.917383
24,authenticated arbitrary file read path traversal,Taumode,25,CVE-2017-15190,(no title),0.917382
25,insecure direct object reference IDOR in invoice download,Cosine,1,CVE-2022-50255,tracing: Fix reading strings from synthetic events,0.840432
25,insecure direct object reference IDOR in invoice download,Cosine,2,CVE-2024-38659,enic: Validate length of nl attributes in enic_set_vf_port,0.826662
25,insecure direct object reference IDOR in invoice download,Cosine,3,CVE-2021-47366,afs: Fix corruption in reads at fpos 2G-4G from an OpenAFS server,0.825471
25,insecure direct object reference IDOR in invoice download,Cosine,4,CVE-2024-47742,firmware_loader: Block path traversal,0.823649
25,insecure direct object reference IDOR in invoice download,Cosine,5,CVE-2023-24827,Credential disclosure in syft when SYFT_ATTEST_PASSWORD environment variable set in syft,0.823332
25,insecure direct object reference IDOR in invoice download,Cosine,6,CVE-2025-62603,FastDDS has Out-of-memory while parsing GenericMessage when DDS Security is enabled,0.823007
25,insecure direct object reference IDOR in invoice download,Cosine,7,CVE-2024-58100,bpf: check changes_pkt_data property for extension programs,0.821655
25,insecure direct object reference IDOR in invoice download,Cosine,8,CVE-2025-40222,tty: serial: sh-sci: fix RSCI FIFO overrun handling,0.821541
25,insecure direct object reference IDOR in invoice download,Cosine,9,CVE-2024-43803,BMO can expose particularly named secrets from other namespaces via BMH CRD,0.820327
25,insecure direct object reference IDOR in invoice download,Cosine,10,CVE-2024-35870,smb: client: fix UAF in smb2_reconnect_server(),0.820299
25,insecure direct object reference IDOR in invoice download,Cosine,11,CVE-2025-38372,RDMA/mlx5: Fix unsafe xarray access in implicit ODP handling,0.820248
25,insecure direct object reference IDOR in invoice download,Cosine,12,CVE-2023-53440,nilfs2: fix sysfs interface lifetime,0.819520
25,insecure direct object reference IDOR in invoice download,Cosine,13,CVE-2025-38692,exfat: add cluster chain loop check for dir,0.819432
25,insecure direct object reference IDOR in invoice download,Cosine,14,CVE-2025-22035,tracing: Fix use-after-free in print_graph_function_flags during tracer switching,0.819357
25,insecure direct object reference IDOR in invoice download,Cosine,15,CVE-2025-37741,jfs: Prevent copying of nlink with value 0 from disk inode,0.818604
25,insecure direct object reference IDOR in invoice download,Cosine,16,CVE-2026-40569,FreeScout's Mass Assignment in Mailbox Connection Settings Enables Silent Email Exfiltration,0.818238
25,insecure direct object reference IDOR in invoice download,Cosine,17,CVE-2023-52933,Squashfs: fix handling and sanity checking of xattr_ids count,0.817843
25,insecure direct object reference IDOR in invoice download,Cosine,18,CVE-2023-53103,bonding: restore bond's IFF_SLAVE flag if a non-eth dev enslave fails,0.817101
25,insecure direct object reference IDOR in invoice download,Cosine,19,CVE-2025-22069,riscv: fgraph: Fix stack layout to match __arch_ftrace_regs argument of ftrace_return_to_handler,0.816812
25,insecure direct object reference IDOR in invoice download,Cosine,20,CVE-2023-53570,wifi: nl80211: fix integer overflow in nl80211_parse_mbssid_elems(),0.816770
25,insecure direct object reference IDOR in invoice download,Cosine,21,CVE-2025-38523,cifs: Fix the smbd_response slab to allow usercopy,0.816717
25,insecure direct object reference IDOR in invoice download,Cosine,22,CVE-2022-49290,mac80211: fix potential double free on mesh join,0.816379
25,insecure direct object reference IDOR in invoice download,Cosine,23,CVE-2025-38416,NFC: nci: uart: Set tty->disc_data only in success path,0.816318
25,insecure direct object reference IDOR in invoice download,Cosine,24,CVE-2022-48833,btrfs: skip reserved bytes warning on unmount after log cleanup failure,0.816107
25,insecure direct object reference IDOR in invoice download,Cosine,25,CVE-2023-29007,Arbitrary configuration injection via `git submodule deinit`,0.815814
25,insecure direct object reference IDOR in invoice download,Hybrid,1,CVE-2026-23189,ceph: fix NULL pointer dereference in ceph_mds_auth_match(),0.854017
25,insecure direct object reference IDOR in invoice download,Hybrid,2,CVE-2025-22069,riscv: fgraph: Fix stack layout to match __arch_ftrace_regs argument of ftrace_return_to_handler,0.850555
25,insecure direct object reference IDOR in invoice download,Hybrid,3,CVE-2024-35981,virtio_net: Do not send RSS key if it is not supported,0.847085
25,insecure direct object reference IDOR in invoice download,Hybrid,4,CVE-2017-17662,(no title),0.842521
25,insecure direct object reference IDOR in invoice download,Hybrid,5,CVE-2024-26645,tracing: Ensure visibility when inserting an element into tracing_map,0.839496
25,insecure direct object reference IDOR in invoice download,Hybrid,6,CVE-2021-41090,Instance config inline secret exposure,0.833788
25,insecure direct object reference IDOR in invoice download,Hybrid,7,CVE-2024-53211,net/l2tp: fix warning in l2tp_exit_net found by syzbot,0.833689
25,insecure direct object reference IDOR in invoice download,Hybrid,8,CVE-2012-5693,(no title),0.832780
25,insecure direct object reference IDOR in invoice download,Hybrid,9,CVE-2024-26590,erofs: fix inconsistent per-file compression format,0.831922
25,insecure direct object reference IDOR in invoice download,Hybrid,10,CVE-2000-0723,(no title),0.831466
25,insecure direct object reference IDOR in invoice download,Hybrid,11,CVE-2007-2891,(no title),0.831137
25,insecure direct object reference IDOR in invoice download,Hybrid,12,CVE-2025-38214,fbdev: Fix fb_set_var to prevent null-ptr-deref in fb_videomode_to_var,0.830461
25,insecure direct object reference IDOR in invoice download,Hybrid,13,CVE-2022-23882,(no title),0.829918
25,insecure direct object reference IDOR in invoice download,Hybrid,14,CVE-2012-2090,(no title),0.829909
25,insecure direct object reference IDOR in invoice download,Hybrid,15,CVE-2022-50067,btrfs: unset reloc control if transaction commit fails in prepare_to_relocate(),0.829849
25,insecure direct object reference IDOR in invoice download,Hybrid,16,CVE-2009-4769,(no title),0.828412
25,insecure direct object reference IDOR in invoice download,Hybrid,17,CVE-2018-10642,(no title),0.828233
25,insecure direct object reference IDOR in invoice download,Hybrid,18,CVE-2013-7190,(no title),0.826775
25,insecure direct object reference IDOR in invoice download,Hybrid,19,CVE-2024-42148,bnx2x: Fix multiple UBSAN array-index-out-of-bounds,0.826499
25,insecure direct object reference IDOR in invoice download,Hybrid,20,CVE-2014-2027,(no title),0.825767
25,insecure direct object reference IDOR in invoice download,Hybrid,21,CVE-2026-31421,net/sched: cls_fw: fix NULL pointer dereference on shared blocks,0.825277
25,insecure direct object reference IDOR in invoice download,Hybrid,22,CVE-2018-19986,(no title),0.825163
25,insecure direct object reference IDOR in invoice download,Hybrid,23,CVE-2023-53664,OPP: Fix potential null ptr dereference in dev_pm_opp_get_required_pstate(),0.825092
25,insecure direct object reference IDOR in invoice download,Hybrid,24,CVE-2005-4683,(no title),0.824810
25,insecure direct object reference IDOR in invoice download,Hybrid,25,CVE-2007-6548,(no title),0.824494
25,insecure direct object reference IDOR in invoice download,Taumode,1,CVE-2026-23189,ceph: fix NULL pointer dereference in ceph_mds_auth_match(),0.911088
25,insecure direct object reference IDOR in invoice download,Taumode,2,CVE-2024-35981,virtio_net: Do not send RSS key if it is not supported,0.910133
25,insecure direct object reference IDOR in invoice download,Taumode,3,CVE-2017-17662,(no title),0.907706
25,insecure direct object reference IDOR in invoice download,Taumode,4,CVE-2007-2891,(no title),0.901441
25,insecure direct object reference IDOR in invoice download,Taumode,5,CVE-2012-5693,(no title),0.901207
25,insecure direct object reference IDOR in invoice download,Taumode,6,CVE-2000-0723,(no title),0.901086
25,insecure direct object reference IDOR in invoice download,Taumode,7,CVE-2024-26590,erofs: fix inconsistent per-file compression format,0.900524
25,insecure direct object reference IDOR in invoice download,Taumode,8,CVE-2022-23882,(no title),0.899697
25,insecure direct object reference IDOR in invoice download,Taumode,9,CVE-2026-31421,net/sched: cls_fw: fix NULL pointer dereference on shared blocks,0.897616
25,insecure direct object reference IDOR in invoice download,Taumode,10,CVE-2024-48569,(no title),0.893991
25,insecure direct object reference IDOR in invoice download,Taumode,11,CVE-2023-33592,(no title),0.893863
25,insecure direct object reference IDOR in invoice download,Taumode,12,CVE-2010-0110,(no title),0.892942
25,insecure direct object reference IDOR in invoice download,Taumode,13,CVE-2005-4427,(no title),0.892648
25,insecure direct object reference IDOR in invoice download,Taumode,14,CVE-2008-7097,(no title),0.891996
25,insecure direct object reference IDOR in invoice download,Taumode,15,CVE-2012-1152,(no title),0.891976
25,insecure direct object reference IDOR in invoice download,Taumode,16,CVE-2013-7190,(no title),0.891845
25,insecure direct object reference IDOR in invoice download,Taumode,17,CVE-2005-3519,(no title),0.890231
25,insecure direct object reference IDOR in invoice download,Taumode,18,CVE-2012-2090,(no title),0.889675
25,insecure direct object reference IDOR in invoice download,Taumode,19,CVE-2019-14969,(no title),0.889208
25,insecure direct object reference IDOR in invoice download,Taumode,20,CVE-2025-70085,(no title),0.889199
25,insecure direct object reference IDOR in invoice download,Taumode,21,CVE-2018-10642,(no title),0.888810
25,insecure direct object reference IDOR in invoice download,Taumode,22,CVE-2025-39706,drm/amdkfd: Destroy KFD debugfs after destroy KFD wq,0.888759
25,insecure direct object reference IDOR in invoice download,Taumode,23,CVE-2019-6713,(no title),0.888329
25,insecure direct object reference IDOR in invoice download,Taumode,24,CVE-2022-50067,btrfs: unset reloc control if transaction commit fails in prepare_to_relocate(),0.887253
25,insecure direct object reference IDOR in invoice download,Taumode,25,CVE-2009-4769,(no title),0.886722
26,remote code execution in ERP web component,Cosine,1,CVE-2020-36151,(no title),0.776264
26,remote code execution in ERP web component,Cosine,2,CVE-2025-22920,(no title),0.772808
26,remote code execution in ERP web component,Cosine,3,CVE-2021-30019,(no title),0.768191
26,remote code execution in ERP web component,Cosine,4,CVE-2020-36150,(no title),0.760061
26,remote code execution in ERP web component,Cosine,5,CVE-2024-32620,(no title),0.754219
26,remote code execution in ERP web component,Cosine,6,CVE-2017-11532,(no title),0.752852
26,remote code execution in ERP web component,Cosine,7,CVE-2017-13135,(no title),0.751183
26,remote code execution in ERP web component,Cosine,8,CVE-2021-44920,(no title),0.749102
26,remote code execution in ERP web component,Cosine,9,CVE-2022-49249,ASoC: codecs: wc938x: fix accessing array out of bounds for enum type,0.748969
26,remote code execution in ERP web component,Cosine,10,CVE-2025-37816,mei: vsc: Fix fortify-panic caused by invalid counted_by() use,0.746848
26,remote code execution in ERP web component,Cosine,11,CVE-2024-29161,(no title),0.746383
26,remote code execution in ERP web component,Cosine,12,CVE-2020-14212,(no title),0.745798
26,remote code execution in ERP web component,Cosine,13,CVE-2024-32618,(no title),0.745269
26,remote code execution in ERP web component,Cosine,14,CVE-2019-19959,(no title),0.744722
26,remote code execution in ERP web component,Cosine,15,CVE-2022-50390,drm/ttm: fix undefined behavior in bit shift for TTM_TT_FLAG_PRIV_POPULATED,0.744253
26,remote code execution in ERP web component,Cosine,16,CVE-2024-29163,(no title),0.744194
26,remote code execution in ERP web component,Cosine,17,CVE-2019-19958,(no title),0.744167
26,remote code execution in ERP web component,Cosine,18,CVE-2024-29157,(no title),0.743427
26,remote code execution in ERP web component,Cosine,19,CVE-2025-51089,(no title),0.743043
26,remote code execution in ERP web component,Cosine,20,CVE-2023-53679,wifi: mt7601u: fix an integer underflow,0.742954
26,remote code execution in ERP web component,Cosine,21,CVE-2024-35369,(no title),0.742582
26,remote code execution in ERP web component,Cosine,22,CVE-2024-32619,(no title),0.742367
26,remote code execution in ERP web component,Cosine,23,CVE-2024-33875,(no title),0.742111
26,remote code execution in ERP web component,Cosine,24,CVE-2024-32621,(no title),0.741750
26,remote code execution in ERP web component,Cosine,25,CVE-2012-4412,(no title),0.741635
26,remote code execution in ERP web component,Hybrid,1,CVE-2020-36151,(no title),0.838850
26,remote code execution in ERP web component,Hybrid,2,CVE-2025-22920,(no title),0.836396
26,remote code execution in ERP web component,Hybrid,3,CVE-2021-30019,(no title),0.833024
26,remote code execution in ERP web component,Hybrid,4,CVE-2020-36150,(no title),0.827186
26,remote code execution in ERP web component,Hybrid,5,CVE-2017-11532,(no title),0.822004
26,remote code execution in ERP web component,Hybrid,6,CVE-2017-13135,(no title),0.820832
26,remote code execution in ERP web component,Hybrid,7,CVE-2021-44920,(no title),0.819268
26,remote code execution in ERP web component,Hybrid,8,CVE-2022-49249,ASoC: codecs: wc938x: fix accessing array out of bounds for enum type,0.819190
26,remote code execution in ERP web component,Hybrid,9,CVE-2019-19959,(no title),0.816113
26,remote code execution in ERP web component,Hybrid,10,CVE-2024-29163,(no title),0.815763
26,remote code execution in ERP web component,Hybrid,11,CVE-2019-19958,(no title),0.815752
26,remote code execution in ERP web component,Hybrid,12,CVE-2024-29157,(no title),0.815209
26,remote code execution in ERP web component,Hybrid,13,CVE-2025-51089,(no title),0.814920
26,remote code execution in ERP web component,Hybrid,14,CVE-2023-53679,wifi: mt7601u: fix an integer underflow,0.814850
26,remote code execution in ERP web component,Hybrid,15,CVE-2024-35369,(no title),0.814611
26,remote code execution in ERP web component,Hybrid,16,CVE-2024-32621,(no title),0.814036
26,remote code execution in ERP web component,Hybrid,17,CVE-2012-4412,(no title),0.813937
26,remote code execution in ERP web component,Hybrid,18,CVE-2018-6485,(no title),0.813265
26,remote code execution in ERP web component,Hybrid,19,CVE-2024-33876,(no title),0.812908
26,remote code execution in ERP web component,Hybrid,20,CVE-2024-38950,(no title),0.812554
26,remote code execution in ERP web component,Hybrid,21,CVE-2017-14630,(no title),0.812151
26,remote code execution in ERP web component,Hybrid,22,CVE-2022-44840,(no title),0.812083
26,remote code execution in ERP web component,Hybrid,23,CVE-2023-51773,(no title),0.811475
26,remote code execution in ERP web component,Hybrid,24,CVE-2021-32136,(no title),0.811399
26,remote code execution in ERP web component,Hybrid,25,CVE-2018-14072,(no title),0.811348
26,remote code execution in ERP web component,Taumode,1,CVE-2020-36151,(no title),0.905906
26,remote code execution in ERP web component,Taumode,2,CVE-2025-22920,(no title),0.904527
26,remote code execution in ERP web component,Taumode,3,CVE-2021-30019,(no title),0.902488
26,remote code execution in ERP web component,Taumode,4,CVE-2020-36150,(no title),0.899106
26,remote code execution in ERP web component,Taumode,5,CVE-2017-11532,(no title),0.896095
26,remote code execution in ERP web component,Taumode,6,CVE-2017-13135,(no title),0.895455
26,remote code execution in ERP web component,Taumode,7,CVE-2021-44920,(no title),0.894447
26,remote code execution in ERP web component,Taumode,8,CVE-2022-49249,ASoC: codecs: wc938x: fix accessing array out of bounds for enum type,0.894426
26,remote code execution in ERP web component,Taumode,9,CVE-2019-19959,(no title),0.892603
26,remote code execution in ERP web component,Taumode,10,CVE-2019-19958,(no title),0.892451
26,remote code execution in ERP web component,Taumode,11,CVE-2024-29163,(no title),0.892445
26,remote code execution in ERP web component,Taumode,12,CVE-2024-29157,(no title),0.892118
26,remote code execution in ERP web component,Taumode,13,CVE-2025-51089,(no title),0.891931
26,remote code execution in ERP web component,Taumode,14,CVE-2023-53679,wifi: mt7601u: fix an integer underflow,0.891880
26,remote code execution in ERP web component,Taumode,15,CVE-2024-35369,(no title),0.891785
26,remote code execution in ERP web component,Taumode,16,CVE-2024-32621,(no title),0.891485
26,remote code execution in ERP web component,Taumode,17,CVE-2012-4412,(no title),0.891402
26,remote code execution in ERP web component,Taumode,18,CVE-2018-6485,(no title),0.890960
26,remote code execution in ERP web component,Taumode,19,CVE-2024-33876,(no title),0.890812
26,remote code execution in ERP web component,Taumode,20,CVE-2024-38950,(no title),0.890495
26,remote code execution in ERP web component,Taumode,21,CVE-2022-44840,(no title),0.890276
26,remote code execution in ERP web component,Taumode,22,CVE-2017-14630,(no title),0.890264
26,remote code execution in ERP web component,Taumode,23,CVE-2023-51773,(no title),0.889982
26,remote code execution in ERP web component,Taumode,24,CVE-2021-47501,i40e: Fix NULL pointer dereference in i40e_dbg_dump_desc,0.889903
26,remote code execution in ERP web component,Taumode,25,CVE-2021-32136,(no title),0.889891
27,authentication bypass via JWT token manipulation,Cosine,1,CVE-2025-31161,(no title),0.898745
27,authentication bypass via JWT token manipulation,Cosine,2,CVE-2025-34234,Vasion Print (formerly PrinterLogic) Hardcoded Encryption Private Keys,0.895662
27,authentication bypass via JWT token manipulation,Cosine,3,CVE-2021-30648,(no title),0.894776
27,authentication bypass via JWT token manipulation,Cosine,4,CVE-2026-33990,Docker Model Runner OCI Registry Client Vulnerable to Server-Side Request Forgery (SSRF),0.893748
27,authentication bypass via JWT token manipulation,Cosine,5,CVE-2026-23990,Flux Operator Web UI Impersonation Bypass via Empty OIDC Claims,0.893281
27,authentication bypass via JWT token manipulation,Cosine,6,CVE-2026-33746,Convoy: JWT Signature Verification Bypass Allows Authentication as Arbitrary Users,0.889941
27,authentication bypass via JWT token manipulation,Cosine,7,CVE-2021-43271,(no title),0.889350
27,authentication bypass via JWT token manipulation,Cosine,8,CVE-2024-8535,Authenticated user can access unintended user capabilities,0.889224
27,authentication bypass via JWT token manipulation,Cosine,9,CVE-2008-6706,(no title),0.888550
27,authentication bypass via JWT token manipulation,Cosine,10,CVE-2025-64429,DuckDB Encryption Crypto implementation is vulnerable,0.888272
27,authentication bypass via JWT token manipulation,Cosine,11,CVE-2024-39676,Apache Pinot: Unauthorized endpoint exposed sensitive information,0.888118
27,authentication bypass via JWT token manipulation,Cosine,12,CVE-2024-29737,Apache StreamPark (incubating): maven build params could trigger remote command execution,0.888018
27,authentication bypass via JWT token manipulation,Cosine,13,CVE-2026-41246,Contour: Lua code injection via Cookie Path Rewrite Policy,0.887879
27,authentication bypass via JWT token manipulation,Cosine,14,CVE-2025-24363,The HL7 FHIR IG publisher may potentially expose GitHub repo user and credential information,0.886457
27,authentication bypass via JWT token manipulation,Cosine,15,CVE-2024-4536,Eclipse EDC: OAuth2 Credential Exfiltration Vulnerability,0.886428
27,authentication bypass via JWT token manipulation,Cosine,16,CVE-2021-39155,Authorization Policy Bypass Due to Case Insensitive Host Comparison,0.886413
27,authentication bypass via JWT token manipulation,Cosine,17,CVE-2026-41279,Flowise: Unauthenticated TTS endpoint accepts arbitrary credential IDs — enables API credit abuse via stored credentials,0.886409
27,authentication bypass via JWT token manipulation,Cosine,18,CVE-2019-16097,(no title),0.886223
27,authentication bypass via JWT token manipulation,Cosine,19,CVE-2026-39987,marimo Affected by Pre-Auth Remote Code Execution via Terminal WebSocket Authentication Bypass,0.886185
27,authentication bypass via JWT token manipulation,Cosine,20,CVE-2019-1010084,(no title),0.886150
27,authentication bypass via JWT token manipulation,Cosine,21,CVE-2022-39369,Service Hostname Discovery Exploitation in phpCAS,0.886050
27,authentication bypass via JWT token manipulation,Cosine,22,CVE-2025-7054,Infinite loop triggered by connection ID retirement,0.885898
27,authentication bypass via JWT token manipulation,Cosine,23,CVE-2024-48930,secp256k1-node vulnerable to private key extraction over ECDH,0.885839
27,authentication bypass via JWT token manipulation,Cosine,24,CVE-2024-1410,"Unbounded storage of information related to connection ID retirement, in quiche ",0.885719
27,authentication bypass via JWT token manipulation,Cosine,25,CVE-2025-58760,Tautulli vulnerable to Unauthenticated Path Traversal in `/image` endpoint,0.885684
27,authentication bypass via JWT token manipulation,Hybrid,1,CVE-2025-31161,(no title),0.913399
27,authentication bypass via JWT token manipulation,Hybrid,2,CVE-2025-34234,Vasion Print (formerly PrinterLogic) Hardcoded Encryption Private Keys,0.911303
27,authentication bypass via JWT token manipulation,Hybrid,3,CVE-2021-30648,(no title),0.910590
27,authentication bypass via JWT token manipulation,Hybrid,4,CVE-2026-33990,Docker Model Runner OCI Registry Client Vulnerable to Server-Side Request Forgery (SSRF),0.909829
27,authentication bypass via JWT token manipulation,Hybrid,5,CVE-2026-23990,Flux Operator Web UI Impersonation Bypass via Empty OIDC Claims,0.909471
27,authentication bypass via JWT token manipulation,Hybrid,6,CVE-2026-24516,(no title),0.908729
27,authentication bypass via JWT token manipulation,Hybrid,7,CVE-2024-50281,KEYS: trusted: dcp: fix NULL dereference in AEAD crypto operation,0.907354
27,authentication bypass via JWT token manipulation,Hybrid,8,CVE-2026-33746,Convoy: JWT Signature Verification Bypass Allows Authentication as Arbitrary Users,0.907141
27,authentication bypass via JWT token manipulation,Hybrid,9,CVE-2023-24827,Credential disclosure in syft when SYFT_ATTEST_PASSWORD environment variable set in syft,0.906731
27,authentication bypass via JWT token manipulation,Hybrid,10,CVE-2021-43271,(no title),0.906636
27,authentication bypass via JWT token manipulation,Hybrid,11,CVE-2024-8535,Authenticated user can access unintended user capabilities,0.906580
27,authentication bypass via JWT token manipulation,Hybrid,12,CVE-2008-6706,(no title),0.906116
27,authentication bypass via JWT token manipulation,Hybrid,13,CVE-2025-64429,DuckDB Encryption Crypto implementation is vulnerable,0.905876
27,authentication bypass via JWT token manipulation,Hybrid,14,CVE-2024-39676,Apache Pinot: Unauthorized endpoint exposed sensitive information,0.905774
27,authentication bypass via JWT token manipulation,Hybrid,15,CVE-2024-29737,Apache StreamPark (incubating): maven build params could trigger remote command execution,0.905643
27,authentication bypass via JWT token manipulation,Hybrid,16,CVE-2026-41246,Contour: Lua code injection via Cookie Path Rewrite Policy,0.905592
27,authentication bypass via JWT token manipulation,Hybrid,17,CVE-2024-4536,Eclipse EDC: OAuth2 Credential Exfiltration Vulnerability,0.904630
27,authentication bypass via JWT token manipulation,Hybrid,18,CVE-2026-41279,Flowise: Unauthenticated TTS endpoint accepts arbitrary credential IDs — enables API credit abuse via stored credentials,0.904600
27,authentication bypass via JWT token manipulation,Hybrid,19,CVE-2025-24363,The HL7 FHIR IG publisher may potentially expose GitHub repo user and credential information,0.904547
27,authentication bypass via JWT token manipulation,Hybrid,20,CVE-2021-39155,Authorization Policy Bypass Due to Case Insensitive Host Comparison,0.904536
27,authentication bypass via JWT token manipulation,Hybrid,21,CVE-2019-1010084,(no title),0.904433
27,authentication bypass via JWT token manipulation,Hybrid,22,CVE-2019-16097,(no title),0.904419
27,authentication bypass via JWT token manipulation,Hybrid,23,CVE-2026-39987,marimo Affected by Pre-Auth Remote Code Execution via Terminal WebSocket Authentication Bypass,0.904407
27,authentication bypass via JWT token manipulation,Hybrid,24,CVE-2022-39369,Service Hostname Discovery Exploitation in phpCAS,0.904269
27,authentication bypass via JWT token manipulation,Hybrid,25,CVE-2025-7054,Infinite loop triggered by connection ID retirement,0.904207
27,authentication bypass via JWT token manipulation,Taumode,1,CVE-2024-50281,KEYS: trusted: dcp: fix NULL dereference in AEAD crypto operation,0.944866
27,authentication bypass via JWT token manipulation,Taumode,2,CVE-2023-24827,Credential disclosure in syft when SYFT_ATTEST_PASSWORD environment variable set in syft,0.943473
27,authentication bypass via JWT token manipulation,Taumode,3,CVE-2026-24516,(no title),0.942463
27,authentication bypass via JWT token manipulation,Taumode,4,CVE-2023-47298,(no title),0.942367
27,authentication bypass via JWT token manipulation,Taumode,5,CVE-2007-4261,(no title),0.939250
27,authentication bypass via JWT token manipulation,Taumode,6,CVE-2024-23805,F5 Application Visibility and Reporting module and BIG-IP Advanced WAF/ASM vulnerability,0.937162
27,authentication bypass via JWT token manipulation,Taumode,7,CVE-2012-1978,(no title),0.937145
27,authentication bypass via JWT token manipulation,Taumode,8,CVE-2025-61876,(no title),0.935993
27,authentication bypass via JWT token manipulation,Taumode,9,CVE-2019-18370,(no title),0.935852
27,authentication bypass via JWT token manipulation,Taumode,10,CVE-2022-43110,(no title),0.934770
27,authentication bypass via JWT token manipulation,Taumode,11,CVE-2017-11559,(no title),0.934344
27,authentication bypass via JWT token manipulation,Taumode,12,CVE-2006-2128,(no title),0.934264
27,authentication bypass via JWT token manipulation,Taumode,13,CVE-2018-25022,(no title),0.934214
27,authentication bypass via JWT token manipulation,Taumode,14,CVE-2024-51156,(no title),0.933954
27,authentication bypass via JWT token manipulation,Taumode,15,CVE-2005-2579,(no title),0.933653
27,authentication bypass via JWT token manipulation,Taumode,16,CVE-2014-8655,(no title),0.933569
27,authentication bypass via JWT token manipulation,Taumode,17,CVE-2025-61113,(no title),0.933517
27,authentication bypass via JWT token manipulation,Taumode,18,CVE-2009-4047,(no title),0.932975
27,authentication bypass via JWT token manipulation,Taumode,19,CVE-2017-17743,(no title),0.932665
27,authentication bypass via JWT token manipulation,Taumode,20,CVE-2025-57815,Fides Lacks Brute-Force Protections on Authentication Endpoints,0.932607
27,authentication bypass via JWT token manipulation,Taumode,21,CVE-2014-4309,(no title),0.932393
27,authentication bypass via JWT token manipulation,Taumode,22,CVE-2020-15487,(no title),0.932233
27,authentication bypass via JWT token manipulation,Taumode,23,CVE-2014-9145,(no title),0.932074
27,authentication bypass via JWT token manipulation,Taumode,24,CVE-2020-5505,(no title),0.932012
27,authentication bypass via JWT token manipulation,Taumode,25,CVE-2014-2736,(no title),0.932012
28,symlink attack in installer cleanup routine,Cosine,1,CVE-2022-50255,tracing: Fix reading strings from synthetic events,0.813032
28,symlink attack in installer cleanup routine,Cosine,2,CVE-2008-1736,(no title),0.811578
28,symlink attack in installer cleanup routine,Cosine,3,CVE-2007-5042,(no title),0.811060
28,symlink attack in installer cleanup routine,Cosine,4,CVE-2007-4969,(no title),0.810605
28,symlink attack in installer cleanup routine,Cosine,5,CVE-2023-45503,(no title),0.808389
28,symlink attack in installer cleanup routine,Cosine,6,CVE-2012-3000,(no title),0.807924
28,symlink attack in installer cleanup routine,Cosine,7,CVE-2006-7160,(no title),0.806407
28,symlink attack in installer cleanup routine,Cosine,8,CVE-2012-2090,(no title),0.806368
28,symlink attack in installer cleanup routine,Cosine,9,CVE-2006-0120,(no title),0.806021
28,symlink attack in installer cleanup routine,Cosine,10,CVE-2026-24516,(no title),0.804932
28,symlink attack in installer cleanup routine,Cosine,11,CVE-2025-40362,ceph: fix multifs mds auth caps issue,0.804697
28,symlink attack in installer cleanup routine,Cosine,12,CVE-2025-12194,(no title),0.803961
28,symlink attack in installer cleanup routine,Cosine,13,CVE-2024-47141,pinmux: Use sequential access to access desc->pinmux data,0.803514
28,symlink attack in installer cleanup routine,Cosine,14,CVE-2016-9167,(no title),0.803322
28,symlink attack in installer cleanup routine,Cosine,15,CVE-2008-1855,(no title),0.802998
28,symlink attack in installer cleanup routine,Cosine,16,CVE-2007-4970,(no title),0.802972
28,symlink attack in installer cleanup routine,Cosine,17,CVE-2025-38488,smb: client: fix use-after-free in crypt_message when using async crypto,0.802695
28,symlink attack in installer cleanup routine,Cosine,18,CVE-2009-3163,(no title),0.802442
28,symlink attack in installer cleanup routine,Cosine,19,CVE-2016-3968,(no title),0.800488
28,symlink attack in installer cleanup routine,Cosine,20,CVE-2006-5143,(no title),0.800444
28,symlink attack in installer cleanup routine,Cosine,21,CVE-2022-49221,drm/msm/dp: populate connector of struct dp_panel,0.800353
28,symlink attack in installer cleanup routine,Cosine,22,CVE-2007-5040,(no title),0.799152
28,symlink attack in installer cleanup routine,Cosine,23,CVE-2025-62156,argo-workflows Zip Slip path traversal allows arbitrary file write and container configuration overwrite,0.798398
28,symlink attack in installer cleanup routine,Cosine,24,CVE-2006-3838,(no title),0.798196
28,symlink attack in installer cleanup routine,Cosine,25,CVE-2025-38523,cifs: Fix the smbd_response slab to allow usercopy,0.798191
28,symlink attack in installer cleanup routine,Hybrid,1,CVE-2009-3163,(no title),0.857424
28,symlink attack in installer cleanup routine,Hybrid,2,CVE-2007-5040,(no title),0.844954
28,symlink attack in installer cleanup routine,Hybrid,3,CVE-2026-24516,(no title),0.843822
28,symlink attack in installer cleanup routine,Hybrid,4,CVE-2008-1855,(no title),0.843820
28,symlink attack in installer cleanup routine,Hybrid,5,CVE-2013-6987,(no title),0.842683
28,symlink attack in installer cleanup routine,Hybrid,6,CVE-2026-28808,ScriptAlias CGI targets bypass directory auth in inets httpd (mod_auth vs mod_cgi path mismatch),0.841929
28,symlink attack in installer cleanup routine,Hybrid,7,CVE-2024-47141,pinmux: Use sequential access to access desc->pinmux data,0.841126
28,symlink attack in installer cleanup routine,Hybrid,8,CVE-2011-0959,(no title),0.840867
28,symlink attack in installer cleanup routine,Hybrid,9,CVE-2008-1736,(no title),0.839484
28,symlink attack in installer cleanup routine,Hybrid,10,CVE-2024-37026,drm/xe: Only use reserved BCS instances for usm migrate exec queue,0.839328
28,symlink attack in installer cleanup routine,Hybrid,11,CVE-2025-63604,(no title),0.839247
28,symlink attack in installer cleanup routine,Hybrid,12,CVE-2023-53501,iommu/amd/iommu_v2: Fix pasid_state refcount dec hit 0 warning on pasid unbind,0.836887
28,symlink attack in installer cleanup routine,Hybrid,13,CVE-2025-12194,(no title),0.836803
28,symlink attack in installer cleanup routine,Hybrid,14,CVE-2007-4969,(no title),0.836704
28,symlink attack in installer cleanup routine,Hybrid,15,CVE-2007-0709,(no title),0.835889
28,symlink attack in installer cleanup routine,Hybrid,16,CVE-2004-2542,(no title),0.835238
28,symlink attack in installer cleanup routine,Hybrid,17,CVE-2011-4153,(no title),0.834075
28,symlink attack in installer cleanup routine,Hybrid,18,CVE-2025-68726,crypto: aead - Fix reqsize handling,0.833930
28,symlink attack in installer cleanup routine,Hybrid,19,CVE-2007-4971,(no title),0.833867
28,symlink attack in installer cleanup routine,Hybrid,20,CVE-2024-56539,wifi: mwifiex: Fix memcpy() field-spanning write warning in mwifiex_config_scan(),0.833816
28,symlink attack in installer cleanup routine,Hybrid,21,CVE-2024-50281,KEYS: trusted: dcp: fix NULL dereference in AEAD crypto operation,0.833811
28,symlink attack in installer cleanup routine,Hybrid,22,CVE-2015-1028,(no title),0.833660
28,symlink attack in installer cleanup routine,Hybrid,23,CVE-2022-50255,tracing: Fix reading strings from synthetic events,0.833074
28,symlink attack in installer cleanup routine,Hybrid,24,CVE-2023-0482,(no title),0.832638
28,symlink attack in installer cleanup routine,Hybrid,25,CVE-2009-3051,(no title),0.832223
28,symlink attack in installer cleanup routine,Taumode,1,CVE-2009-3163,(no title),0.916333
28,symlink attack in installer cleanup routine,Taumode,2,CVE-2026-28808,ScriptAlias CGI targets bypass directory auth in inets httpd (mod_auth vs mod_cgi path mismatch),0.906490
28,symlink attack in installer cleanup routine,Taumode,3,CVE-2023-53501,iommu/amd/iommu_v2: Fix pasid_state refcount dec hit 0 warning on pasid unbind,0.903828
28,symlink attack in installer cleanup routine,Taumode,4,CVE-2004-2542,(no title),0.903245
28,symlink attack in installer cleanup routine,Taumode,5,CVE-2013-6987,(no title),0.901813
28,symlink attack in installer cleanup routine,Taumode,6,CVE-2011-4153,(no title),0.901543
28,symlink attack in installer cleanup routine,Taumode,7,CVE-2024-37026,drm/xe: Only use reserved BCS instances for usm migrate exec queue,0.900697
28,symlink attack in installer cleanup routine,Taumode,8,CVE-2009-4742,(no title),0.900221
28,symlink attack in installer cleanup routine,Taumode,9,CVE-2015-1028,(no title),0.899811
28,symlink attack in installer cleanup routine,Taumode,10,CVE-2020-10372,(no title),0.899253
28,symlink attack in installer cleanup routine,Taumode,11,CVE-2024-56539,wifi: mwifiex: Fix memcpy() field-spanning write warning in mwifiex_config_scan(),0.899128
28,symlink attack in installer cleanup routine,Taumode,12,CVE-2011-0959,(no title),0.898902
28,symlink attack in installer cleanup routine,Taumode,13,CVE-2025-68726,crypto: aead - Fix reqsize handling,0.898660
28,symlink attack in installer cleanup routine,Taumode,14,CVE-2008-0755,(no title),0.898489
28,symlink attack in installer cleanup routine,Taumode,15,CVE-2025-63604,(no title),0.897741
28,symlink attack in installer cleanup routine,Taumode,16,CVE-2006-2286,(no title),0.897614
28,symlink attack in installer cleanup routine,Taumode,17,CVE-2025-37812,usb: cdns3: Fix deadlock when using NCM gadget,0.897286
28,symlink attack in installer cleanup routine,Taumode,18,CVE-2009-3051,(no title),0.897113
28,symlink attack in installer cleanup routine,Taumode,19,CVE-2026-29125,IDC SFX2100 Satellite Receiver allows unprivileged modification of DNS configuration due to world-writable `/etc/resolv.conf`,0.897039
28,symlink attack in installer cleanup routine,Taumode,20,CVE-2026-31598,ocfs2: fix possible deadlock between unlink and dio_end_io_write,0.897037
28,symlink attack in installer cleanup routine,Taumode,21,CVE-2013-3077,(no title),0.896870
28,symlink attack in installer cleanup routine,Taumode,22,CVE-2003-1340,(no title),0.896814
28,symlink attack in installer cleanup routine,Taumode,23,CVE-2023-22809,(no title),0.896632
28,symlink attack in installer cleanup routine,Taumode,24,CVE-2006-1782,(no title),0.896612
28,symlink attack in installer cleanup routine,Taumode,25,CVE-2020-10209,(no title),0.895974
29,improper certificate validation in mobile banking application,Cosine,1,CVE-2008-7238,(no title),0.787515
29,improper certificate validation in mobile banking application,Cosine,2,CVE-2021-40495,(no title),0.787219
29,improper certificate validation in mobile banking application,Cosine,3,CVE-2018-14607,(no title),0.786128
29,improper certificate validation in mobile banking application,Cosine,4,CVE-2004-2558,(no title),0.785180
29,improper certificate validation in mobile banking application,Cosine,5,CVE-2016-9795,(no title),0.782574
29,improper certificate validation in mobile banking application,Cosine,6,CVE-2007-5701,(no title),0.782251
29,improper certificate validation in mobile banking application,Cosine,7,CVE-2018-14597,(no title),0.780314
29,improper certificate validation in mobile banking application,Cosine,8,CVE-2018-13821,(no title),0.779448
29,improper certificate validation in mobile banking application,Cosine,9,CVE-2018-9028,(no title),0.778259
29,improper certificate validation in mobile banking application,Cosine,10,CVE-2008-3068,(no title),0.777502
29,improper certificate validation in mobile banking application,Cosine,11,CVE-2017-9590,(no title),0.777459
29,improper certificate validation in mobile banking application,Cosine,12,CVE-2011-1386,(no title),0.776722
29,improper certificate validation in mobile banking application,Cosine,13,CVE-2017-6338,(no title),0.776186
29,improper certificate validation in mobile banking application,Cosine,14,CVE-2018-1380,(no title),0.775742
29,improper certificate validation in mobile banking application,Cosine,15,CVE-2012-0078,(no title),0.775207
29,improper certificate validation in mobile banking application,Cosine,16,CVE-2012-4546,(no title),0.775021
29,improper certificate validation in mobile banking application,Cosine,17,CVE-2017-2208,(no title),0.774877
29,improper certificate validation in mobile banking application,Cosine,18,CVE-2015-4664,(no title),0.774840
29,improper certificate validation in mobile banking application,Cosine,19,CVE-2013-2255,(no title),0.774605
29,improper certificate validation in mobile banking application,Cosine,20,CVE-2024-23674,(no title),0.774345
29,improper certificate validation in mobile banking application,Cosine,21,CVE-2018-9021,(no title),0.774139
29,improper certificate validation in mobile banking application,Cosine,22,CVE-2018-1443,(no title),0.773769
29,improper certificate validation in mobile banking application,Cosine,23,CVE-2020-6362,(no title),0.773723
29,improper certificate validation in mobile banking application,Cosine,24,CVE-2020-6311,(no title),0.772849
29,improper certificate validation in mobile banking application,Cosine,25,CVE-2019-0379,(no title),0.772631
29,improper certificate validation in mobile banking application,Hybrid,1,CVE-2021-40495,(no title),0.846626
29,improper certificate validation in mobile banking application,Hybrid,2,CVE-2004-2558,(no title),0.845053
29,improper certificate validation in mobile banking application,Hybrid,3,CVE-2016-9795,(no title),0.843344
29,improper certificate validation in mobile banking application,Hybrid,4,CVE-2018-13821,(no title),0.841089
29,improper certificate validation in mobile banking application,Hybrid,5,CVE-2018-9028,(no title),0.840208
29,improper certificate validation in mobile banking application,Hybrid,6,CVE-2011-1386,(no title),0.839104
29,improper certificate validation in mobile banking application,Hybrid,7,CVE-2017-6338,(no title),0.838663
29,improper certificate validation in mobile banking application,Hybrid,8,CVE-2018-1380,(no title),0.838291
29,improper certificate validation in mobile banking application,Hybrid,9,CVE-2012-0078,(no title),0.837974
29,improper certificate validation in mobile banking application,Hybrid,10,CVE-2012-4546,(no title),0.837916
29,improper certificate validation in mobile banking application,Hybrid,11,CVE-2015-4664,(no title),0.837765
29,improper certificate validation in mobile banking application,Hybrid,12,CVE-2017-2208,(no title),0.837711
29,improper certificate validation in mobile banking application,Hybrid,13,CVE-2013-2255,(no title),0.837498
29,improper certificate validation in mobile banking application,Hybrid,14,CVE-2024-23674,(no title),0.837375
29,improper certificate validation in mobile banking application,Hybrid,15,CVE-2018-9021,(no title),0.837230
29,improper certificate validation in mobile banking application,Hybrid,16,CVE-2018-1443,(no title),0.836845
29,improper certificate validation in mobile banking application,Hybrid,17,CVE-2020-6362,(no title),0.836744
29,improper certificate validation in mobile banking application,Hybrid,18,CVE-2020-6311,(no title),0.836296
29,improper certificate validation in mobile banking application,Hybrid,19,CVE-2019-0379,(no title),0.836044
29,improper certificate validation in mobile banking application,Hybrid,20,CVE-2019-5280,(no title),0.835695
29,improper certificate validation in mobile banking application,Hybrid,21,CVE-2025-24506,(no title),0.834924
29,improper certificate validation in mobile banking application,Hybrid,22,CVE-2019-6504,(no title),0.834603
29,improper certificate validation in mobile banking application,Hybrid,23,CVE-2017-9601,(no title),0.834202
29,improper certificate validation in mobile banking application,Hybrid,24,CVE-2021-27613,(no title),0.834178
29,improper certificate validation in mobile banking application,Hybrid,25,CVE-2012-4838,(no title),0.833950
29,improper certificate validation in mobile banking application,Taumode,1,CVE-2021-40495,(no title),0.910275
29,improper certificate validation in mobile banking application,Taumode,2,CVE-2004-2558,(no title),0.909201
29,improper certificate validation in mobile banking application,Taumode,3,CVE-2016-9795,(no title),0.908455
29,improper certificate validation in mobile banking application,Taumode,4,CVE-2018-13821,(no title),0.907133
29,improper certificate validation in mobile banking application,Taumode,5,CVE-2018-9028,(no title),0.906582
29,improper certificate validation in mobile banking application,Taumode,6,CVE-2011-1386,(no title),0.905941
29,improper certificate validation in mobile banking application,Taumode,7,CVE-2017-6338,(no title),0.905603
29,improper certificate validation in mobile banking application,Taumode,8,CVE-2018-1380,(no title),0.905308
29,improper certificate validation in mobile banking application,Taumode,9,CVE-2012-4546,(no title),0.905304
29,improper certificate validation in mobile banking application,Taumode,10,CVE-2012-0078,(no title),0.905224
29,improper certificate validation in mobile banking application,Taumode,11,CVE-2015-4664,(no title),0.905184
29,improper certificate validation in mobile banking application,Taumode,12,CVE-2017-2208,(no title),0.905033
29,improper certificate validation in mobile banking application,Taumode,13,CVE-2024-23674,(no title),0.904907
29,improper certificate validation in mobile banking application,Taumode,14,CVE-2013-2255,(no title),0.904884
29,improper certificate validation in mobile banking application,Taumode,15,CVE-2018-9021,(no title),0.904828
29,improper certificate validation in mobile banking application,Taumode,16,CVE-2018-1443,(no title),0.904426
29,improper certificate validation in mobile banking application,Taumode,17,CVE-2020-6311,(no title),0.904274
29,improper certificate validation in mobile banking application,Taumode,18,CVE-2020-6362,(no title),0.904266
29,improper certificate validation in mobile banking application,Taumode,19,CVE-2019-0379,(no title),0.903987
29,improper certificate validation in mobile banking application,Taumode,20,CVE-2019-5280,(no title),0.903879
29,improper certificate validation in mobile banking application,Taumode,21,CVE-2025-24506,(no title),0.903255
29,improper certificate validation in mobile banking application,Taumode,22,CVE-2017-9601,(no title),0.903120
29,improper certificate validation in mobile banking application,Taumode,23,CVE-2019-6504,(no title),0.903001
29,improper certificate validation in mobile banking application,Taumode,24,CVE-2021-27613,(no title),0.902943
29,improper certificate validation in mobile banking application,Taumode,25,CVE-2012-4838,(no title),0.902918
30,sandbox escape in browser extension messaging interface,Cosine,1,CVE-2026-40179,Prometheus: Stored XSS via metric names and label values in web UI tooltips and metrics explorer,0.855381
30,sandbox escape in browser extension messaging interface,Cosine,2,CVE-2026-33311,@dicebear/core and @dicebear/initials Vulnerable to SVG Injection via Unsanitized Options,0.854885
30,sandbox escape in browser extension messaging interface,Cosine,3,CVE-2025-59154,Openfire allows potential identity spoofing via unsafe CN parsing,0.851320
30,sandbox escape in browser extension messaging interface,Cosine,4,CVE-2026-33672,Picomatch: Method Injection in POSIX Character Classes causes incorrect Glob Matching,0.848818
30,sandbox escape in browser extension messaging interface,Cosine,5,CVE-2013-2583,(no title),0.848602
30,sandbox escape in browser extension messaging interface,Cosine,6,CVE-2026-35565,Apache Storm UI: Stored Cross-Site Scripting (XSS) via Unsanitized Topology Metadata in Storm UI,0.848089
30,sandbox escape in browser extension messaging interface,Cosine,7,CVE-2009-4780,(no title),0.847581
30,sandbox escape in browser extension messaging interface,Cosine,8,CVE-2009-3487,(no title),0.846187
30,sandbox escape in browser extension messaging interface,Cosine,9,CVE-2025-66258,Stored Cross-Site Scripting via XML Injection,0.846044
30,sandbox escape in browser extension messaging interface,Cosine,10,CVE-2025-24813,Apache Tomcat: Potential RCE and/or information disclosure and/or information corruption with partial PUT,0.845921
30,sandbox escape in browser extension messaging interface,Cosine,11,CVE-2026-24048,Backstage has a Possible SSRF when reading from allowed URL's in `backend.reading.allow`,0.845246
30,sandbox escape in browser extension messaging interface,Cosine,12,CVE-2013-1646,(no title),0.843747
30,sandbox escape in browser extension messaging interface,Cosine,13,CVE-2008-6945,(no title),0.843629
30,sandbox escape in browser extension messaging interface,Cosine,14,CVE-2026-40858,Apache Camel: Camel-Infinispan: Unsafe Deserialization in Remote Aggregation Repository,0.843160
30,sandbox escape in browser extension messaging interface,Cosine,15,CVE-2020-25205,(no title),0.842601
30,sandbox escape in browser extension messaging interface,Cosine,16,CVE-2023-22456,ViewVC XSS vulnerability in revision view changed paths,0.842224
30,sandbox escape in browser extension messaging interface,Cosine,17,CVE-2006-2349,(no title),0.841768
30,sandbox escape in browser extension messaging interface,Cosine,18,CVE-2020-5217,Directive injection when using dynamic overrides with user input in RubyGems secure_headers,0.841593
30,sandbox escape in browser extension messaging interface,Cosine,19,CVE-2026-25143,melange affected by potential host command execution via license-check YAML mode patch pipeline,0.840854
30,sandbox escape in browser extension messaging interface,Cosine,20,CVE-2026-24749,Silverstripe Assets Module has a DBFile::getURL() permission bypass,0.840676
30,sandbox escape in browser extension messaging interface,Cosine,21,CVE-2013-4235,(no title),0.840653
30,sandbox escape in browser extension messaging interface,Cosine,22,CVE-2026-39315,Unhead has a hasDangerousProtocol() bypass via leading-zero padded HTML entities in useHeadSafe(),0.840458
30,sandbox escape in browser extension messaging interface,Cosine,23,CVE-2009-3237,(no title),0.840327
30,sandbox escape in browser extension messaging interface,Cosine,24,CVE-2026-40473,Apache Camel Mina: Unsafe Deserialization in MinaConverter.toObjectInput() via TCP/UDP,0.840257
30,sandbox escape in browser extension messaging interface,Cosine,25,CVE-2016-9938,(no title),0.839959
30,sandbox escape in browser extension messaging interface,Hybrid,1,CVE-2026-40179,Prometheus: Stored XSS via metric names and label values in web UI tooltips and metrics explorer,0.895857
30,sandbox escape in browser extension messaging interface,Hybrid,2,CVE-2026-33311,@dicebear/core and @dicebear/initials Vulnerable to SVG Injection via Unsanitized Options,0.895511
30,sandbox escape in browser extension messaging interface,Hybrid,3,CVE-2025-59154,Openfire allows potential identity spoofing via unsafe CN parsing,0.892930
30,sandbox escape in browser extension messaging interface,Hybrid,4,CVE-2026-33672,Picomatch: Method Injection in POSIX Character Classes causes incorrect Glob Matching,0.891111
30,sandbox escape in browser extension messaging interface,Hybrid,5,CVE-2013-2583,(no title),0.890923
30,sandbox escape in browser extension messaging interface,Hybrid,6,CVE-2026-35565,Apache Storm UI: Stored Cross-Site Scripting (XSS) via Unsanitized Topology Metadata in Storm UI,0.890610
30,sandbox escape in browser extension messaging interface,Hybrid,7,CVE-2009-4780,(no title),0.890160
30,sandbox escape in browser extension messaging interface,Hybrid,8,CVE-2009-3487,(no title),0.889228
30,sandbox escape in browser extension messaging interface,Hybrid,9,CVE-2025-66258,Stored Cross-Site Scripting via XML Injection,0.889104
30,sandbox escape in browser extension messaging interface,Hybrid,10,CVE-2025-24813,Apache Tomcat: Potential RCE and/or information disclosure and/or information corruption with partial PUT,0.888968
30,sandbox escape in browser extension messaging interface,Hybrid,11,CVE-2026-24048,Backstage has a Possible SSRF when reading from allowed URL's in `backend.reading.allow`,0.888536
30,sandbox escape in browser extension messaging interface,Hybrid,12,CVE-2013-1646,(no title),0.887454
30,sandbox escape in browser extension messaging interface,Hybrid,13,CVE-2008-6945,(no title),0.887367
30,sandbox escape in browser extension messaging interface,Hybrid,14,CVE-2026-40858,Apache Camel: Camel-Infinispan: Unsafe Deserialization in Remote Aggregation Repository,0.887056
30,sandbox escape in browser extension messaging interface,Hybrid,15,CVE-2020-25205,(no title),0.886594
30,sandbox escape in browser extension messaging interface,Hybrid,16,CVE-2023-22456,ViewVC XSS vulnerability in revision view changed paths,0.886365
30,sandbox escape in browser extension messaging interface,Hybrid,17,CVE-2006-2349,(no title),0.886048
30,sandbox escape in browser extension messaging interface,Hybrid,18,CVE-2020-5217,Directive injection when using dynamic overrides with user input in RubyGems secure_headers,0.885880
30,sandbox escape in browser extension messaging interface,Hybrid,19,CVE-2026-25143,melange affected by potential host command execution via license-check YAML mode patch pipeline,0.885343
30,sandbox escape in browser extension messaging interface,Hybrid,20,CVE-2026-24749,Silverstripe Assets Module has a DBFile::getURL() permission bypass,0.885215
30,sandbox escape in browser extension messaging interface,Hybrid,21,CVE-2013-4235,(no title),0.885172
30,sandbox escape in browser extension messaging interface,Hybrid,22,CVE-2026-39315,Unhead has a hasDangerousProtocol() bypass via leading-zero padded HTML entities in useHeadSafe(),0.885079
30,sandbox escape in browser extension messaging interface,Hybrid,23,CVE-2026-40473,Apache Camel Mina: Unsafe Deserialization in MinaConverter.toObjectInput() via TCP/UDP,0.884983
30,sandbox escape in browser extension messaging interface,Hybrid,24,CVE-2009-3237,(no title),0.884939
30,sandbox escape in browser extension messaging interface,Hybrid,25,CVE-2016-9938,(no title),0.884653
30,sandbox escape in browser extension messaging interface,Taumode,1,CVE-2026-40179,Prometheus: Stored XSS via metric names and label values in web UI tooltips and metrics explorer,0.939225
30,sandbox escape in browser extension messaging interface,Taumode,2,CVE-2026-33311,@dicebear/core and @dicebear/initials Vulnerable to SVG Injection via Unsanitized Options,0.939038
30,sandbox escape in browser extension messaging interface,Taumode,3,CVE-2025-59154,Openfire allows potential identity spoofing via unsafe CN parsing,0.937513
30,sandbox escape in browser extension messaging interface,Taumode,4,CVE-2026-33672,Picomatch: Method Injection in POSIX Character Classes causes incorrect Glob Matching,0.936425
30,sandbox escape in browser extension messaging interface,Taumode,5,CVE-2013-2583,(no title),0.936267
30,sandbox escape in browser extension messaging interface,Taumode,6,CVE-2026-35565,Apache Storm UI: Stored Cross-Site Scripting (XSS) via Unsanitized Topology Metadata in Storm UI,0.936169
30,sandbox escape in browser extension messaging interface,Taumode,7,CVE-2009-4780,(no title),0.935780
30,sandbox escape in browser extension messaging interface,Taumode,8,CVE-2009-3487,(no title),0.935344
30,sandbox escape in browser extension messaging interface,Taumode,9,CVE-2025-66258,Stored Cross-Site Scripting via XML Injection,0.935240
30,sandbox escape in browser extension messaging interface,Taumode,10,CVE-2025-24813,Apache Tomcat: Potential RCE and/or information disclosure and/or information corruption with partial PUT,0.935090
30,sandbox escape in browser extension messaging interface,Taumode,11,CVE-2026-24048,Backstage has a Possible SSRF when reading from allowed URL's in `backend.reading.allow`,0.934918
30,sandbox escape in browser extension messaging interface,Taumode,12,CVE-2013-1646,(no title),0.934284
30,sandbox escape in browser extension messaging interface,Taumode,13,CVE-2008-6945,(no title),0.934229
30,sandbox escape in browser extension messaging interface,Taumode,14,CVE-2026-40858,Apache Camel: Camel-Infinispan: Unsafe Deserialization in Remote Aggregation Repository,0.934088
30,sandbox escape in browser extension messaging interface,Taumode,15,CVE-2020-25205,(no title),0.933729
30,sandbox escape in browser extension messaging interface,Taumode,16,CVE-2023-22456,ViewVC XSS vulnerability in revision view changed paths,0.933659
30,sandbox escape in browser extension messaging interface,Taumode,17,CVE-2006-2349,(no title),0.933490
30,sandbox escape in browser extension messaging interface,Taumode,18,CVE-2020-5217,Directive injection when using dynamic overrides with user input in RubyGems secure_headers,0.933329
30,sandbox escape in browser extension messaging interface,Taumode,19,CVE-2026-25143,melange affected by potential host command execution via license-check YAML mode patch pipeline,0.933011
30,sandbox escape in browser extension messaging interface,Taumode,20,CVE-2026-24749,Silverstripe Assets Module has a DBFile::getURL() permission bypass,0.932936
30,sandbox escape in browser extension messaging interface,Taumode,21,CVE-2026-40473,Apache Camel Mina: Unsafe Deserialization in MinaConverter.toObjectInput() via TCP/UDP,0.932905
30,sandbox escape in browser extension messaging interface,Taumode,22,CVE-2026-39315,Unhead has a hasDangerousProtocol() bypass via leading-zero padded HTML entities in useHeadSafe(),0.932888
30,sandbox escape in browser extension messaging interface,Taumode,23,CVE-2013-4235,(no title),0.932870
30,sandbox escape in browser extension messaging interface,Taumode,24,CVE-2009-3237,(no title),0.932738
30,sandbox escape in browser extension messaging interface,Taumode,25,CVE-2025-65955,ImageMagick has a use-after-free/double-free risk in Options::fontFamily when clearing family,0.932611
31,server-side request forgery SSRF in URL preview feature,Cosine,1,CVE-2014-7864,(no title),0.841434
31,server-side request forgery SSRF in URL preview feature,Cosine,2,CVE-2026-5234,LatePoint <= 5.3.2 - Insecure Direct Object Reference to Unauthenticated Sensitive Financial Data Exposure via Sequential Invoice ID,0.839067
31,server-side request forgery SSRF in URL preview feature,Cosine,3,CVE-2023-45503,(no title),0.838990
31,server-side request forgery SSRF in URL preview feature,Cosine,4,CVE-2005-2865,(no title),0.837860
31,server-side request forgery SSRF in URL preview feature,Cosine,5,CVE-2019-19034,(no title),0.834496
31,server-side request forgery SSRF in URL preview feature,Cosine,6,CVE-2012-4347,(no title),0.832503
31,server-side request forgery SSRF in URL preview feature,Cosine,7,CVE-2015-9226,(no title),0.832000
31,server-side request forgery SSRF in URL preview feature,Cosine,8,CVE-2019-6716,(no title),0.830758
31,server-side request forgery SSRF in URL preview feature,Cosine,9,CVE-2023-46350,(no title),0.830623
31,server-side request forgery SSRF in URL preview feature,Cosine,10,CVE-2012-1289,(no title),0.830047
31,server-side request forgery SSRF in URL preview feature,Cosine,11,CVE-2013-7216,(no title),0.829915
31,server-side request forgery SSRF in URL preview feature,Cosine,12,CVE-2025-63390,(no title),0.829451
31,server-side request forgery SSRF in URL preview feature,Cosine,13,CVE-2006-5303,(no title),0.829080
31,server-side request forgery SSRF in URL preview feature,Cosine,14,CVE-2025-40659,Insecure Direct Object Reference (IDOR) vulnerability in DM Corporative CMS,0.828624
31,server-side request forgery SSRF in URL preview feature,Cosine,15,CVE-2012-3469,(no title),0.828520
31,server-side request forgery SSRF in URL preview feature,Cosine,16,CVE-2019-13382,(no title),0.828228
31,server-side request forgery SSRF in URL preview feature,Cosine,17,CVE-2025-40660,Insecure Direct Object Reference (IDOR) vulnerability in DM Corporative CMS,0.828008
31,server-side request forgery SSRF in URL preview feature,Cosine,18,CVE-2014-9145,(no title),0.827896
31,server-side request forgery SSRF in URL preview feature,Cosine,19,CVE-2006-3172,(no title),0.827489
31,server-side request forgery SSRF in URL preview feature,Cosine,20,CVE-2009-1553,(no title),0.827229
31,server-side request forgery SSRF in URL preview feature,Cosine,21,CVE-2013-4882,(no title),0.826445
31,server-side request forgery SSRF in URL preview feature,Cosine,22,CVE-2009-4666,(no title),0.826320
31,server-side request forgery SSRF in URL preview feature,Cosine,23,CVE-2025-40658,Insecure Direct Object Reference (IDOR) vulnerability in DM Corporative CMS,0.825234
31,server-side request forgery SSRF in URL preview feature,Cosine,24,CVE-2019-8927,(no title),0.824498
31,server-side request forgery SSRF in URL preview feature,Cosine,25,CVE-2008-1969,(no title),0.824312
31,server-side request forgery SSRF in URL preview feature,Hybrid,1,CVE-2026-5234,LatePoint <= 5.3.2 - Insecure Direct Object Reference to Unauthenticated Sensitive Financial Data Exposure via Sequential Invoice ID,0.884034
31,server-side request forgery SSRF in URL preview feature,Hybrid,2,CVE-2023-45503,(no title),0.883980
31,server-side request forgery SSRF in URL preview feature,Hybrid,3,CVE-2012-4347,(no title),0.879379
31,server-side request forgery SSRF in URL preview feature,Hybrid,4,CVE-2023-46350,(no title),0.877961
31,server-side request forgery SSRF in URL preview feature,Hybrid,5,CVE-2012-1289,(no title),0.877629
31,server-side request forgery SSRF in URL preview feature,Hybrid,6,CVE-2013-7216,(no title),0.877454
31,server-side request forgery SSRF in URL preview feature,Hybrid,7,CVE-2025-63390,(no title),0.877199
31,server-side request forgery SSRF in URL preview feature,Hybrid,8,CVE-2019-19034,(no title),0.877053
31,server-side request forgery SSRF in URL preview feature,Hybrid,9,CVE-2006-5303,(no title),0.876922
31,server-side request forgery SSRF in URL preview feature,Hybrid,10,CVE-2025-40659,Insecure Direct Object Reference (IDOR) vulnerability in DM Corporative CMS,0.876417
31,server-side request forgery SSRF in URL preview feature,Hybrid,11,CVE-2019-13382,(no title),0.876286
31,server-side request forgery SSRF in URL preview feature,Hybrid,12,CVE-2025-40660,Insecure Direct Object Reference (IDOR) vulnerability in DM Corporative CMS,0.876008
31,server-side request forgery SSRF in URL preview feature,Hybrid,13,CVE-2009-1553,(no title),0.875560
31,server-side request forgery SSRF in URL preview feature,Hybrid,14,CVE-2025-40658,Insecure Direct Object Reference (IDOR) vulnerability in DM Corporative CMS,0.873950
31,server-side request forgery SSRF in URL preview feature,Hybrid,15,CVE-2017-5965,(no title),0.873417
31,server-side request forgery SSRF in URL preview feature,Hybrid,16,CVE-2016-0492,(no title),0.873294
31,server-side request forgery SSRF in URL preview feature,Hybrid,17,CVE-2022-29597,(no title),0.872697
31,server-side request forgery SSRF in URL preview feature,Hybrid,18,CVE-2025-40661,Insecure Direct Object Reference (IDOR) vulnerability in DM Corporative CMS,0.872604
31,server-side request forgery SSRF in URL preview feature,Hybrid,19,CVE-2019-11030,(no title),0.872289
31,server-side request forgery SSRF in URL preview feature,Hybrid,20,CVE-2006-5600,(no title),0.872094
31,server-side request forgery SSRF in URL preview feature,Hybrid,21,CVE-2024-36495,Read/Write Permissions for Everyone on Configuration File,0.871935
31,server-side request forgery SSRF in URL preview feature,Hybrid,22,CVE-2022-31662,(no title),0.871895
31,server-side request forgery SSRF in URL preview feature,Hybrid,23,CVE-2021-44877,(no title),0.871735
31,server-side request forgery SSRF in URL preview feature,Hybrid,24,CVE-2013-4883,(no title),0.871615
31,server-side request forgery SSRF in URL preview feature,Hybrid,25,CVE-2006-6974,(no title),0.871429
31,server-side request forgery SSRF in URL preview feature,Taumode,1,CVE-2026-5234,LatePoint <= 5.3.2 - Insecure Direct Object Reference to Unauthenticated Sensitive Financial Data Exposure via Sequential Invoice ID,0.932213
31,server-side request forgery SSRF in URL preview feature,Taumode,2,CVE-2023-45503,(no title),0.932184
31,server-side request forgery SSRF in URL preview feature,Taumode,3,CVE-2012-4347,(no title),0.929604
31,server-side request forgery SSRF in URL preview feature,Taumode,4,CVE-2023-46350,(no title),0.928680
31,server-side request forgery SSRF in URL preview feature,Taumode,5,CVE-2012-1289,(no title),0.928610
31,server-side request forgery SSRF in URL preview feature,Taumode,6,CVE-2013-7216,(no title),0.928388
31,server-side request forgery SSRF in URL preview feature,Taumode,7,CVE-2025-63390,(no title),0.928357
31,server-side request forgery SSRF in URL preview feature,Taumode,8,CVE-2006-5303,(no title),0.928182
31,server-side request forgery SSRF in URL preview feature,Taumode,9,CVE-2019-13382,(no title),0.927776
31,server-side request forgery SSRF in URL preview feature,Taumode,10,CVE-2025-40659,Insecure Direct Object Reference (IDOR) vulnerability in DM Corporative CMS,0.927623
31,server-side request forgery SSRF in URL preview feature,Taumode,11,CVE-2025-40660,Insecure Direct Object Reference (IDOR) vulnerability in DM Corporative CMS,0.927436
31,server-side request forgery SSRF in URL preview feature,Taumode,12,CVE-2009-1553,(no title),0.927342
31,server-side request forgery SSRF in URL preview feature,Taumode,13,CVE-2025-40658,Insecure Direct Object Reference (IDOR) vulnerability in DM Corporative CMS,0.926146
31,server-side request forgery SSRF in URL preview feature,Taumode,14,CVE-2017-5965,(no title),0.926036
31,server-side request forgery SSRF in URL preview feature,Taumode,15,CVE-2016-0492,(no title),0.925932
31,server-side request forgery SSRF in URL preview feature,Taumode,16,CVE-2022-29597,(no title),0.925646
31,server-side request forgery SSRF in URL preview feature,Taumode,17,CVE-2019-11030,(no title),0.925481
31,server-side request forgery SSRF in URL preview feature,Taumode,18,CVE-2025-40661,Insecure Direct Object Reference (IDOR) vulnerability in DM Corporative CMS,0.925411
31,server-side request forgery SSRF in URL preview feature,Taumode,19,CVE-2006-5600,(no title),0.925350
31,server-side request forgery SSRF in URL preview feature,Taumode,20,CVE-2024-36495,Read/Write Permissions for Everyone on Configuration File,0.925249
31,server-side request forgery SSRF in URL preview feature,Taumode,21,CVE-2022-31662,(no title),0.925137
31,server-side request forgery SSRF in URL preview feature,Taumode,22,CVE-2021-44877,(no title),0.925046
31,server-side request forgery SSRF in URL preview feature,Taumode,23,CVE-2006-4575,(no title),0.924966
31,server-side request forgery SSRF in URL preview feature,Taumode,24,CVE-2013-4883,(no title),0.924927
31,server-side request forgery SSRF in URL preview feature,Taumode,25,CVE-2006-6974,(no title),0.924916
32,null pointer dereference in Bluetooth service,Cosine,1,CVE-2018-19204,(no title),0.821600
32,null pointer dereference in Bluetooth service,Cosine,2,CVE-2022-39959,(no title),0.820588
32,null pointer dereference in Bluetooth service,Cosine,3,CVE-2008-6931,(no title),0.818509
32,null pointer dereference in Bluetooth service,Cosine,4,CVE-2020-5846,(no title),0.817565
32,null pointer dereference in Bluetooth service,Cosine,5,CVE-2019-14969,(no title),0.817204
32,null pointer dereference in Bluetooth service,Cosine,6,CVE-2019-9745,(no title),0.816874
32,null pointer dereference in Bluetooth service,Cosine,7,CVE-2011-5161,(no title),0.814659
32,null pointer dereference in Bluetooth service,Cosine,8,CVE-2019-17190,(no title),0.812826
32,null pointer dereference in Bluetooth service,Cosine,9,CVE-2020-15843,(no title),0.811770
32,null pointer dereference in Bluetooth service,Cosine,10,CVE-2025-67084,(no title),0.810966
32,null pointer dereference in Bluetooth service,Cosine,11,CVE-2018-14911,(no title),0.810906
32,null pointer dereference in Bluetooth service,Cosine,12,CVE-2023-45503,(no title),0.810249
32,null pointer dereference in Bluetooth service,Cosine,13,CVE-2025-65806,(no title),0.810130
32,null pointer dereference in Bluetooth service,Cosine,14,CVE-2003-0937,(no title),0.810117
32,null pointer dereference in Bluetooth service,Cosine,15,CVE-2024-40520,(no title),0.808792
32,null pointer dereference in Bluetooth service,Cosine,16,CVE-2025-66480,Wildfire has Arbitrary File Upload via Directory Traversal in UploadFileAction,0.808427
32,null pointer dereference in Bluetooth service,Cosine,17,CVE-2018-12026,(no title),0.808363
32,null pointer dereference in Bluetooth service,Cosine,18,CVE-2022-40721,(no title),0.808080
32,null pointer dereference in Bluetooth service,Cosine,19,CVE-2006-6974,(no title),0.807944
32,null pointer dereference in Bluetooth service,Cosine,20,CVE-2020-27643,(no title),0.806486
32,null pointer dereference in Bluetooth service,Cosine,21,CVE-2021-35523,(no title),0.806297
32,null pointer dereference in Bluetooth service,Cosine,22,CVE-2005-2782,(no title),0.806195
32,null pointer dereference in Bluetooth service,Cosine,23,CVE-2012-2658,(no title),0.805970
32,null pointer dereference in Bluetooth service,Cosine,24,CVE-2025-40362,ceph: fix multifs mds auth caps issue,0.805916
32,null pointer dereference in Bluetooth service,Cosine,25,CVE-2023-22809,(no title),0.805818
32,null pointer dereference in Bluetooth service,Hybrid,1,CVE-2019-14969,(no title),0.853265
32,null pointer dereference in Bluetooth service,Hybrid,2,CVE-2006-2768,(no title),0.848733
32,null pointer dereference in Bluetooth service,Hybrid,3,CVE-2010-3209,(no title),0.848582
32,null pointer dereference in Bluetooth service,Hybrid,4,CVE-2010-2241,(no title),0.843959
32,null pointer dereference in Bluetooth service,Hybrid,5,CVE-2006-4423,(no title),0.840509
32,null pointer dereference in Bluetooth service,Hybrid,6,CVE-2017-7884,(no title),0.840232
32,null pointer dereference in Bluetooth service,Hybrid,7,CVE-2012-3469,(no title),0.839698
32,null pointer dereference in Bluetooth service,Hybrid,8,CVE-2009-2399,(no title),0.838492
32,null pointer dereference in Bluetooth service,Hybrid,9,CVE-2008-6914,(no title),0.836394
32,null pointer dereference in Bluetooth service,Hybrid,10,CVE-2006-5507,(no title),0.835650
32,null pointer dereference in Bluetooth service,Hybrid,11,CVE-2007-2609,(no title),0.835423
32,null pointer dereference in Bluetooth service,Hybrid,12,CVE-2011-4734,(no title),0.835282
32,null pointer dereference in Bluetooth service,Hybrid,13,CVE-2006-4750,(no title),0.835272
32,null pointer dereference in Bluetooth service,Hybrid,14,CVE-2001-1079,(no title),0.834924
32,null pointer dereference in Bluetooth service,Hybrid,15,CVE-2018-10642,(no title),0.833294
32,null pointer dereference in Bluetooth service,Hybrid,16,CVE-2006-2864,(no title),0.832982
32,null pointer dereference in Bluetooth service,Hybrid,17,CVE-2008-5789,(no title),0.832302
32,null pointer dereference in Bluetooth service,Hybrid,18,CVE-2009-3055,(no title),0.832099
32,null pointer dereference in Bluetooth service,Hybrid,19,CVE-2008-3166,(no title),0.831289
32,null pointer dereference in Bluetooth service,Hybrid,20,CVE-2013-7190,(no title),0.831274
32,null pointer dereference in Bluetooth service,Hybrid,21,CVE-2007-6105,(no title),0.829749
32,null pointer dereference in Bluetooth service,Hybrid,22,CVE-2005-1361,(no title),0.829715
32,null pointer dereference in Bluetooth service,Hybrid,23,CVE-2019-6713,(no title),0.829186
32,null pointer dereference in Bluetooth service,Hybrid,24,CVE-2007-3081,(no title),0.829105
32,null pointer dereference in Bluetooth service,Hybrid,25,CVE-2015-0010,(no title),0.828303
32,null pointer dereference in Bluetooth service,Taumode,1,CVE-2010-3209,(no title),0.907034
32,null pointer dereference in Bluetooth service,Taumode,2,CVE-2006-2768,(no title),0.906903
32,null pointer dereference in Bluetooth service,Taumode,3,CVE-2012-3469,(no title),0.905971
32,null pointer dereference in Bluetooth service,Taumode,4,CVE-2006-5507,(no title),0.901940
32,null pointer dereference in Bluetooth service,Taumode,5,CVE-2009-3055,(no title),0.901922
32,null pointer dereference in Bluetooth service,Taumode,6,CVE-2008-5789,(no title),0.901174
32,null pointer dereference in Bluetooth service,Taumode,7,CVE-2007-2609,(no title),0.900981
32,null pointer dereference in Bluetooth service,Taumode,8,CVE-2011-4734,(no title),0.900871
32,null pointer dereference in Bluetooth service,Taumode,9,CVE-2008-3166,(no title),0.900384
32,null pointer dereference in Bluetooth service,Taumode,10,CVE-2001-1079,(no title),0.899106
32,null pointer dereference in Bluetooth service,Taumode,11,CVE-2006-6295,(no title),0.898336
32,null pointer dereference in Bluetooth service,Taumode,12,CVE-2007-6105,(no title),0.897870
32,null pointer dereference in Bluetooth service,Taumode,13,CVE-2007-3081,(no title),0.897578
32,null pointer dereference in Bluetooth service,Taumode,14,CVE-2012-5367,(no title),0.897436
32,null pointer dereference in Bluetooth service,Taumode,15,CVE-2018-10642,(no title),0.897275
32,null pointer dereference in Bluetooth service,Taumode,16,CVE-2009-4769,(no title),0.896224
32,null pointer dereference in Bluetooth service,Taumode,17,CVE-2005-1361,(no title),0.896166
32,null pointer dereference in Bluetooth service,Taumode,18,CVE-2010-2241,(no title),0.895872
32,null pointer dereference in Bluetooth service,Taumode,19,CVE-2000-0663,(no title),0.895731
32,null pointer dereference in Bluetooth service,Taumode,20,CVE-2012-5900,(no title),0.895194
32,null pointer dereference in Bluetooth service,Taumode,21,CVE-2006-3009,(no title),0.894872
32,null pointer dereference in Bluetooth service,Taumode,22,CVE-2012-3791,(no title),0.894643
32,null pointer dereference in Bluetooth service,Taumode,23,CVE-2005-1205,(no title),0.894051
32,null pointer dereference in Bluetooth service,Taumode,24,CVE-2010-3313,(no title),0.893728
32,null pointer dereference in Bluetooth service,Taumode,25,CVE-2005-4779,(no title),0.893031
33,insecure default permissions in container runtime socket,Cosine,1,CVE-2025-71183,btrfs: always detect conflicting inodes when logging inode refs,0.813034
33,insecure default permissions in container runtime socket,Cosine,2,CVE-2025-21688,drm/v3d: Assign job pointer to NULL before signaling the fence,0.812385
33,insecure default permissions in container runtime socket,Cosine,3,CVE-2022-48756,drm/msm/dsi: invalid parameter check in msm_dsi_phy_enable,0.811670
33,insecure default permissions in container runtime socket,Cosine,4,CVE-2024-47741,btrfs: fix race setting file private on concurrent lseek using same fd,0.809298
33,insecure default permissions in container runtime socket,Cosine,5,CVE-2025-38060,bpf: copy_verifier_state() should copy 'loop_entry' field,0.807220
33,insecure default permissions in container runtime socket,Cosine,6,CVE-2025-62156,argo-workflows Zip Slip path traversal allows arbitrary file write and container configuration overwrite,0.806162
33,insecure default permissions in container runtime socket,Cosine,7,CVE-2013-4159,(no title),0.802762
33,insecure default permissions in container runtime socket,Cosine,8,CVE-2024-56755,netfs/fscache: Add a memory barrier for FSCACHE_VOLUME_CREATING,0.802240
33,insecure default permissions in container runtime socket,Cosine,9,CVE-2022-50255,tracing: Fix reading strings from synthetic events,0.801838
33,insecure default permissions in container runtime socket,Cosine,10,CVE-2025-37785,ext4: fix OOB read when checking dotdot dir,0.801439
33,insecure default permissions in container runtime socket,Cosine,11,CVE-2022-49834,nilfs2: fix use-after-free bug of ns_writer on remount,0.800276
33,insecure default permissions in container runtime socket,Cosine,12,CVE-2022-48749,drm/msm/dpu: invalid parameter check in dpu_setup_dspp_pcc,0.798955
33,insecure default permissions in container runtime socket,Cosine,13,CVE-2006-5677,(no title),0.798303
33,insecure default permissions in container runtime socket,Cosine,14,CVE-2023-53503,ext4: allow ext4_get_group_info() to fail,0.797995
33,insecure default permissions in container runtime socket,Cosine,15,CVE-2024-53201,drm/amd/display: Fix null check for pipe_ctx->plane_state in dcn20_program_pipe,0.797558
33,insecure default permissions in container runtime socket,Cosine,16,CVE-2023-4759,Improper handling of case insensitive filesystems in Eclipse JGit allows arbitrary file write,0.797487
33,insecure default permissions in container runtime socket,Cosine,17,CVE-2023-54080,btrfs: zoned: skip splitting and logical rewriting on pre-alloc write,0.797339
33,insecure default permissions in container runtime socket,Cosine,18,CVE-2023-52587,IB/ipoib: Fix mcast list locking,0.796998
33,insecure default permissions in container runtime socket,Cosine,19,CVE-2023-53476,iw_cxgb4: Fix potential NULL dereference in c4iw_fill_res_cm_id_entry(),0.796906
33,insecure default permissions in container runtime socket,Cosine,20,CVE-2023-53664,OPP: Fix potential null ptr dereference in dev_pm_opp_get_required_pstate(),0.796092
33,insecure default permissions in container runtime socket,Cosine,21,CVE-2023-52473,thermal: core: Fix NULL pointer dereference in zone registration error path,0.796061
33,insecure default permissions in container runtime socket,Cosine,22,CVE-2024-43886,drm/amd/display: Add null check in resource_log_pipe_topology_update,0.795482
33,insecure default permissions in container runtime socket,Cosine,23,CVE-2024-46733,btrfs: fix qgroup reserve leaks in cow_file_range,0.794631
33,insecure default permissions in container runtime socket,Cosine,24,CVE-2023-54002,btrfs: fix assertion of exclop condition when starting balance,0.794570
33,insecure default permissions in container runtime socket,Cosine,25,CVE-2024-49914,drm/amd/display: Add null check for pipe_ctx->plane_state in dcn20_program_pipe,0.794488
33,insecure default permissions in container runtime socket,Hybrid,1,CVE-2025-71183,btrfs: always detect conflicting inodes when logging inode refs,0.865370
33,insecure default permissions in container runtime socket,Hybrid,2,CVE-2025-21688,drm/v3d: Assign job pointer to NULL before signaling the fence,0.864876
33,insecure default permissions in container runtime socket,Hybrid,3,CVE-2022-48756,drm/msm/dsi: invalid parameter check in msm_dsi_phy_enable,0.864374
33,insecure default permissions in container runtime socket,Hybrid,4,CVE-2024-47741,btrfs: fix race setting file private on concurrent lseek using same fd,0.862693
33,insecure default permissions in container runtime socket,Hybrid,5,CVE-2025-38060,bpf: copy_verifier_state() should copy 'loop_entry' field,0.861195
33,insecure default permissions in container runtime socket,Hybrid,6,CVE-2025-62156,argo-workflows Zip Slip path traversal allows arbitrary file write and container configuration overwrite,0.860407
33,insecure default permissions in container runtime socket,Hybrid,7,CVE-2013-4159,(no title),0.857954
33,insecure default permissions in container runtime socket,Hybrid,8,CVE-2024-56755,netfs/fscache: Add a memory barrier for FSCACHE_VOLUME_CREATING,0.857594
33,insecure default permissions in container runtime socket,Hybrid,9,CVE-2022-50255,tracing: Fix reading strings from synthetic events,0.857318
33,insecure default permissions in container runtime socket,Hybrid,10,CVE-2025-37785,ext4: fix OOB read when checking dotdot dir,0.857020
33,insecure default permissions in container runtime socket,Hybrid,11,CVE-2022-49834,nilfs2: fix use-after-free bug of ns_writer on remount,0.856175
33,insecure default permissions in container runtime socket,Hybrid,12,CVE-2022-48749,drm/msm/dpu: invalid parameter check in dpu_setup_dspp_pcc,0.855226
33,insecure default permissions in container runtime socket,Hybrid,13,CVE-2023-53503,ext4: allow ext4_get_group_info() to fail,0.854501
33,insecure default permissions in container runtime socket,Hybrid,14,CVE-2024-53201,drm/amd/display: Fix null check for pipe_ctx->plane_state in dcn20_program_pipe,0.854223
33,insecure default permissions in container runtime socket,Hybrid,15,CVE-2023-4759,Improper handling of case insensitive filesystems in Eclipse JGit allows arbitrary file write,0.854163
33,insecure default permissions in container runtime socket,Hybrid,16,CVE-2023-54080,btrfs: zoned: skip splitting and logical rewriting on pre-alloc write,0.854062
33,insecure default permissions in container runtime socket,Hybrid,17,CVE-2023-52587,IB/ipoib: Fix mcast list locking,0.853791
33,insecure default permissions in container runtime socket,Hybrid,18,CVE-2023-53476,iw_cxgb4: Fix potential NULL dereference in c4iw_fill_res_cm_id_entry(),0.853738
33,insecure default permissions in container runtime socket,Hybrid,19,CVE-2023-52473,thermal: core: Fix NULL pointer dereference in zone registration error path,0.853155
33,insecure default permissions in container runtime socket,Hybrid,20,CVE-2024-43886,drm/amd/display: Add null check in resource_log_pipe_topology_update,0.852721
33,insecure default permissions in container runtime socket,Hybrid,21,CVE-2024-46733,btrfs: fix qgroup reserve leaks in cow_file_range,0.852111
33,insecure default permissions in container runtime socket,Hybrid,22,CVE-2023-54002,btrfs: fix assertion of exclop condition when starting balance,0.852061
33,insecure default permissions in container runtime socket,Hybrid,23,CVE-2024-49914,drm/amd/display: Add null check for pipe_ctx->plane_state in dcn20_program_pipe,0.851997
33,insecure default permissions in container runtime socket,Hybrid,24,CVE-2025-66002,Local users can perform arbitrary unmounts via smb4k mount helper due to lack of input validation,0.851408
33,insecure default permissions in container runtime socket,Hybrid,25,CVE-2022-48931,"configfs: fix a race in configfs_{,un}register_subsystem()",0.851288
33,insecure default permissions in container runtime socket,Taumode,1,CVE-2025-71183,btrfs: always detect conflicting inodes when logging inode refs,0.921445
33,insecure default permissions in container runtime socket,Taumode,2,CVE-2025-21688,drm/v3d: Assign job pointer to NULL before signaling the fence,0.921117
33,insecure default permissions in container runtime socket,Taumode,3,CVE-2022-48756,drm/msm/dsi: invalid parameter check in msm_dsi_phy_enable,0.920843
33,insecure default permissions in container runtime socket,Taumode,4,CVE-2024-47741,btrfs: fix race setting file private on concurrent lseek using same fd,0.919901
33,insecure default permissions in container runtime socket,Taumode,5,CVE-2025-38060,bpf: copy_verifier_state() should copy 'loop_entry' field,0.919025
33,insecure default permissions in container runtime socket,Taumode,6,CVE-2025-62156,argo-workflows Zip Slip path traversal allows arbitrary file write and container configuration overwrite,0.918527
33,insecure default permissions in container runtime socket,Taumode,7,CVE-2013-4159,(no title),0.917087
33,insecure default permissions in container runtime socket,Taumode,8,CVE-2024-56755,netfs/fscache: Add a memory barrier for FSCACHE_VOLUME_CREATING,0.916902
33,insecure default permissions in container runtime socket,Taumode,9,CVE-2022-50255,tracing: Fix reading strings from synthetic events,0.916760
33,insecure default permissions in container runtime socket,Taumode,10,CVE-2025-37785,ext4: fix OOB read when checking dotdot dir,0.916572
33,insecure default permissions in container runtime socket,Taumode,11,CVE-2022-49834,nilfs2: fix use-after-free bug of ns_writer on remount,0.916067
33,insecure default permissions in container runtime socket,Taumode,12,CVE-2022-48749,drm/msm/dpu: invalid parameter check in dpu_setup_dspp_pcc,0.915517
33,insecure default permissions in container runtime socket,Taumode,13,CVE-2023-53503,ext4: allow ext4_get_group_info() to fail,0.915042
33,insecure default permissions in container runtime socket,Taumode,14,CVE-2024-53201,drm/amd/display: Fix null check for pipe_ctx->plane_state in dcn20_program_pipe,0.914935
33,insecure default permissions in container runtime socket,Taumode,15,CVE-2023-4759,Improper handling of case insensitive filesystems in Eclipse JGit allows arbitrary file write,0.914887
33,insecure default permissions in container runtime socket,Taumode,16,CVE-2023-54080,btrfs: zoned: skip splitting and logical rewriting on pre-alloc write,0.914837
33,insecure default permissions in container runtime socket,Taumode,17,CVE-2023-52587,IB/ipoib: Fix mcast list locking,0.914641
33,insecure default permissions in container runtime socket,Taumode,18,CVE-2023-53476,iw_cxgb4: Fix potential NULL dereference in c4iw_fill_res_cm_id_entry(),0.914629
33,insecure default permissions in container runtime socket,Taumode,19,CVE-2023-52473,thermal: core: Fix NULL pointer dereference in zone registration error path,0.914328
33,insecure default permissions in container runtime socket,Taumode,20,CVE-2024-43886,drm/amd/display: Add null check in resource_log_pipe_topology_update,0.914048
33,insecure default permissions in container runtime socket,Taumode,21,CVE-2024-46733,btrfs: fix qgroup reserve leaks in cow_file_range,0.913696
33,insecure default permissions in container runtime socket,Taumode,22,CVE-2023-54002,btrfs: fix assertion of exclop condition when starting balance,0.913659
33,insecure default permissions in container runtime socket,Taumode,23,CVE-2024-49914,drm/amd/display: Add null check for pipe_ctx->plane_state in dcn20_program_pipe,0.913613
33,insecure default permissions in container runtime socket,Taumode,24,CVE-2025-66002,Local users can perform arbitrary unmounts via smb4k mount helper due to lack of input validation,0.913276
33,insecure default permissions in container runtime socket,Taumode,25,CVE-2022-48931,"configfs: fix a race in configfs_{,un}register_subsystem()",0.913205
34,cross-site request forgery CSRF in admin password change form,Cosine,1,CVE-2022-50329,"block, bfq: fix uaf for bfqq in bfq_exit_icq_bfqq",0.783192
34,cross-site request forgery CSRF in admin password change form,Cosine,2,CVE-2004-2571,(no title),0.777830
34,cross-site request forgery CSRF in admin password change form,Cosine,3,CVE-2019-17041,(no title),0.776402
34,cross-site request forgery CSRF in admin password change form,Cosine,4,CVE-2025-71101,platform/x86: hp-bioscfg: Fix out-of-bounds array access in ACPI package parsing,0.776088
34,cross-site request forgery CSRF in admin password change form,Cosine,5,CVE-2022-49518,ASoC: SOF: ipc3-topology: Correct get_control_data for non bytes payload,0.775261
34,cross-site request forgery CSRF in admin password change form,Cosine,6,CVE-2024-50151,smb: client: fix OOBs when building SMB2_IOCTL request,0.771179
34,cross-site request forgery CSRF in admin password change form,Cosine,7,CVE-2020-12884,(no title),0.769955
34,cross-site request forgery CSRF in admin password change form,Cosine,8,CVE-2017-8408,(no title),0.769890
34,cross-site request forgery CSRF in admin password change form,Cosine,9,CVE-2022-50255,tracing: Fix reading strings from synthetic events,0.769752
34,cross-site request forgery CSRF in admin password change form,Cosine,10,CVE-2021-47366,afs: Fix corruption in reads at fpos 2G-4G from an OpenAFS server,0.769630
34,cross-site request forgery CSRF in admin password change form,Cosine,11,CVE-2024-50142,xfrm: validate new SA's prefixlen using SA family when sel.family is unset,0.768857
34,cross-site request forgery CSRF in admin password change form,Cosine,12,CVE-2025-40222,tty: serial: sh-sci: fix RSCI FIFO overrun handling,0.768773
34,cross-site request forgery CSRF in admin password change form,Cosine,13,CVE-2024-47702,bpf: Fail verification for sign-extension of packet data/data_end/data_meta,0.768505
34,cross-site request forgery CSRF in admin password change form,Cosine,14,CVE-2024-42240,x86/bhi: Avoid warning in #DB handler due to BHI mitigation,0.767882
34,cross-site request forgery CSRF in admin password change form,Cosine,15,CVE-2023-22809,(no title),0.767536
34,cross-site request forgery CSRF in admin password change form,Cosine,16,CVE-2019-17042,(no title),0.767418
34,cross-site request forgery CSRF in admin password change form,Cosine,17,CVE-2023-53570,wifi: nl80211: fix integer overflow in nl80211_parse_mbssid_elems(),0.767125
34,cross-site request forgery CSRF in admin password change form,Cosine,18,CVE-2026-27904,minimatch ReDoS: nested *() extglobs generate catastrophically backtracking regular expressions,0.766530
34,cross-site request forgery CSRF in admin password change form,Cosine,19,CVE-2025-66263,Unauthenticated Arbitrary File Read via Null Byte Injection,0.766291
34,cross-site request forgery CSRF in admin password change form,Cosine,20,CVE-2018-19990,(no title),0.766261
34,cross-site request forgery CSRF in admin password change form,Cosine,21,CVE-2026-31611,ksmbd: require 3 sub-authorities before reading sub_auth[2],0.766190
34,cross-site request forgery CSRF in admin password change form,Cosine,22,CVE-2016-6908,(no title),0.766151
34,cross-site request forgery CSRF in admin password change form,Cosine,23,CVE-2024-41014,xfs: add bounds checking to xlog_recover_process_data,0.765987
34,cross-site request forgery CSRF in admin password change form,Cosine,24,CVE-2022-49407,dlm: fix plock invalid read,0.765888
34,cross-site request forgery CSRF in admin password change form,Cosine,25,CVE-2024-36057,(no title),0.765614
34,cross-site request forgery CSRF in admin password change form,Hybrid,1,CVE-2026-31611,ksmbd: require 3 sub-authorities before reading sub_auth[2],0.831052
34,cross-site request forgery CSRF in admin password change form,Hybrid,2,CVE-2023-22809,(no title),0.825813
34,cross-site request forgery CSRF in admin password change form,Hybrid,3,CVE-2009-3163,(no title),0.822034
34,cross-site request forgery CSRF in admin password change form,Hybrid,4,CVE-2024-39469,nilfs2: fix nilfs_empty_dir() misjudgment and long loop on I/O errors,0.821823
34,cross-site request forgery CSRF in admin password change form,Hybrid,5,CVE-2024-56539,wifi: mwifiex: Fix memcpy() field-spanning write warning in mwifiex_config_scan(),0.820983
34,cross-site request forgery CSRF in admin password change form,Hybrid,6,CVE-2024-47739,padata: use integer wrap around to prevent deadlock on seq_nr overflow,0.820300
34,cross-site request forgery CSRF in admin password change form,Hybrid,7,CVE-2019-7718,(no title),0.819297
34,cross-site request forgery CSRF in admin password change form,Hybrid,8,CVE-2025-68726,crypto: aead - Fix reqsize handling,0.819015
34,cross-site request forgery CSRF in admin password change form,Hybrid,9,CVE-2016-9804,(no title),0.818896
34,cross-site request forgery CSRF in admin password change form,Hybrid,10,CVE-2026-23404,apparmor: replace recursive profile removal with iterative approach,0.817381
34,cross-site request forgery CSRF in admin password change form,Hybrid,11,CVE-2019-14232,(no title),0.816581
34,cross-site request forgery CSRF in admin password change form,Hybrid,12,CVE-2026-31487,spi: use generic driver_override infrastructure,0.816475
34,cross-site request forgery CSRF in admin password change form,Hybrid,13,CVE-2018-19988,(no title),0.815710
34,cross-site request forgery CSRF in admin password change form,Hybrid,14,CVE-2019-14422,(no title),0.814856
34,cross-site request forgery CSRF in admin password change form,Hybrid,15,CVE-2025-71265,fs: ntfs3: fix infinite loop in attr_load_runs_range on inconsistent metadata,0.814830
34,cross-site request forgery CSRF in admin password change form,Hybrid,16,CVE-2024-43802,heap-buffer-overflow in ins_typebuf() in Vim < 9.1.0697,0.814767
34,cross-site request forgery CSRF in admin password change form,Hybrid,17,CVE-2024-47141,pinmux: Use sequential access to access desc->pinmux data,0.814467
34,cross-site request forgery CSRF in admin password change form,Hybrid,18,CVE-2011-1760,(no title),0.814037
34,cross-site request forgery CSRF in admin password change form,Hybrid,19,CVE-2025-13462,tarfile: Skip DIRTYPE normalization during GNU LONGNAME/LONGLINK handling,0.813607
34,cross-site request forgery CSRF in admin password change form,Hybrid,20,CVE-2018-20164,(no title),0.813564
34,cross-site request forgery CSRF in admin password change form,Hybrid,21,CVE-2026-35611,Addressable has a Regular Expression Denial of Service in Addressable templates,0.813468
34,cross-site request forgery CSRF in admin password change form,Hybrid,22,CVE-2009-3051,(no title),0.813357
34,cross-site request forgery CSRF in admin password change form,Hybrid,23,CVE-2019-17041,(no title),0.812263
34,cross-site request forgery CSRF in admin password change form,Hybrid,24,CVE-2025-71101,platform/x86: hp-bioscfg: Fix out-of-bounds array access in ACPI package parsing,0.812028
34,cross-site request forgery CSRF in admin password change form,Hybrid,25,CVE-2026-27904,minimatch ReDoS: nested *() extglobs generate catastrophically backtracking regular expressions,0.811764
34,cross-site request forgery CSRF in admin password change form,Taumode,1,CVE-2026-31611,ksmbd: require 3 sub-authorities before reading sub_auth[2],0.900546
34,cross-site request forgery CSRF in admin password change form,Taumode,2,CVE-2024-39469,nilfs2: fix nilfs_empty_dir() misjudgment and long loop on I/O errors,0.894247
34,cross-site request forgery CSRF in admin password change form,Taumode,3,CVE-2019-7718,(no title),0.892948
34,cross-site request forgery CSRF in admin password change form,Taumode,4,CVE-2019-14232,(no title),0.891728
34,cross-site request forgery CSRF in admin password change form,Taumode,5,CVE-2026-23404,apparmor: replace recursive profile removal with iterative approach,0.891314
34,cross-site request forgery CSRF in admin password change form,Taumode,6,CVE-2024-56539,wifi: mwifiex: Fix memcpy() field-spanning write warning in mwifiex_config_scan(),0.891227
34,cross-site request forgery CSRF in admin password change form,Taumode,7,CVE-2011-1760,(no title),0.889800
34,cross-site request forgery CSRF in admin password change form,Taumode,8,CVE-2025-71265,fs: ntfs3: fix infinite loop in attr_load_runs_range on inconsistent metadata,0.889312
34,cross-site request forgery CSRF in admin password change form,Taumode,9,CVE-2009-3163,(no title),0.888406
34,cross-site request forgery CSRF in admin password change form,Taumode,10,CVE-2023-22809,(no title),0.888254
34,cross-site request forgery CSRF in admin password change form,Taumode,11,CVE-2009-5081,(no title),0.887920
34,cross-site request forgery CSRF in admin password change form,Taumode,12,CVE-2022-49067,powerpc: Fix virt_addr_valid() for 64-bit Book3E & 32-bit,0.887436
34,cross-site request forgery CSRF in admin password change form,Taumode,13,CVE-2020-36187,(no title),0.887303
34,cross-site request forgery CSRF in admin password change form,Taumode,14,CVE-2024-47739,padata: use integer wrap around to prevent deadlock on seq_nr overflow,0.887277
34,cross-site request forgery CSRF in admin password change form,Taumode,15,CVE-2020-14060,(no title),0.887233
34,cross-site request forgery CSRF in admin password change form,Taumode,16,CVE-2021-45467,(no title),0.887142
34,cross-site request forgery CSRF in admin password change form,Taumode,17,CVE-2026-31487,spi: use generic driver_override infrastructure,0.887113
34,cross-site request forgery CSRF in admin password change form,Taumode,18,CVE-2019-14422,(no title),0.886914
34,cross-site request forgery CSRF in admin password change form,Taumode,19,CVE-2007-1070,(no title),0.886399
34,cross-site request forgery CSRF in admin password change form,Taumode,20,CVE-2007-6179,(no title),0.886385
34,cross-site request forgery CSRF in admin password change form,Taumode,21,CVE-2005-1966,(no title),0.886147
34,cross-site request forgery CSRF in admin password change form,Taumode,22,CVE-2011-0959,(no title),0.886014
34,cross-site request forgery CSRF in admin password change form,Taumode,23,CVE-2024-33865,(no title),0.885836
34,cross-site request forgery CSRF in admin password change form,Taumode,24,CVE-2007-2550,(no title),0.885602
34,cross-site request forgery CSRF in admin password change form,Taumode,25,CVE-2016-9804,(no title),0.885415
35,business logic bypass in coupon redemption API,Cosine,1,CVE-2024-10125,Lack of JWT issuer and signer validation,0.849279
35,business logic bypass in coupon redemption API,Cosine,2,CVE-2026-5234,LatePoint <= 5.3.2 - Insecure Direct Object Reference to Unauthenticated Sensitive Financial Data Exposure via Sequential Invoice ID,0.847450
35,business logic bypass in coupon redemption API,Cosine,3,CVE-2025-63390,(no title),0.843133
35,business logic bypass in coupon redemption API,Cosine,4,CVE-2008-6706,(no title),0.843053
35,business logic bypass in coupon redemption API,Cosine,5,CVE-2020-26212,Any GLPI CalDAV calendars is read-only for every authenticated user,0.840870
35,business logic bypass in coupon redemption API,Cosine,6,CVE-2018-15758,Privilege Escalation in spring-security-oauth2,0.840123
35,business logic bypass in coupon redemption API,Cosine,7,CVE-2024-8535,Authenticated user can access unintended user capabilities,0.838054
35,business logic bypass in coupon redemption API,Cosine,8,CVE-2011-3684,(no title),0.837635
35,business logic bypass in coupon redemption API,Cosine,9,CVE-2009-3487,(no title),0.837491
35,business logic bypass in coupon redemption API,Cosine,10,CVE-2016-4350,(no title),0.836994
35,business logic bypass in coupon redemption API,Cosine,11,CVE-2026-31820,Sylius affected by IDOR in Cart and Checkout LiveComponents,0.836942
35,business logic bypass in coupon redemption API,Cosine,12,CVE-2014-4309,(no title),0.836857
35,business logic bypass in coupon redemption API,Cosine,13,CVE-2021-30648,(no title),0.836774
35,business logic bypass in coupon redemption API,Cosine,14,CVE-2015-6509,(no title),0.835362
35,business logic bypass in coupon redemption API,Cosine,15,CVE-2025-34234,Vasion Print (formerly PrinterLogic) Hardcoded Encryption Private Keys,0.835287
35,business logic bypass in coupon redemption API,Cosine,16,CVE-2024-45164,(no title),0.835103
35,business logic bypass in coupon redemption API,Cosine,17,CVE-2016-4948,(no title),0.834214
35,business logic bypass in coupon redemption API,Cosine,18,CVE-2012-3805,(no title),0.834081
35,business logic bypass in coupon redemption API,Cosine,19,CVE-2025-34062,OneLogin AD Connector API Credential and Signing Key Exposure,0.833495
35,business logic bypass in coupon redemption API,Cosine,20,CVE-2015-7494,(no title),0.833208
35,business logic bypass in coupon redemption API,Cosine,21,CVE-2008-3081,(no title),0.832644
35,business logic bypass in coupon redemption API,Cosine,22,CVE-2026-33990,Docker Model Runner OCI Registry Client Vulnerable to Server-Side Request Forgery (SSRF),0.832373
35,business logic bypass in coupon redemption API,Cosine,23,CVE-2021-40261,(no title),0.831899
35,business logic bypass in coupon redemption API,Cosine,24,CVE-2026-33726,Cilium L7 proxy may bypass Kubernetes NetworkPolicy for same-node traffic,0.831484
35,business logic bypass in coupon redemption API,Cosine,25,CVE-2021-43271,(no title),0.831302
35,business logic bypass in coupon redemption API,Hybrid,1,CVE-2024-13301,OAuth & OpenID Connect Single Sign On – SSO (OAuth/OIDC Client) - Critical - Cross Site Scripting - SA-CONTRIB-2024-067,0.874539
35,business logic bypass in coupon redemption API,Hybrid,2,CVE-2026-31820,Sylius affected by IDOR in Cart and Checkout LiveComponents,0.873114
35,business logic bypass in coupon redemption API,Hybrid,3,CVE-2026-25045,Budibase Critical Privilege Escalation & IDOR via Missing RBAC on User Role Management (Creator-Role),0.869787
35,business logic bypass in coupon redemption API,Hybrid,4,CVE-2024-10125,Lack of JWT issuer and signer validation,0.862142
35,business logic bypass in coupon redemption API,Hybrid,5,CVE-2026-24516,(no title),0.861842
35,business logic bypass in coupon redemption API,Hybrid,6,CVE-2026-5234,LatePoint <= 5.3.2 - Insecure Direct Object Reference to Unauthenticated Sensitive Financial Data Exposure via Sequential Invoice ID,0.860995
35,business logic bypass in coupon redemption API,Hybrid,7,CVE-2006-6031,(no title),0.860583
35,business logic bypass in coupon redemption API,Hybrid,8,CVE-2006-4118,(no title),0.860248
35,business logic bypass in coupon redemption API,Hybrid,9,CVE-2014-4309,(no title),0.859323
35,business logic bypass in coupon redemption API,Hybrid,10,CVE-2015-6005,(no title),0.859044
35,business logic bypass in coupon redemption API,Hybrid,11,CVE-2025-63390,(no title),0.857799
35,business logic bypass in coupon redemption API,Hybrid,12,CVE-2008-6706,(no title),0.857705
35,business logic bypass in coupon redemption API,Hybrid,13,CVE-2023-50291,Apache Solr: System Property redaction logic inconsistency can lead to leaked passwords,0.856394
35,business logic bypass in coupon redemption API,Hybrid,14,CVE-2020-26212,Any GLPI CalDAV calendars is read-only for every authenticated user,0.856092
35,business logic bypass in coupon redemption API,Hybrid,15,CVE-2018-15758,Privilege Escalation in spring-security-oauth2,0.855562
35,business logic bypass in coupon redemption API,Hybrid,16,CVE-2019-9753,(no title),0.854914
35,business logic bypass in coupon redemption API,Hybrid,17,CVE-2025-53663,(no title),0.854138
35,business logic bypass in coupon redemption API,Hybrid,18,CVE-2024-8535,Authenticated user can access unintended user capabilities,0.854084
35,business logic bypass in coupon redemption API,Hybrid,19,CVE-2025-47849,Apache CloudStack: Insecure access of user's API/Secret Keys in the same domain,0.853806
35,business logic bypass in coupon redemption API,Hybrid,20,CVE-2011-3684,(no title),0.853787
35,business logic bypass in coupon redemption API,Hybrid,21,CVE-2009-3487,(no title),0.853700
35,business logic bypass in coupon redemption API,Hybrid,22,CVE-2016-4350,(no title),0.853378
35,business logic bypass in coupon redemption API,Hybrid,23,CVE-2021-30648,(no title),0.853175
35,business logic bypass in coupon redemption API,Hybrid,24,CVE-2025-4235,User-ID Credential Agent: Cleartext Exposure of Service Account password,0.852772
35,business logic bypass in coupon redemption API,Hybrid,25,CVE-2026-4880,Barcode Scanner (+Mobile App) <= 1.11.0 - Unauthenticated Privilege Escalation via Insecure Token Authentication,0.852340
35,business logic bypass in coupon redemption API,Taumode,1,CVE-2024-13301,OAuth & OpenID Connect Single Sign On – SSO (OAuth/OIDC Client) - Critical - Cross Site Scripting - SA-CONTRIB-2024-067,0.925363
35,business logic bypass in coupon redemption API,Taumode,2,CVE-2026-25045,Budibase Critical Privilege Escalation & IDOR via Missing RBAC on User Role Management (Creator-Role),0.915887
35,business logic bypass in coupon redemption API,Taumode,3,CVE-2006-6031,(no title),0.915436
35,business logic bypass in coupon redemption API,Taumode,4,CVE-2026-31820,Sylius affected by IDOR in Cart and Checkout LiveComponents,0.911869
35,business logic bypass in coupon redemption API,Taumode,5,CVE-2009-4037,(no title),0.910178
35,business logic bypass in coupon redemption API,Taumode,6,CVE-2020-10372,(no title),0.909705
35,business logic bypass in coupon redemption API,Taumode,7,CVE-2014-8487,(no title),0.909206
35,business logic bypass in coupon redemption API,Taumode,8,CVE-2022-26323,Incorrect Use of Privileged vulnerability has been discovered on OpenText™ UCMDB and Operation Bridge Manager product.,0.909155
35,business logic bypass in coupon redemption API,Taumode,9,CVE-2025-47849,Apache CloudStack: Insecure access of user's API/Secret Keys in the same domain,0.908557
35,business logic bypass in coupon redemption API,Taumode,10,CVE-2007-0186,(no title),0.908094
35,business logic bypass in coupon redemption API,Taumode,11,CVE-2022-41252,(no title),0.907494
35,business logic bypass in coupon redemption API,Taumode,12,CVE-2026-25726,Cloudreve is vulnerable to Account Takeover via Weak Cryptographic Token Generation (Insecure PRNG Seeding),0.907393
35,business logic bypass in coupon redemption API,Taumode,13,CVE-2016-6190,(no title),0.907251
35,business logic bypass in coupon redemption API,Taumode,14,CVE-2026-1906,PDF Invoices & Packing Slips for WooCommerce <= 5.6.0 - Missing Authorization to Authenticated (Subscriber+) Peppol Identifier Modification,0.907068
35,business logic bypass in coupon redemption API,Taumode,15,CVE-2021-39270,(no title),0.906638
35,business logic bypass in coupon redemption API,Taumode,16,CVE-2019-9753,(no title),0.906595
35,business logic bypass in coupon redemption API,Taumode,17,CVE-2012-1664,(no title),0.906311
35,business logic bypass in coupon redemption API,Taumode,18,CVE-2007-6366,(no title),0.906065
35,business logic bypass in coupon redemption API,Taumode,19,CVE-2014-3111,(no title),0.905961
35,business logic bypass in coupon redemption API,Taumode,20,CVE-2024-53355,(no title),0.905879
35,business logic bypass in coupon redemption API,Taumode,21,CVE-2026-1916,WPGSI: Spreadsheet Integration <= 3.8.3 - Missing Authorization to Unauthenticated Arbitrary Post Creation and Deletion via Forged Base64 Token,0.905865
35,business logic bypass in coupon redemption API,Taumode,22,CVE-2015-6005,(no title),0.905753
35,business logic bypass in coupon redemption API,Taumode,23,CVE-2026-0759,Katana Network Development Starter Kit executeCommand Command Injection Remote Code Execution Vulnerability,0.904989
35,business logic bypass in coupon redemption API,Taumode,24,CVE-2026-4880,Barcode Scanner (+Mobile App) <= 1.11.0 - Unauthenticated Privilege Escalation via Insecure Token Authentication,0.904807
35,business logic bypass in coupon redemption API,Taumode,25,CVE-2022-20620,(no title),0.904664
36,denial of service via malformed network packets,Cosine,1,CVE-2012-2629,(no title),0.875450
36,denial of service via malformed network packets,Cosine,2,CVE-2022-35943,SameSite may allow cross-site request forgery (CSRF) protection to be bypassed,0.873628
36,denial of service via malformed network packets,Cosine,3,CVE-2012-1897,(no title),0.861007
36,denial of service via malformed network packets,Cosine,4,CVE-2025-6087,SSRF vulnerability in opennextjs-cloudflare via /_next/image endpoint,0.860685
36,denial of service via malformed network packets,Cosine,5,CVE-2012-4773,(no title),0.859964
36,denial of service via malformed network packets,Cosine,6,CVE-2018-11004,(no title),0.858120
36,denial of service via malformed network packets,Cosine,7,CVE-2012-1498,(no title),0.857270
36,denial of service via malformed network packets,Cosine,8,CVE-2010-5315,(no title),0.857060
36,denial of service via malformed network packets,Cosine,9,CVE-2012-6508,(no title),0.855434
36,denial of service via malformed network packets,Cosine,10,CVE-2007-5917,(no title),0.854752
36,denial of service via malformed network packets,Cosine,11,CVE-2012-1416,(no title),0.853503
36,denial of service via malformed network packets,Cosine,12,CVE-2023-49657,Apache Superset: Stored XSS in Dashboard Title and Chart Title,0.853130
36,denial of service via malformed network packets,Cosine,13,CVE-2006-4985,(no title),0.852596
36,denial of service via malformed network packets,Cosine,14,CVE-2014-4309,(no title),0.851920
36,denial of service via malformed network packets,Cosine,15,CVE-2014-10014,(no title),0.851632
36,denial of service via malformed network packets,Cosine,16,CVE-2011-5318,(no title),0.851424
36,denial of service via malformed network packets,Cosine,17,CVE-2014-6046,(no title),0.850846
36,denial of service via malformed network packets,Cosine,18,CVE-2013-5954,(no title),0.850840
36,denial of service via malformed network packets,Cosine,19,CVE-2019-1010096,(no title),0.850317
36,denial of service via malformed network packets,Cosine,20,CVE-2012-1227,(no title),0.850247
36,denial of service via malformed network packets,Cosine,21,CVE-2008-0575,(no title),0.849810
36,denial of service via malformed network packets,Cosine,22,CVE-2025-55045,(no title),0.849127
36,denial of service via malformed network packets,Cosine,23,CVE-2014-3866,(no title),0.849055
36,denial of service via malformed network packets,Cosine,24,CVE-2024-10518,ProfilePress < 4.15.15 - Admin+ Stored XSS,0.848945
36,denial of service via malformed network packets,Cosine,25,CVE-2014-9407,(no title),0.848349
36,denial of service via malformed network packets,Hybrid,1,CVE-2012-1897,(no title),0.881870
36,denial of service via malformed network packets,Hybrid,2,CVE-2006-3172,(no title),0.871439
36,denial of service via malformed network packets,Hybrid,3,CVE-2007-2579,(no title),0.866202
36,denial of service via malformed network packets,Hybrid,4,CVE-2020-35650,(no title),0.865270
36,denial of service via malformed network packets,Hybrid,5,CVE-2012-1416,(no title),0.863922
36,denial of service via malformed network packets,Hybrid,6,CVE-2006-1353,(no title),0.863135
36,denial of service via malformed network packets,Hybrid,7,CVE-2022-3399,Cookie Notice & Compliance for GDPR / CCPA <= 2.4.17.1 - Authenticated (Admin+) Stored Cross-Site Scripting,0.862833
36,denial of service via malformed network packets,Hybrid,8,CVE-2020-23836,(no title),0.862455
36,denial of service via malformed network packets,Hybrid,9,CVE-2014-9243,(no title),0.862296
36,denial of service via malformed network packets,Hybrid,10,CVE-2008-7243,(no title),0.862140
36,denial of service via malformed network packets,Hybrid,11,CVE-2025-3605,Frontend Login and Registration Blocks <= 1.1.1 - Unauthenticated Privilege Escalation via Account Takeover,0.861091
36,denial of service via malformed network packets,Hybrid,12,CVE-2013-3535,(no title),0.859634
36,denial of service via malformed network packets,Hybrid,13,CVE-2011-5196,(no title),0.859520
36,denial of service via malformed network packets,Hybrid,14,CVE-2012-5367,(no title),0.857565
36,denial of service via malformed network packets,Hybrid,15,CVE-2015-1582,(no title),0.857349
36,denial of service via malformed network packets,Hybrid,16,CVE-2026-1258,Mail Mint <= 1.19.2 - Authenticated (Administrator+) SQL Injection via Multiple API Endpoints,0.856956
36,denial of service via malformed network packets,Hybrid,17,CVE-2014-9459,(no title),0.855735
36,denial of service via malformed network packets,Hybrid,18,CVE-2022-0232,"User Registration, Login & Landing Pages – LeadMagic <= 1.2.7 Admin+ Stored Cross-Site Scripting",0.855602
36,denial of service via malformed network packets,Hybrid,19,CVE-2008-7221,(no title),0.855314
36,denial of service via malformed network packets,Hybrid,20,CVE-2026-34394,AVideo: CSRF on Admin Plugin Configuration Enables Payment Credential Hijacking,0.853245
36,denial of service via malformed network packets,Hybrid,21,CVE-2015-1058,(no title),0.853112
36,denial of service via malformed network packets,Hybrid,22,CVE-2024-1777,Admin side data storage for Contact Form 7 <= 1.1.1 - Cross-Site Request Forgery,0.852704
36,denial of service via malformed network packets,Hybrid,23,CVE-2015-4364,(no title),0.852310
36,denial of service via malformed network packets,Hybrid,24,CVE-2026-3020,Identity based authorization bypass vulnerability (IDOR) in the Wakyma application web,0.852109
36,denial of service via malformed network packets,Hybrid,25,CVE-2018-10821,(no title),0.851803
36,denial of service via malformed network packets,Taumode,1,CVE-2008-7243,(no title),0.918010
36,denial of service via malformed network packets,Taumode,2,CVE-2011-5196,(no title),0.916700
36,denial of service via malformed network packets,Taumode,3,CVE-2007-2579,(no title),0.916654
36,denial of service via malformed network packets,Taumode,4,CVE-2020-23836,(no title),0.915262
36,denial of service via malformed network packets,Taumode,5,CVE-2022-0232,"User Registration, Login & Landing Pages – LeadMagic <= 1.2.7 Admin+ Stored Cross-Site Scripting",0.914487
36,denial of service via malformed network packets,Taumode,6,CVE-2015-1582,(no title),0.914193
36,denial of service via malformed network packets,Taumode,7,CVE-2006-3172,(no title),0.912436
36,denial of service via malformed network packets,Taumode,8,CVE-2025-3605,Frontend Login and Registration Blocks <= 1.1.1 - Unauthenticated Privilege Escalation via Account Takeover,0.911982
36,denial of service via malformed network packets,Taumode,9,CVE-2026-3020,Identity based authorization bypass vulnerability (IDOR) in the Wakyma application web,0.911059
36,denial of service via malformed network packets,Taumode,10,CVE-2026-40574,OAuth2 Proxy has an Authorization Bypass in Email Domain Validation via Malformed Multi-@ Email Claims,0.911050
36,denial of service via malformed network packets,Taumode,11,CVE-2018-10821,(no title),0.910985
36,denial of service via malformed network packets,Taumode,12,CVE-2020-35650,(no title),0.910817
36,denial of service via malformed network packets,Taumode,13,CVE-2026-34394,AVideo: CSRF on Admin Plugin Configuration Enables Payment Credential Hijacking,0.910771
36,denial of service via malformed network packets,Taumode,14,CVE-2015-4659,(no title),0.910523
36,denial of service via malformed network packets,Taumode,15,CVE-2008-1969,(no title),0.909959
36,denial of service via malformed network packets,Taumode,16,CVE-2024-44314,(no title),0.909198
36,denial of service via malformed network packets,Taumode,17,CVE-2026-1258,Mail Mint <= 1.19.2 - Authenticated (Administrator+) SQL Injection via Multiple API Endpoints,0.908334
36,denial of service via malformed network packets,Taumode,18,CVE-2014-9243,(no title),0.908259
36,denial of service via malformed network packets,Taumode,19,CVE-2006-1353,(no title),0.907226
36,denial of service via malformed network packets,Taumode,20,CVE-2025-5275,Charitable <= 1.8.6.1 - Authenticated (Administrator+) Stored Cross-Site Scripting via Plugin's Privacy Settings,0.906581
36,denial of service via malformed network packets,Taumode,21,CVE-2023-0716,Wicked Folders <= 2.18.16 - Missing Authorization on ajax_edit_folder,0.906563
36,denial of service via malformed network packets,Taumode,22,CVE-2022-3399,Cookie Notice & Compliance for GDPR / CCPA <= 2.4.17.1 - Authenticated (Admin+) Stored Cross-Site Scripting,0.906536
36,denial of service via malformed network packets,Taumode,23,CVE-2016-10206,(no title),0.905624
36,denial of service via malformed network packets,Taumode,24,CVE-2012-1897,(no title),0.904224
36,denial of service via malformed network packets,Taumode,25,CVE-2026-24768,NocoDB has Unvalidated Redirect in Login Flow via continueAfterSignIn Parameter,0.904214
37,XML external entity XXE injection in SOAP parser,Cosine,1,CVE-2020-21524,(no title),0.876880
37,XML external entity XXE injection in SOAP parser,Cosine,2,CVE-2026-40193,Maddy Mail Server: LDAP Filter Injection via Unsanitized Username,0.876182
37,XML external entity XXE injection in SOAP parser,Cosine,3,CVE-2021-32779,Incorrectly handling of URI '#fragment' element as part of the path element,0.872313
37,XML external entity XXE injection in SOAP parser,Cosine,4,CVE-2006-3172,(no title),0.871016
37,XML external entity XXE injection in SOAP parser,Cosine,5,CVE-2023-5123,Improper Path Sanitization in JSON Datasource Plugin,0.870994
37,XML external entity XXE injection in SOAP parser,Cosine,6,CVE-2016-4948,(no title),0.868350
37,XML external entity XXE injection in SOAP parser,Cosine,7,CVE-2026-24516,(no title),0.867452
37,XML external entity XXE injection in SOAP parser,Cosine,8,CVE-2016-9554,(no title),0.866968
37,XML external entity XXE injection in SOAP parser,Cosine,9,CVE-2014-9145,(no title),0.866863
37,XML external entity XXE injection in SOAP parser,Cosine,10,CVE-2020-5846,(no title),0.865837
37,XML external entity XXE injection in SOAP parser,Cosine,11,CVE-2024-10125,Lack of JWT issuer and signer validation,0.864631
37,XML external entity XXE injection in SOAP parser,Cosine,12,CVE-2022-23506,Spinnaker's Rosco microservice vulnerable to improper log masking on AWS Packer builds,0.864623
37,XML external entity XXE injection in SOAP parser,Cosine,13,CVE-2025-27092,Path Traversal Vulnerability in GHOSTS Photo Retrieval Endpoint,0.863949
37,XML external entity XXE injection in SOAP parser,Cosine,14,CVE-2007-5642,(no title),0.863894
37,XML external entity XXE injection in SOAP parser,Cosine,15,CVE-2006-0732,(no title),0.863266
37,XML external entity XXE injection in SOAP parser,Cosine,16,CVE-2026-24047,@backstage/cli-common has a possible `resolveSafeChildPath` Symlink Chain Bypass,0.863146
37,XML external entity XXE injection in SOAP parser,Cosine,17,CVE-2008-6706,(no title),0.862993
37,XML external entity XXE injection in SOAP parser,Cosine,18,CVE-2006-6974,(no title),0.862833
37,XML external entity XXE injection in SOAP parser,Cosine,19,CVE-2009-1553,(no title),0.862786
37,XML external entity XXE injection in SOAP parser,Cosine,20,CVE-2007-0056,(no title),0.862397
37,XML external entity XXE injection in SOAP parser,Cosine,21,CVE-2026-40022,Apache Camel Platform HTTP Main: Authentication Bypass on Non-Root Context Paths in camel main runtime,0.861268
37,XML external entity XXE injection in SOAP parser,Cosine,22,CVE-2026-24046,Backstage has a Possible Symlink Path Traversal in Scaffolder Actions,0.860352
37,XML external entity XXE injection in SOAP parser,Cosine,23,CVE-2022-31195,Path traversal vulnerability in Simple Archive Format package import in DSpace,0.859871
37,XML external entity XXE injection in SOAP parser,Cosine,24,CVE-2025-69256,serverless MCP Server vulnerable to command injection in list-projects tool,0.859536
37,XML external entity XXE injection in SOAP parser,Cosine,25,CVE-2025-34234,Vasion Print (formerly PrinterLogic) Hardcoded Encryption Private Keys,0.859442
37,XML external entity XXE injection in SOAP parser,Hybrid,1,CVE-2015-7391,(no title),0.896338
37,XML external entity XXE injection in SOAP parser,Hybrid,2,CVE-2025-23203,Icinga has rest API endpoints accessible to restricted users,0.888947
37,XML external entity XXE injection in SOAP parser,Hybrid,3,CVE-2007-0056,(no title),0.888321
37,XML external entity XXE injection in SOAP parser,Hybrid,4,CVE-2007-1458,(no title),0.887079
37,XML external entity XXE injection in SOAP parser,Hybrid,5,CVE-2007-6548,(no title),0.886676
37,XML external entity XXE injection in SOAP parser,Hybrid,6,CVE-2011-5230,(no title),0.882714
37,XML external entity XXE injection in SOAP parser,Hybrid,7,CVE-2024-53354,(no title),0.882617
37,XML external entity XXE injection in SOAP parser,Hybrid,8,CVE-2007-5098,(no title),0.882155
37,XML external entity XXE injection in SOAP parser,Hybrid,9,CVE-2021-41090,Instance config inline secret exposure,0.879070
37,XML external entity XXE injection in SOAP parser,Hybrid,10,CVE-2017-6086,(no title),0.876014
37,XML external entity XXE injection in SOAP parser,Hybrid,11,CVE-2012-5328,(no title),0.875829
37,XML external entity XXE injection in SOAP parser,Hybrid,12,CVE-2014-1671,(no title),0.875765
37,XML external entity XXE injection in SOAP parser,Hybrid,13,CVE-2009-4571,(no title),0.875482
37,XML external entity XXE injection in SOAP parser,Hybrid,14,CVE-2026-23942,SFTP root escape via component-agnostic prefix check in ssh_sftpd,0.874217
37,XML external entity XXE injection in SOAP parser,Hybrid,15,CVE-2007-0373,(no title),0.873699
37,XML external entity XXE injection in SOAP parser,Hybrid,16,CVE-2010-1515,(no title),0.873606
37,XML external entity XXE injection in SOAP parser,Hybrid,17,CVE-2020-12446,(no title),0.873436
37,XML external entity XXE injection in SOAP parser,Hybrid,18,CVE-2007-3620,(no title),0.873302
37,XML external entity XXE injection in SOAP parser,Hybrid,19,CVE-2008-6551,(no title),0.873277
37,XML external entity XXE injection in SOAP parser,Hybrid,20,CVE-2007-4636,(no title),0.872262
37,XML external entity XXE injection in SOAP parser,Hybrid,21,CVE-2024-42472,Flatpak may allow access to files outside sandbox for certain apps,0.872061
37,XML external entity XXE injection in SOAP parser,Hybrid,22,CVE-2006-4984,(no title),0.871268
37,XML external entity XXE injection in SOAP parser,Hybrid,23,CVE-2020-26564,(no title),0.870950
37,XML external entity XXE injection in SOAP parser,Hybrid,24,CVE-2008-1123,(no title),0.870450
37,XML external entity XXE injection in SOAP parser,Hybrid,25,CVE-2023-48654,(no title),0.870043
37,XML external entity XXE injection in SOAP parser,Taumode,1,CVE-2015-7391,(no title),0.938958
37,XML external entity XXE injection in SOAP parser,Taumode,2,CVE-2007-1458,(no title),0.931173
37,XML external entity XXE injection in SOAP parser,Taumode,3,CVE-2021-41090,Instance config inline secret exposure,0.928261
37,XML external entity XXE injection in SOAP parser,Taumode,4,CVE-2011-5230,(no title),0.927663
37,XML external entity XXE injection in SOAP parser,Taumode,5,CVE-2007-3620,(no title),0.925938
37,XML external entity XXE injection in SOAP parser,Taumode,6,CVE-2007-6548,(no title),0.924740
37,XML external entity XXE injection in SOAP parser,Taumode,7,CVE-2014-1671,(no title),0.924557
37,XML external entity XXE injection in SOAP parser,Taumode,8,CVE-2026-23942,SFTP root escape via component-agnostic prefix check in ssh_sftpd,0.924094
37,XML external entity XXE injection in SOAP parser,Taumode,9,CVE-2012-5328,(no title),0.922962
37,XML external entity XXE injection in SOAP parser,Taumode,10,CVE-2008-0884,(no title),0.922959
37,XML external entity XXE injection in SOAP parser,Taumode,11,CVE-2020-12446,(no title),0.922772
37,XML external entity XXE injection in SOAP parser,Taumode,12,CVE-2008-1123,(no title),0.922292
37,XML external entity XXE injection in SOAP parser,Taumode,13,CVE-2025-23203,Icinga has rest API endpoints accessible to restricted users,0.921560
37,XML external entity XXE injection in SOAP parser,Taumode,14,CVE-2007-0881,(no title),0.921523
37,XML external entity XXE injection in SOAP parser,Taumode,15,CVE-2024-53354,(no title),0.921287
37,XML external entity XXE injection in SOAP parser,Taumode,16,CVE-2011-5276,(no title),0.921121
37,XML external entity XXE injection in SOAP parser,Taumode,17,CVE-2007-0373,(no title),0.921038
37,XML external entity XXE injection in SOAP parser,Taumode,18,CVE-2013-6031,(no title),0.920386
37,XML external entity XXE injection in SOAP parser,Taumode,19,CVE-2017-6086,(no title),0.919606
37,XML external entity XXE injection in SOAP parser,Taumode,20,CVE-2008-6097,(no title),0.917766
37,XML external entity XXE injection in SOAP parser,Taumode,21,CVE-2020-26564,(no title),0.917698
37,XML external entity XXE injection in SOAP parser,Taumode,22,CVE-2006-4984,(no title),0.917593
37,XML external entity XXE injection in SOAP parser,Taumode,23,CVE-2023-30605,Multiple SQL injections in sql/instance.py param_edit method in Archery - GHSL-2022-104,0.917443
37,XML external entity XXE injection in SOAP parser,Taumode,24,CVE-2013-0201,(no title),0.917372
37,XML external entity XXE injection in SOAP parser,Taumode,25,CVE-2017-9767,(no title),0.916932
38,improper input validation in SAML assertion processing,Cosine,1,CVE-2022-30313,(no title),0.852531
38,improper input validation in SAML assertion processing,Cosine,2,CVE-2006-0023,(no title),0.845496
38,improper input validation in SAML assertion processing,Cosine,3,CVE-2008-7238,(no title),0.844947
38,improper input validation in SAML assertion processing,Cosine,4,CVE-2018-12182,(no title),0.843780
38,improper input validation in SAML assertion processing,Cosine,5,CVE-2012-3314,(no title),0.843150
38,improper input validation in SAML assertion processing,Cosine,6,CVE-2019-5981,(no title),0.841181
38,improper input validation in SAML assertion processing,Cosine,7,CVE-2012-4838,(no title),0.840705
38,improper input validation in SAML assertion processing,Cosine,8,CVE-2020-5906,(no title),0.840518
38,improper input validation in SAML assertion processing,Cosine,9,CVE-2019-7225,(no title),0.839659
38,improper input validation in SAML assertion processing,Cosine,10,CVE-2019-9950,(no title),0.839476
38,improper input validation in SAML assertion processing,Cosine,11,CVE-2022-28382,(no title),0.839202
38,improper input validation in SAML assertion processing,Cosine,12,CVE-2008-6706,(no title),0.838468
38,improper input validation in SAML assertion processing,Cosine,13,CVE-2025-62506,MinIO vulnerable to privilege escalation via session policy bypass in service accounts and STS,0.838439
38,improper input validation in SAML assertion processing,Cosine,14,CVE-2017-6338,(no title),0.838135
38,improper input validation in SAML assertion processing,Cosine,15,CVE-2014-2541,(no title),0.837248
38,improper input validation in SAML assertion processing,Cosine,16,CVE-2018-12179,(no title),0.836794
38,improper input validation in SAML assertion processing,Cosine,17,CVE-2018-18328,(no title),0.836714
38,improper input validation in SAML assertion processing,Cosine,18,CVE-2007-1057,(no title),0.836644
38,improper input validation in SAML assertion processing,Cosine,19,CVE-2025-70994,(no title),0.836481
38,improper input validation in SAML assertion processing,Cosine,20,CVE-2018-20193,(no title),0.836414
38,improper input validation in SAML assertion processing,Cosine,21,CVE-2020-8145,(no title),0.836163
38,improper input validation in SAML assertion processing,Cosine,22,CVE-2017-2208,(no title),0.836088
38,improper input validation in SAML assertion processing,Cosine,23,CVE-2025-66005,Lack of Authentication in the InputManager D-Bus interface,0.836022
38,improper input validation in SAML assertion processing,Cosine,24,CVE-2013-6922,(no title),0.835975
38,improper input validation in SAML assertion processing,Cosine,25,CVE-2022-30262,(no title),0.835447
38,improper input validation in SAML assertion processing,Hybrid,1,CVE-2022-30313,(no title),0.893817
38,improper input validation in SAML assertion processing,Hybrid,2,CVE-2018-12182,(no title),0.887467
38,improper input validation in SAML assertion processing,Hybrid,3,CVE-2012-3314,(no title),0.887045
38,improper input validation in SAML assertion processing,Hybrid,4,CVE-2019-5981,(no title),0.885512
38,improper input validation in SAML assertion processing,Hybrid,5,CVE-2012-4838,(no title),0.885265
38,improper input validation in SAML assertion processing,Hybrid,6,CVE-2020-5906,(no title),0.885163
38,improper input validation in SAML assertion processing,Hybrid,7,CVE-2019-7225,(no title),0.884512
38,improper input validation in SAML assertion processing,Hybrid,8,CVE-2019-9950,(no title),0.884384
38,improper input validation in SAML assertion processing,Hybrid,9,CVE-2008-6706,(no title),0.883658
38,improper input validation in SAML assertion processing,Hybrid,10,CVE-2025-62506,MinIO vulnerable to privilege escalation via session policy bypass in service accounts and STS,0.883575
38,improper input validation in SAML assertion processing,Hybrid,11,CVE-2017-6338,(no title),0.883371
38,improper input validation in SAML assertion processing,Hybrid,12,CVE-2014-2541,(no title),0.882801
38,improper input validation in SAML assertion processing,Hybrid,13,CVE-2018-12179,(no title),0.882446
38,improper input validation in SAML assertion processing,Hybrid,14,CVE-2007-1057,(no title),0.882375
38,improper input validation in SAML assertion processing,Hybrid,15,CVE-2018-18328,(no title),0.882335
38,improper input validation in SAML assertion processing,Hybrid,16,CVE-2025-70994,(no title),0.882227
38,improper input validation in SAML assertion processing,Hybrid,17,CVE-2018-20193,(no title),0.882158
38,improper input validation in SAML assertion processing,Hybrid,18,CVE-2020-8145,(no title),0.881953
38,improper input validation in SAML assertion processing,Hybrid,19,CVE-2017-2208,(no title),0.881888
38,improper input validation in SAML assertion processing,Hybrid,20,CVE-2025-66005,Lack of Authentication in the InputManager D-Bus interface,0.881856
38,improper input validation in SAML assertion processing,Hybrid,21,CVE-2013-6922,(no title),0.881739
38,improper input validation in SAML assertion processing,Hybrid,22,CVE-2022-30262,(no title),0.881493
38,improper input validation in SAML assertion processing,Hybrid,23,CVE-2025-68724,crypto: asymmetric_keys - prevent overflow in asymmetric_key_generate_id,0.881354
38,improper input validation in SAML assertion processing,Hybrid,24,CVE-2019-11162,(no title),0.881177
38,improper input validation in SAML assertion processing,Hybrid,25,CVE-2022-30315,(no title),0.881067
38,improper input validation in SAML assertion processing,Taumode,1,CVE-2022-30313,(no title),0.938052
38,improper input validation in SAML assertion processing,Taumode,2,CVE-2018-12182,(no title),0.934274
38,improper input validation in SAML assertion processing,Taumode,3,CVE-2012-3314,(no title),0.934076
38,improper input validation in SAML assertion processing,Taumode,4,CVE-2019-5981,(no title),0.933009
38,improper input validation in SAML assertion processing,Taumode,5,CVE-2012-4838,(no title),0.933008
38,improper input validation in SAML assertion processing,Taumode,6,CVE-2020-5906,(no title),0.932997
38,improper input validation in SAML assertion processing,Taumode,7,CVE-2019-7225,(no title),0.932568
38,improper input validation in SAML assertion processing,Taumode,8,CVE-2019-9950,(no title),0.932499
38,improper input validation in SAML assertion processing,Taumode,9,CVE-2008-6706,(no title),0.932076
38,improper input validation in SAML assertion processing,Taumode,10,CVE-2025-62506,MinIO vulnerable to privilege escalation via session policy bypass in service accounts and STS,0.931935
38,improper input validation in SAML assertion processing,Taumode,11,CVE-2017-6338,(no title),0.931839
38,improper input validation in SAML assertion processing,Taumode,12,CVE-2014-2541,(no title),0.931607
38,improper input validation in SAML assertion processing,Taumode,13,CVE-2007-1057,(no title),0.931371
38,improper input validation in SAML assertion processing,Taumode,14,CVE-2018-12179,(no title),0.931358
38,improper input validation in SAML assertion processing,Taumode,15,CVE-2025-70994,(no title),0.931240
38,improper input validation in SAML assertion processing,Taumode,16,CVE-2018-18328,(no title),0.931216
38,improper input validation in SAML assertion processing,Taumode,17,CVE-2018-20193,(no title),0.931170
38,improper input validation in SAML assertion processing,Taumode,18,CVE-2020-8145,(no title),0.931015
38,improper input validation in SAML assertion processing,Taumode,19,CVE-2025-66005,Lack of Authentication in the InputManager D-Bus interface,0.930964
38,improper input validation in SAML assertion processing,Taumode,20,CVE-2017-2208,(no title),0.930959
38,improper input validation in SAML assertion processing,Taumode,21,CVE-2022-30262,(no title),0.930829
38,improper input validation in SAML assertion processing,Taumode,22,CVE-2013-6922,(no title),0.930772
38,improper input validation in SAML assertion processing,Taumode,23,CVE-2025-68724,crypto: asymmetric_keys - prevent overflow in asymmetric_key_generate_id,0.930674
38,improper input validation in SAML assertion processing,Taumode,24,CVE-2019-11162,(no title),0.930655
38,improper input validation in SAML assertion processing,Taumode,25,CVE-2022-30315,(no title),0.930600
39,request smuggling in reverse proxy parser,Cosine,1,CVE-2026-29909,(no title),0.871628
39,request smuggling in reverse proxy parser,Cosine,2,CVE-2008-4181,(no title),0.871229
39,request smuggling in reverse proxy parser,Cosine,3,CVE-2025-40362,ceph: fix multifs mds auth caps issue,0.870200
39,request smuggling in reverse proxy parser,Cosine,4,CVE-2018-19204,(no title),0.870102
39,request smuggling in reverse proxy parser,Cosine,5,CVE-2007-1057,(no title),0.869459
39,request smuggling in reverse proxy parser,Cosine,6,CVE-2006-2868,(no title),0.869233
39,request smuggling in reverse proxy parser,Cosine,7,CVE-2019-14969,(no title),0.868975
39,request smuggling in reverse proxy parser,Cosine,8,CVE-2019-9745,(no title),0.868813
39,request smuggling in reverse proxy parser,Cosine,9,CVE-2008-5776,(no title),0.868539
39,request smuggling in reverse proxy parser,Cosine,10,CVE-2009-3702,(no title),0.868477
39,request smuggling in reverse proxy parser,Cosine,11,CVE-2006-4258,(no title),0.868369
39,request smuggling in reverse proxy parser,Cosine,12,CVE-2022-28005,(no title),0.867756
39,request smuggling in reverse proxy parser,Cosine,13,CVE-2020-5846,(no title),0.867544
39,request smuggling in reverse proxy parser,Cosine,14,CVE-2021-28374,(no title),0.866510
39,request smuggling in reverse proxy parser,Cosine,15,CVE-2002-1469,(no title),0.866377
39,request smuggling in reverse proxy parser,Cosine,16,CVE-2007-6233,(no title),0.866272
39,request smuggling in reverse proxy parser,Cosine,17,CVE-2011-4800,(no title),0.866188
39,request smuggling in reverse proxy parser,Cosine,18,CVE-2026-32310,Cryptomator: Unverified masterkeyfile key IDs can access arbitrary local or UNC paths,0.866023
39,request smuggling in reverse proxy parser,Cosine,19,CVE-2025-45582,(no title),0.865982
39,request smuggling in reverse proxy parser,Cosine,20,CVE-2000-0516,(no title),0.865574
39,request smuggling in reverse proxy parser,Cosine,21,CVE-2025-66480,Wildfire has Arbitrary File Upload via Directory Traversal in UploadFileAction,0.865238
39,request smuggling in reverse proxy parser,Cosine,22,CVE-2021-25276,(no title),0.864712
39,request smuggling in reverse proxy parser,Cosine,23,CVE-2019-9146,(no title),0.864630
39,request smuggling in reverse proxy parser,Cosine,24,CVE-2025-27092,Path Traversal Vulnerability in GHOSTS Photo Retrieval Endpoint,0.864546
39,request smuggling in reverse proxy parser,Cosine,25,CVE-2001-0821,(no title),0.864401
39,request smuggling in reverse proxy parser,Hybrid,1,CVE-2026-29909,(no title),0.907549
39,request smuggling in reverse proxy parser,Hybrid,2,CVE-2008-4181,(no title),0.907264
39,request smuggling in reverse proxy parser,Hybrid,3,CVE-2025-40362,ceph: fix multifs mds auth caps issue,0.906525
39,request smuggling in reverse proxy parser,Hybrid,4,CVE-2018-19204,(no title),0.906460
39,request smuggling in reverse proxy parser,Hybrid,5,CVE-2007-1057,(no title),0.905988
39,request smuggling in reverse proxy parser,Hybrid,6,CVE-2006-2868,(no title),0.905684
39,request smuggling in reverse proxy parser,Hybrid,7,CVE-2019-9745,(no title),0.905538
39,request smuggling in reverse proxy parser,Hybrid,8,CVE-2008-5776,(no title),0.905325
39,request smuggling in reverse proxy parser,Hybrid,9,CVE-2009-3702,(no title),0.905298
39,request smuggling in reverse proxy parser,Hybrid,10,CVE-2022-28005,(no title),0.904764
39,request smuggling in reverse proxy parser,Hybrid,11,CVE-2020-5846,(no title),0.904615
39,request smuggling in reverse proxy parser,Hybrid,12,CVE-2021-28374,(no title),0.903865
39,request smuggling in reverse proxy parser,Hybrid,13,CVE-2002-1469,(no title),0.903781
39,request smuggling in reverse proxy parser,Hybrid,14,CVE-2007-6233,(no title),0.903714
39,request smuggling in reverse proxy parser,Hybrid,15,CVE-2011-4800,(no title),0.903628
39,request smuggling in reverse proxy parser,Hybrid,16,CVE-2025-45582,(no title),0.903478
39,request smuggling in reverse proxy parser,Hybrid,17,CVE-2026-32310,Cryptomator: Unverified masterkeyfile key IDs can access arbitrary local or UNC paths,0.903452
39,request smuggling in reverse proxy parser,Hybrid,18,CVE-2000-0516,(no title),0.903189
39,request smuggling in reverse proxy parser,Hybrid,19,CVE-2025-66480,Wildfire has Arbitrary File Upload via Directory Traversal in UploadFileAction,0.902961
39,request smuggling in reverse proxy parser,Hybrid,20,CVE-2021-25276,(no title),0.902548
39,request smuggling in reverse proxy parser,Hybrid,21,CVE-2019-9146,(no title),0.902520
39,request smuggling in reverse proxy parser,Hybrid,22,CVE-2025-27092,Path Traversal Vulnerability in GHOSTS Photo Retrieval Endpoint,0.902447
39,request smuggling in reverse proxy parser,Hybrid,23,CVE-2001-0821,(no title),0.902340
39,request smuggling in reverse proxy parser,Hybrid,24,CVE-2009-2265,(no title),0.902106
39,request smuggling in reverse proxy parser,Hybrid,25,CVE-2020-15843,(no title),0.901870
39,request smuggling in reverse proxy parser,Taumode,1,CVE-2026-29909,(no title),0.946036
39,request smuggling in reverse proxy parser,Taumode,2,CVE-2008-4181,(no title),0.945873
39,request smuggling in reverse proxy parser,Taumode,3,CVE-2025-40362,ceph: fix multifs mds auth caps issue,0.945444
39,request smuggling in reverse proxy parser,Taumode,4,CVE-2018-19204,(no title),0.945415
39,request smuggling in reverse proxy parser,Taumode,5,CVE-2007-1057,(no title),0.945126
39,request smuggling in reverse proxy parser,Taumode,6,CVE-2019-9745,(no title),0.944887
39,request smuggling in reverse proxy parser,Taumode,7,CVE-2009-3702,(no title),0.944749
39,request smuggling in reverse proxy parser,Taumode,8,CVE-2008-5776,(no title),0.944738
39,request smuggling in reverse proxy parser,Taumode,9,CVE-2006-2868,(no title),0.944738
39,request smuggling in reverse proxy parser,Taumode,10,CVE-2022-28005,(no title),0.944414
39,request smuggling in reverse proxy parser,Taumode,11,CVE-2020-5846,(no title),0.944334
39,request smuggling in reverse proxy parser,Taumode,12,CVE-2021-28374,(no title),0.943887
39,request smuggling in reverse proxy parser,Taumode,13,CVE-2002-1469,(no title),0.943857
39,request smuggling in reverse proxy parser,Taumode,14,CVE-2007-6233,(no title),0.943830
39,request smuggling in reverse proxy parser,Taumode,15,CVE-2011-4800,(no title),0.943743
39,request smuggling in reverse proxy parser,Taumode,16,CVE-2025-45582,(no title),0.943651
39,request smuggling in reverse proxy parser,Taumode,17,CVE-2026-32310,Cryptomator: Unverified masterkeyfile key IDs can access arbitrary local or UNC paths,0.943555
39,request smuggling in reverse proxy parser,Taumode,18,CVE-2000-0516,(no title),0.943490
39,request smuggling in reverse proxy parser,Taumode,19,CVE-2025-66480,Wildfire has Arbitrary File Upload via Directory Traversal in UploadFileAction,0.943379
39,request smuggling in reverse proxy parser,Taumode,20,CVE-2019-9146,(no title),0.943117
39,request smuggling in reverse proxy parser,Taumode,21,CVE-2021-25276,(no title),0.943087
39,request smuggling in reverse proxy parser,Taumode,22,CVE-2025-27092,Path Traversal Vulnerability in GHOSTS Photo Retrieval Endpoint,0.943056
39,request smuggling in reverse proxy parser,Taumode,23,CVE-2001-0821,(no title),0.942988
39,request smuggling in reverse proxy parser,Taumode,24,CVE-2009-2265,(no title),0.942842
39,request smuggling in reverse proxy parser,Taumode,25,CVE-2020-15843,(no title),0.942708
40,OS command injection in diagnostic CGI script,Cosine,1,CVE-2026-24047,@backstage/cli-common has a possible `resolveSafeChildPath` Symlink Chain Bypass,0.867093
40,OS command injection in diagnostic CGI script,Cosine,2,CVE-2026-24046,Backstage has a Possible Symlink Path Traversal in Scaffolder Actions,0.860195
40,OS command injection in diagnostic CGI script,Cosine,3,CVE-2026-25152,@backstage/plugin-techdocs-node vulnerable to possible Path Traversal in TechDocs Local Generator,0.857887
40,OS command injection in diagnostic CGI script,Cosine,4,CVE-2025-27092,Path Traversal Vulnerability in GHOSTS Photo Retrieval Endpoint,0.857657
40,OS command injection in diagnostic CGI script,Cosine,5,CVE-2023-38490,Kirby XML External Entity (XXE) vulnerability in the XML data handler,0.856877
40,OS command injection in diagnostic CGI script,Cosine,6,CVE-2026-33726,Cilium L7 proxy may bypass Kubernetes NetworkPolicy for same-node traffic,0.854931
40,OS command injection in diagnostic CGI script,Cosine,7,CVE-2016-4948,(no title),0.853417
40,OS command injection in diagnostic CGI script,Cosine,8,CVE-2026-25125,October CMS: Environment Variable Exfiltration via INI Parser Interpolation,0.853091
40,OS command injection in diagnostic CGI script,Cosine,9,CVE-2025-63690,(no title),0.851685
40,OS command injection in diagnostic CGI script,Cosine,10,CVE-2026-41246,Contour: Lua code injection via Cookie Path Rewrite Policy,0.851172
40,OS command injection in diagnostic CGI script,Cosine,11,CVE-2025-54306,(no title),0.850729
40,OS command injection in diagnostic CGI script,Cosine,12,CVE-2009-3487,(no title),0.850628
40,OS command injection in diagnostic CGI script,Cosine,13,CVE-2025-8516,Kingdee Cloud-Starry-Sky Enterprise Edition IIS-K3CloudMiniApp FileUploadAction.class path traversal,0.850004
40,OS command injection in diagnostic CGI script,Cosine,14,CVE-2025-69256,serverless MCP Server vulnerable to command injection in list-projects tool,0.849863
40,OS command injection in diagnostic CGI script,Cosine,15,CVE-2024-55950,Tabby has a TCC Bypass via Unnecessary Permissive Entitlements in Tabby,0.849769
40,OS command injection in diagnostic CGI script,Cosine,16,CVE-2007-0186,(no title),0.849313
40,OS command injection in diagnostic CGI script,Cosine,17,CVE-2025-24813,Apache Tomcat: Potential RCE and/or information disclosure and/or information corruption with partial PUT,0.849294
40,OS command injection in diagnostic CGI script,Cosine,18,CVE-2026-33990,Docker Model Runner OCI Registry Client Vulnerable to Server-Side Request Forgery (SSRF),0.849036
40,OS command injection in diagnostic CGI script,Cosine,19,CVE-2026-26189,Trivy Action has a script injection via sourced env file in composite action,0.847607
40,OS command injection in diagnostic CGI script,Cosine,20,CVE-2025-62427,Server-Side Request Forgery (SSRF) in Angular SSR,0.847495
40,OS command injection in diagnostic CGI script,Cosine,21,CVE-2026-32870,Kirby has XML injection in its XML creator toolkit,0.847298
40,OS command injection in diagnostic CGI script,Cosine,22,CVE-2023-28444,angular-server-side-configuration information disclosure vulnerability in monorepo with node.js backend,0.847105
40,OS command injection in diagnostic CGI script,Cosine,23,CVE-2026-33672,Picomatch: Method Injection in POSIX Character Classes causes incorrect Glob Matching,0.846842
40,OS command injection in diagnostic CGI script,Cosine,24,CVE-2019-10695,(no title),0.846559
40,OS command injection in diagnostic CGI script,Cosine,25,CVE-2026-28400,Docker Model Runner Unauthenticated Runtime Flag Injection via _configure Endpoint,0.846375
40,OS command injection in diagnostic CGI script,Hybrid,1,CVE-2026-24047,@backstage/cli-common has a possible `resolveSafeChildPath` Symlink Chain Bypass,0.904275
40,OS command injection in diagnostic CGI script,Hybrid,2,CVE-2026-24046,Backstage has a Possible Symlink Path Traversal in Scaffolder Actions,0.899324
40,OS command injection in diagnostic CGI script,Hybrid,3,CVE-2026-25152,@backstage/plugin-techdocs-node vulnerable to possible Path Traversal in TechDocs Local Generator,0.897676
40,OS command injection in diagnostic CGI script,Hybrid,4,CVE-2025-27092,Path Traversal Vulnerability in GHOSTS Photo Retrieval Endpoint,0.897509
40,OS command injection in diagnostic CGI script,Hybrid,5,CVE-2023-38490,Kirby XML External Entity (XXE) vulnerability in the XML data handler,0.896911
40,OS command injection in diagnostic CGI script,Hybrid,6,CVE-2026-33726,Cilium L7 proxy may bypass Kubernetes NetworkPolicy for same-node traffic,0.895543
40,OS command injection in diagnostic CGI script,Hybrid,7,CVE-2016-4948,(no title),0.894460
40,OS command injection in diagnostic CGI script,Hybrid,8,CVE-2026-25125,October CMS: Environment Variable Exfiltration via INI Parser Interpolation,0.894226
40,OS command injection in diagnostic CGI script,Hybrid,9,CVE-2025-63690,(no title),0.893210
40,OS command injection in diagnostic CGI script,Hybrid,10,CVE-2026-41246,Contour: Lua code injection via Cookie Path Rewrite Policy,0.892836
40,OS command injection in diagnostic CGI script,Hybrid,11,CVE-2025-54306,(no title),0.892488
40,OS command injection in diagnostic CGI script,Hybrid,12,CVE-2009-3487,(no title),0.892404
40,OS command injection in diagnostic CGI script,Hybrid,13,CVE-2025-8516,Kingdee Cloud-Starry-Sky Enterprise Edition IIS-K3CloudMiniApp FileUploadAction.class path traversal,0.891964
40,OS command injection in diagnostic CGI script,Hybrid,14,CVE-2025-69256,serverless MCP Server vulnerable to command injection in list-projects tool,0.891875
40,OS command injection in diagnostic CGI script,Hybrid,15,CVE-2024-55950,Tabby has a TCC Bypass via Unnecessary Permissive Entitlements in Tabby,0.891833
40,OS command injection in diagnostic CGI script,Hybrid,16,CVE-2025-24813,Apache Tomcat: Potential RCE and/or information disclosure and/or information corruption with partial PUT,0.891472
40,OS command injection in diagnostic CGI script,Hybrid,17,CVE-2026-33990,Docker Model Runner OCI Registry Client Vulnerable to Server-Side Request Forgery (SSRF),0.891286
40,OS command injection in diagnostic CGI script,Hybrid,18,CVE-2026-26189,Trivy Action has a script injection via sourced env file in composite action,0.890237
40,OS command injection in diagnostic CGI script,Hybrid,19,CVE-2025-62427,Server-Side Request Forgery (SSRF) in Angular SSR,0.890183
40,OS command injection in diagnostic CGI script,Hybrid,20,CVE-2026-32870,Kirby has XML injection in its XML creator toolkit,0.890050
40,OS command injection in diagnostic CGI script,Hybrid,21,CVE-2023-28444,angular-server-side-configuration information disclosure vulnerability in monorepo with node.js backend,0.889880
40,OS command injection in diagnostic CGI script,Hybrid,22,CVE-2026-33672,Picomatch: Method Injection in POSIX Character Classes causes incorrect Glob Matching,0.889690
40,OS command injection in diagnostic CGI script,Hybrid,23,CVE-2026-28400,Docker Model Runner Unauthenticated Runtime Flag Injection via _configure Endpoint,0.889375
40,OS command injection in diagnostic CGI script,Hybrid,24,CVE-2026-35209,defu: Prototype pollution via `__proto__` key in defaults argument,0.889230
40,OS command injection in diagnostic CGI script,Hybrid,25,CVE-2023-52137,GitHub Action tj-actions/verify-changed-files is vulnerable to command injection in output filenames,0.889114
40,OS command injection in diagnostic CGI script,Taumode,1,CVE-2026-24047,@backstage/cli-common has a possible `resolveSafeChildPath` Symlink Chain Bypass,0.944112
40,OS command injection in diagnostic CGI script,Taumode,2,CVE-2026-24046,Backstage has a Possible Symlink Path Traversal in Scaffolder Actions,0.941248
40,OS command injection in diagnostic CGI script,Taumode,3,CVE-2026-25152,@backstage/plugin-techdocs-node vulnerable to possible Path Traversal in TechDocs Local Generator,0.940308
40,OS command injection in diagnostic CGI script,Taumode,4,CVE-2025-27092,Path Traversal Vulnerability in GHOSTS Photo Retrieval Endpoint,0.940207
40,OS command injection in diagnostic CGI script,Taumode,5,CVE-2023-38490,Kirby XML External Entity (XXE) vulnerability in the XML data handler,0.939804
40,OS command injection in diagnostic CGI script,Taumode,6,CVE-2026-33726,Cilium L7 proxy may bypass Kubernetes NetworkPolicy for same-node traffic,0.939057
40,OS command injection in diagnostic CGI script,Taumode,7,CVE-2016-4948,(no title),0.938434
40,OS command injection in diagnostic CGI script,Taumode,8,CVE-2026-25125,October CMS: Environment Variable Exfiltration via INI Parser Interpolation,0.938298
40,OS command injection in diagnostic CGI script,Taumode,9,CVE-2025-63690,(no title),0.937702
40,OS command injection in diagnostic CGI script,Taumode,10,CVE-2026-41246,Contour: Lua code injection via Cookie Path Rewrite Policy,0.937476
40,OS command injection in diagnostic CGI script,Taumode,11,CVE-2025-54306,(no title),0.937230
40,OS command injection in diagnostic CGI script,Taumode,12,CVE-2009-3487,(no title),0.937163
40,OS command injection in diagnostic CGI script,Taumode,13,CVE-2025-8516,Kingdee Cloud-Starry-Sky Enterprise Edition IIS-K3CloudMiniApp FileUploadAction.class path traversal,0.936920
40,OS command injection in diagnostic CGI script,Taumode,14,CVE-2024-55950,Tabby has a TCC Bypass via Unnecessary Permissive Entitlements in Tabby,0.936901
40,OS command injection in diagnostic CGI script,Taumode,15,CVE-2025-69256,serverless MCP Server vulnerable to command injection in list-projects tool,0.936889
40,OS command injection in diagnostic CGI script,Taumode,16,CVE-2025-24813,Apache Tomcat: Potential RCE and/or information disclosure and/or information corruption with partial PUT,0.936663
40,OS command injection in diagnostic CGI script,Taumode,17,CVE-2026-33990,Docker Model Runner OCI Registry Client Vulnerable to Server-Side Request Forgery (SSRF),0.936555
40,OS command injection in diagnostic CGI script,Taumode,18,CVE-2025-62427,Server-Side Request Forgery (SSRF) in Angular SSR,0.935920
40,OS command injection in diagnostic CGI script,Taumode,19,CVE-2026-26189,Trivy Action has a script injection via sourced env file in composite action,0.935911
40,OS command injection in diagnostic CGI script,Taumode,20,CVE-2026-32870,Kirby has XML injection in its XML creator toolkit,0.935855
40,OS command injection in diagnostic CGI script,Taumode,21,CVE-2023-28444,angular-server-side-configuration information disclosure vulnerability in monorepo with node.js backend,0.935710
40,OS command injection in diagnostic CGI script,Taumode,22,CVE-2026-33672,Picomatch: Method Injection in POSIX Character Classes causes incorrect Glob Matching,0.935597
40,OS command injection in diagnostic CGI script,Taumode,23,CVE-2026-28400,Docker Model Runner Unauthenticated Runtime Flag Injection via _configure Endpoint,0.935447
40,OS command injection in diagnostic CGI script,Taumode,24,CVE-2026-35209,defu: Prototype pollution via `__proto__` key in defaults argument,0.935313
40,OS command injection in diagnostic CGI script,Taumode,25,CVE-2022-31692,(no title),0.935275
41,privilege escalation via writable system service configuration,Cosine,1,CVE-2012-2090,(no title),0.824726
41,privilege escalation via writable system service configuration,Cosine,2,CVE-2022-50255,tracing: Fix reading strings from synthetic events,0.824462
41,privilege escalation via writable system service configuration,Cosine,3,CVE-2021-35975,(no title),0.824323
41,privilege escalation via writable system service configuration,Cosine,4,CVE-2022-49221,drm/msm/dp: populate connector of struct dp_panel,0.821271
41,privilege escalation via writable system service configuration,Cosine,5,CVE-2026-24516,(no title),0.821128
41,privilege escalation via writable system service configuration,Cosine,6,CVE-2025-63390,(no title),0.818279
41,privilege escalation via writable system service configuration,Cosine,7,CVE-2026-32284,Denial of service in github.com/shamaton/msgpack,0.818152
41,privilege escalation via writable system service configuration,Cosine,8,CVE-2024-47702,bpf: Fail verification for sign-extension of packet data/data_end/data_meta,0.816264
41,privilege escalation via writable system service configuration,Cosine,9,CVE-2019-5105,(no title),0.816106
41,privilege escalation via writable system service configuration,Cosine,10,CVE-2023-22958,(no title),0.816084
41,privilege escalation via writable system service configuration,Cosine,11,CVE-2022-44572,(no title),0.814336
41,privilege escalation via writable system service configuration,Cosine,12,CVE-2025-12194,(no title),0.813666
41,privilege escalation via writable system service configuration,Cosine,13,CVE-2025-28076,(no title),0.813245
41,privilege escalation via writable system service configuration,Cosine,14,CVE-2024-26616,btrfs: scrub: avoid use-after-free when chunk length is not 64K aligned,0.812990
41,privilege escalation via writable system service configuration,Cosine,15,CVE-2006-4118,(no title),0.812674
41,privilege escalation via writable system service configuration,Cosine,16,CVE-2018-8897,(no title),0.812671
41,privilege escalation via writable system service configuration,Cosine,17,CVE-2016-4350,(no title),0.812278
41,privilege escalation via writable system service configuration,Cosine,18,CVE-2024-50281,KEYS: trusted: dcp: fix NULL dereference in AEAD crypto operation,0.811900
41,privilege escalation via writable system service configuration,Cosine,19,CVE-2016-9167,(no title),0.811660
41,privilege escalation via writable system service configuration,Cosine,20,CVE-2006-5478,(no title),0.811619
41,privilege escalation via writable system service configuration,Cosine,21,CVE-2023-52920,bpf: support non-r10 register spill/fill to/from stack in precision tracking,0.811079
41,privilege escalation via writable system service configuration,Cosine,22,CVE-2015-4555,(no title),0.810441
41,privilege escalation via writable system service configuration,Cosine,23,CVE-2021-40261,(no title),0.810367
41,privilege escalation via writable system service configuration,Cosine,24,CVE-2019-9013,(no title),0.810234
41,privilege escalation via writable system service configuration,Cosine,25,CVE-2025-71270,LoongArch: Enable exception fixup for specific ADE subcode,0.810095
41,privilege escalation via writable system service configuration,Hybrid,1,CVE-2022-50255,tracing: Fix reading strings from synthetic events,0.873593
41,privilege escalation via writable system service configuration,Hybrid,2,CVE-2021-35975,(no title),0.873491
41,privilege escalation via writable system service configuration,Hybrid,3,CVE-2022-49221,drm/msm/dp: populate connector of struct dp_panel,0.871275
41,privilege escalation via writable system service configuration,Hybrid,4,CVE-2025-63390,(no title),0.869091
41,privilege escalation via writable system service configuration,Hybrid,5,CVE-2026-32284,Denial of service in github.com/shamaton/msgpack,0.869009
41,privilege escalation via writable system service configuration,Hybrid,6,CVE-2024-47702,bpf: Fail verification for sign-extension of packet data/data_end/data_meta,0.867689
41,privilege escalation via writable system service configuration,Hybrid,7,CVE-2019-5105,(no title),0.867590
41,privilege escalation via writable system service configuration,Hybrid,8,CVE-2023-22958,(no title),0.867580
41,privilege escalation via writable system service configuration,Hybrid,9,CVE-2022-44572,(no title),0.866295
41,privilege escalation via writable system service configuration,Hybrid,10,CVE-2025-28076,(no title),0.865414
41,privilege escalation via writable system service configuration,Hybrid,11,CVE-2024-26616,btrfs: scrub: avoid use-after-free when chunk length is not 64K aligned,0.865301
41,privilege escalation via writable system service configuration,Hybrid,12,CVE-2016-4350,(no title),0.864771
41,privilege escalation via writable system service configuration,Hybrid,13,CVE-2006-5478,(no title),0.864336
41,privilege escalation via writable system service configuration,Hybrid,14,CVE-2023-52920,bpf: support non-r10 register spill/fill to/from stack in precision tracking,0.863970
41,privilege escalation via writable system service configuration,Hybrid,15,CVE-2015-4555,(no title),0.863479
41,privilege escalation via writable system service configuration,Hybrid,16,CVE-2021-40261,(no title),0.863373
41,privilege escalation via writable system service configuration,Hybrid,17,CVE-2019-9013,(no title),0.863311
41,privilege escalation via writable system service configuration,Hybrid,18,CVE-2025-71270,LoongArch: Enable exception fixup for specific ADE subcode,0.863250
41,privilege escalation via writable system service configuration,Hybrid,19,CVE-2025-8709,SQL Injection in langchain-ai/langchain,0.863040
41,privilege escalation via writable system service configuration,Hybrid,20,CVE-2022-48882,net/mlx5e: Fix macsec possible null dereference when updating MAC security entity (SecY),0.862910
41,privilege escalation via writable system service configuration,Hybrid,21,CVE-2024-53185,smb: client: fix NULL ptr deref in crypto_aead_setkey(),0.862324
41,privilege escalation via writable system service configuration,Hybrid,22,CVE-2007-0139,(no title),0.862213
41,privilege escalation via writable system service configuration,Hybrid,23,CVE-2023-0286,X.400 address type confusion in X.509 GeneralName,0.861784
41,privilege escalation via writable system service configuration,Hybrid,24,CVE-2009-4155,(no title),0.861673
41,privilege escalation via writable system service configuration,Hybrid,25,CVE-2012-3000,(no title),0.861325
41,privilege escalation via writable system service configuration,Taumode,1,CVE-2022-50255,tracing: Fix reading strings from synthetic events,0.926233
41,privilege escalation via writable system service configuration,Taumode,2,CVE-2021-35975,(no title),0.926171
41,privilege escalation via writable system service configuration,Taumode,3,CVE-2022-49221,drm/msm/dp: populate connector of struct dp_panel,0.924850
41,privilege escalation via writable system service configuration,Taumode,4,CVE-2025-63390,(no title),0.923533
41,privilege escalation via writable system service configuration,Taumode,5,CVE-2026-32284,Denial of service in github.com/shamaton/msgpack,0.923500
41,privilege escalation via writable system service configuration,Taumode,6,CVE-2024-47702,bpf: Fail verification for sign-extension of packet data/data_end/data_meta,0.922786
41,privilege escalation via writable system service configuration,Taumode,7,CVE-2023-22958,(no title),0.922754
41,privilege escalation via writable system service configuration,Taumode,8,CVE-2019-5105,(no title),0.922752
41,privilege escalation via writable system service configuration,Taumode,9,CVE-2022-44572,(no title),0.921965
41,privilege escalation via writable system service configuration,Taumode,10,CVE-2024-26616,btrfs: scrub: avoid use-after-free when chunk length is not 64K aligned,0.921349
41,privilege escalation via writable system service configuration,Taumode,11,CVE-2025-28076,(no title),0.921309
41,privilege escalation via writable system service configuration,Taumode,12,CVE-2016-4350,(no title),0.921013
41,privilege escalation via writable system service configuration,Taumode,13,CVE-2006-5478,(no title),0.920819
41,privilege escalation via writable system service configuration,Taumode,14,CVE-2023-52920,bpf: support non-r10 register spill/fill to/from stack in precision tracking,0.920640
41,privilege escalation via writable system service configuration,Taumode,15,CVE-2015-4555,(no title),0.920306
41,privilege escalation via writable system service configuration,Taumode,16,CVE-2025-71270,LoongArch: Enable exception fixup for specific ADE subcode,0.920202
41,privilege escalation via writable system service configuration,Taumode,17,CVE-2019-9013,(no title),0.920179
41,privilege escalation via writable system service configuration,Taumode,18,CVE-2021-40261,(no title),0.920165
41,privilege escalation via writable system service configuration,Taumode,19,CVE-2025-8709,SQL Injection in langchain-ai/langchain,0.920044
41,privilege escalation via writable system service configuration,Taumode,20,CVE-2022-48882,net/mlx5e: Fix macsec possible null dereference when updating MAC security entity (SecY),0.919960
41,privilege escalation via writable system service configuration,Taumode,21,CVE-2024-53185,smb: client: fix NULL ptr deref in crypto_aead_setkey(),0.919686
41,privilege escalation via writable system service configuration,Taumode,22,CVE-2007-0139,(no title),0.919456
41,privilege escalation via writable system service configuration,Taumode,23,CVE-2023-0286,X.400 address type confusion in X.509 GeneralName,0.919279
41,privilege escalation via writable system service configuration,Taumode,24,CVE-2009-4155,(no title),0.919120
41,privilege escalation via writable system service configuration,Taumode,25,CVE-2012-3000,(no title),0.919026
42,integer overflow leading to heap corruption in video codec,Cosine,1,CVE-2020-2021,PAN-OS: Authentication Bypass in SAML Authentication,0.842057
42,integer overflow leading to heap corruption in video codec,Cosine,2,CVE-2015-6420,(no title),0.841758
42,integer overflow leading to heap corruption in video codec,Cosine,3,CVE-2024-21796,(no title),0.836968
42,integer overflow leading to heap corruption in video codec,Cosine,4,CVE-2019-0804,(no title),0.835718
42,integer overflow leading to heap corruption in video codec,Cosine,5,CVE-2026-25963,Fleet: Authorization Bypass in certificate template batch deletion for team administrators,0.835202
42,integer overflow leading to heap corruption in video codec,Cosine,6,CVE-2018-1256,(no title),0.835021
42,integer overflow leading to heap corruption in video codec,Cosine,7,CVE-2018-0238,(no title),0.834696
42,integer overflow leading to heap corruption in video codec,Cosine,8,CVE-2008-6706,(no title),0.833542
42,integer overflow leading to heap corruption in video codec,Cosine,9,CVE-2015-7494,(no title),0.832122
42,integer overflow leading to heap corruption in video codec,Cosine,10,CVE-2025-20286,ISE on AWS Static Credential,0.832020
42,integer overflow leading to heap corruption in video codec,Cosine,11,CVE-2022-23670,(no title),0.830778
42,integer overflow leading to heap corruption in video codec,Cosine,12,CVE-2024-45164,(no title),0.830033
42,integer overflow leading to heap corruption in video codec,Cosine,13,CVE-2020-26814,(no title),0.829579
42,integer overflow leading to heap corruption in video codec,Cosine,14,CVE-2022-23671,(no title),0.828902
42,integer overflow leading to heap corruption in video codec,Cosine,15,CVE-2021-22048,(no title),0.828738
42,integer overflow leading to heap corruption in video codec,Cosine,16,CVE-2021-30648,(no title),0.828262
42,integer overflow leading to heap corruption in video codec,Cosine,17,CVE-2022-23675,(no title),0.827572
42,integer overflow leading to heap corruption in video codec,Cosine,18,CVE-2026-5756,Unauthenticated Configuration File Modification Vulnerability in DRC Central Office Services (COS),0.827372
42,integer overflow leading to heap corruption in video codec,Cosine,19,CVE-2022-23659,(no title),0.827181
42,integer overflow leading to heap corruption in video codec,Cosine,20,CVE-2026-29597,(no title),0.826395
42,integer overflow leading to heap corruption in video codec,Cosine,21,CVE-2020-7215,(no title),0.825805
42,integer overflow leading to heap corruption in video codec,Cosine,22,CVE-2024-2552,PAN-OS: Arbitrary File Delete Vulnerability in the Command Line Interface (CLI),0.825667
42,integer overflow leading to heap corruption in video codec,Cosine,23,CVE-2023-20889,(no title),0.825441
42,integer overflow leading to heap corruption in video codec,Cosine,24,CVE-2024-45037,AWS CDK RestApi not generating authorizationScope correctly in resultant CFN template,0.825315
42,integer overflow leading to heap corruption in video codec,Cosine,25,CVE-2022-23674,(no title),0.823997
42,integer overflow leading to heap corruption in video codec,Hybrid,1,CVE-2020-2021,PAN-OS: Authentication Bypass in SAML Authentication,0.886146
42,integer overflow leading to heap corruption in video codec,Hybrid,2,CVE-2015-6420,(no title),0.885976
42,integer overflow leading to heap corruption in video codec,Hybrid,3,CVE-2024-21796,(no title),0.882520
42,integer overflow leading to heap corruption in video codec,Hybrid,4,CVE-2019-0804,(no title),0.881662
42,integer overflow leading to heap corruption in video codec,Hybrid,5,CVE-2026-25963,Fleet: Authorization Bypass in certificate template batch deletion for team administrators,0.881279
42,integer overflow leading to heap corruption in video codec,Hybrid,6,CVE-2018-1256,(no title),0.881129
42,integer overflow leading to heap corruption in video codec,Hybrid,7,CVE-2018-0238,(no title),0.880980
42,integer overflow leading to heap corruption in video codec,Hybrid,8,CVE-2008-6706,(no title),0.880086
42,integer overflow leading to heap corruption in video codec,Hybrid,9,CVE-2015-7494,(no title),0.879054
42,integer overflow leading to heap corruption in video codec,Hybrid,10,CVE-2025-20286,ISE on AWS Static Credential,0.879046
42,integer overflow leading to heap corruption in video codec,Hybrid,11,CVE-2022-23670,(no title),0.878077
42,integer overflow leading to heap corruption in video codec,Hybrid,12,CVE-2024-45164,(no title),0.877525
42,integer overflow leading to heap corruption in video codec,Hybrid,13,CVE-2020-26814,(no title),0.877187
42,integer overflow leading to heap corruption in video codec,Hybrid,14,CVE-2022-23671,(no title),0.876729
42,integer overflow leading to heap corruption in video codec,Hybrid,15,CVE-2021-22048,(no title),0.876688
42,integer overflow leading to heap corruption in video codec,Hybrid,16,CVE-2021-30648,(no title),0.876294
42,integer overflow leading to heap corruption in video codec,Hybrid,17,CVE-2022-23675,(no title),0.875772
42,integer overflow leading to heap corruption in video codec,Hybrid,18,CVE-2022-23659,(no title),0.875518
42,integer overflow leading to heap corruption in video codec,Hybrid,19,CVE-2026-29597,(no title),0.874933
42,integer overflow leading to heap corruption in video codec,Hybrid,20,CVE-2020-7215,(no title),0.874577
42,integer overflow leading to heap corruption in video codec,Hybrid,21,CVE-2023-20889,(no title),0.874289
42,integer overflow leading to heap corruption in video codec,Hybrid,22,CVE-2024-2552,PAN-OS: Arbitrary File Delete Vulnerability in the Command Line Interface (CLI),0.874207
42,integer overflow leading to heap corruption in video codec,Hybrid,23,CVE-2024-45037,AWS CDK RestApi not generating authorizationScope correctly in resultant CFN template,0.874206
42,integer overflow leading to heap corruption in video codec,Hybrid,24,CVE-2026-5756,Unauthenticated Configuration File Modification Vulnerability in DRC Central Office Services (COS),0.873600
42,integer overflow leading to heap corruption in video codec,Hybrid,25,CVE-2022-23674,(no title),0.873200
42,integer overflow leading to heap corruption in video codec,Taumode,1,CVE-2020-2021,PAN-OS: Authentication Bypass in SAML Authentication,0.933385
42,integer overflow leading to heap corruption in video codec,Taumode,2,CVE-2015-6420,(no title),0.933352
42,integer overflow leading to heap corruption in video codec,Taumode,3,CVE-2024-21796,(no title),0.931326
42,integer overflow leading to heap corruption in video codec,Taumode,4,CVE-2019-0804,(no title),0.930887
42,integer overflow leading to heap corruption in video codec,Taumode,5,CVE-2026-25963,Fleet: Authorization Bypass in certificate template batch deletion for team administrators,0.930646
42,integer overflow leading to heap corruption in video codec,Taumode,6,CVE-2018-0238,(no title),0.930570
42,integer overflow leading to heap corruption in video codec,Taumode,7,CVE-2018-1256,(no title),0.930530
42,integer overflow leading to heap corruption in video codec,Taumode,8,CVE-2008-6706,(no title),0.929954
42,integer overflow leading to heap corruption in video codec,Taumode,9,CVE-2025-20286,ISE on AWS Static Credential,0.929430
42,integer overflow leading to heap corruption in video codec,Taumode,10,CVE-2015-7494,(no title),0.929338
42,integer overflow leading to heap corruption in video codec,Taumode,11,CVE-2022-23670,(no title),0.928754
42,integer overflow leading to heap corruption in video codec,Taumode,12,CVE-2024-45164,(no title),0.928410
42,integer overflow leading to heap corruption in video codec,Taumode,13,CVE-2020-26814,(no title),0.928197
42,integer overflow leading to heap corruption in video codec,Taumode,14,CVE-2021-22048,(no title),0.928062
42,integer overflow leading to heap corruption in video codec,Taumode,15,CVE-2022-23671,(no title),0.927973
42,integer overflow leading to heap corruption in video codec,Taumode,16,CVE-2021-30648,(no title),0.927756
42,integer overflow leading to heap corruption in video codec,Taumode,17,CVE-2022-23675,(no title),0.927414
42,integer overflow leading to heap corruption in video codec,Taumode,18,CVE-2022-23659,(no title),0.927308
42,integer overflow leading to heap corruption in video codec,Taumode,19,CVE-2026-29597,(no title),0.926938
42,integer overflow leading to heap corruption in video codec,Taumode,20,CVE-2020-7215,(no title),0.926833
42,integer overflow leading to heap corruption in video codec,Taumode,21,CVE-2023-20889,(no title),0.926626
42,integer overflow leading to heap corruption in video codec,Taumode,22,CVE-2024-45037,AWS CDK RestApi not generating authorizationScope correctly in resultant CFN template,0.926590
42,integer overflow leading to heap corruption in video codec,Taumode,23,CVE-2024-2552,PAN-OS: Arbitrary File Delete Vulnerability in the Command Line Interface (CLI),0.926214
42,integer overflow leading to heap corruption in video codec,Taumode,24,CVE-2022-23674,(no title),0.925918
42,integer overflow leading to heap corruption in video codec,Taumode,25,CVE-2022-43781,(no title),0.925780
43,sensitive information disclosure in cloud metadata service,Cosine,1,CVE-2022-3918,(no title),0.851457
43,sensitive information disclosure in cloud metadata service,Cosine,2,CVE-2026-32871,FastMCP OpenAPI Provider has an SSRF & Path Traversal Vulnerability,0.850324
43,sensitive information disclosure in cloud metadata service,Cosine,3,CVE-2025-62603,FastDDS has Out-of-memory while parsing GenericMessage when DDS Security is enabled,0.841253
43,sensitive information disclosure in cloud metadata service,Cosine,4,CVE-2018-19986,(no title),0.840271
43,sensitive information disclosure in cloud metadata service,Cosine,5,CVE-2026-40072,web3.py affected by SSRF via CCIP Read (EIP-3668) OffchainLookup URL handling,0.839274
43,sensitive information disclosure in cloud metadata service,Cosine,6,CVE-2026-30227,MimeKit: CRLF Injection in Quoted Local-Part Enables SMTP Command Injection and Email Forgery,0.838128
43,sensitive information disclosure in cloud metadata service,Cosine,7,CVE-2026-34526,SillyTavern: Incomplete IP validation in /api/search/visit allows SSRF via localhost and IPv6,0.838106
43,sensitive information disclosure in cloud metadata service,Cosine,8,CVE-2025-47928,Spotipy repo vulnerable to secrets exfiltration via `pull_request_target`,0.837887
43,sensitive information disclosure in cloud metadata service,Cosine,9,CVE-2022-31022,Missing Role Based Access Control for the REST handlers in bleve/http package,0.837533
43,sensitive information disclosure in cloud metadata service,Cosine,10,CVE-2026-3125,SSRF vulnerability in opennextjs-cloudflare via /cdn-cgi/ path normalization bypass,0.836518
43,sensitive information disclosure in cloud metadata service,Cosine,11,CVE-2023-53103,bonding: restore bond's IFF_SLAVE flag if a non-eth dev enslave fails,0.835168
43,sensitive information disclosure in cloud metadata service,Cosine,12,CVE-2026-2835,HTTP Request Smuggling via HTTP/1.0 and Transfer-Encoding Misparsing,0.833702
43,sensitive information disclosure in cloud metadata service,Cosine,13,CVE-2026-33534,EspoCRM has authenticated SSRF via internal-host validation bypass using alternative IPv4 notation,0.833586
43,sensitive information disclosure in cloud metadata service,Cosine,14,CVE-2026-23990,Flux Operator Web UI Impersonation Bypass via Empty OIDC Claims,0.833287
43,sensitive information disclosure in cloud metadata service,Cosine,15,CVE-2021-21295,Possible request smuggling in HTTP/2 due missing validation,0.831896
43,sensitive information disclosure in cloud metadata service,Cosine,16,CVE-2024-1410,"Unbounded storage of information related to connection ID retirement, in quiche ",0.829895
43,sensitive information disclosure in cloud metadata service,Cosine,17,CVE-2017-17662,(no title),0.828478
43,sensitive information disclosure in cloud metadata service,Cosine,18,CVE-2024-43803,BMO can expose particularly named secrets from other namespaces via BMH CRD,0.828405
43,sensitive information disclosure in cloud metadata service,Cosine,19,CVE-2026-41173,Unbounded HTTP response body read in OpenTelemetry.Sampler.AWS,0.828090
43,sensitive information disclosure in cloud metadata service,Cosine,20,CVE-2026-40566,FreeScout vulnerable to SSRF via IMAP/SMTP Connection Test Endpoints,0.827882
43,sensitive information disclosure in cloud metadata service,Cosine,21,CVE-2022-50255,tracing: Fix reading strings from synthetic events,0.827731
43,sensitive information disclosure in cloud metadata service,Cosine,22,CVE-2024-51501,"CRLF injection in Refit's [Header], [HeaderCollection] and [Authorize] attributes",0.827729
43,sensitive information disclosure in cloud metadata service,Cosine,23,CVE-2026-31842,Tinyproxy HTTP request parsing desynchronization via case-sensitive Transfer-Encoding handling,0.827337
43,sensitive information disclosure in cloud metadata service,Cosine,24,CVE-2026-5710,Drag and Drop Multiple File Upload for Contact Form 7 <= 1.3.9.6 - Unauthenticated Limited Arbitrary File Read via mfile Field,0.827232
43,sensitive information disclosure in cloud metadata service,Cosine,25,CVE-2023-5123,Improper Path Sanitization in JSON Datasource Plugin,0.827231
43,sensitive information disclosure in cloud metadata service,Hybrid,1,CVE-2022-3918,(no title),0.892994
43,sensitive information disclosure in cloud metadata service,Hybrid,2,CVE-2026-32871,FastMCP OpenAPI Provider has an SSRF & Path Traversal Vulnerability,0.892193
43,sensitive information disclosure in cloud metadata service,Hybrid,3,CVE-2025-62603,FastDDS has Out-of-memory while parsing GenericMessage when DDS Security is enabled,0.885592
43,sensitive information disclosure in cloud metadata service,Hybrid,4,CVE-2026-40072,web3.py affected by SSRF via CCIP Read (EIP-3668) OffchainLookup URL handling,0.884215
43,sensitive information disclosure in cloud metadata service,Hybrid,5,CVE-2026-30227,MimeKit: CRLF Injection in Quoted Local-Part Enables SMTP Command Injection and Email Forgery,0.883392
43,sensitive information disclosure in cloud metadata service,Hybrid,6,CVE-2025-47928,Spotipy repo vulnerable to secrets exfiltration via `pull_request_target`,0.883212
43,sensitive information disclosure in cloud metadata service,Hybrid,7,CVE-2022-31022,Missing Role Based Access Control for the REST handlers in bleve/http package,0.882974
43,sensitive information disclosure in cloud metadata service,Hybrid,8,CVE-2026-3125,SSRF vulnerability in opennextjs-cloudflare via /cdn-cgi/ path normalization bypass,0.882199
43,sensitive information disclosure in cloud metadata service,Hybrid,9,CVE-2023-53103,bonding: restore bond's IFF_SLAVE flag if a non-eth dev enslave fails,0.881243
43,sensitive information disclosure in cloud metadata service,Hybrid,10,CVE-2026-2835,HTTP Request Smuggling via HTTP/1.0 and Transfer-Encoding Misparsing,0.880181
43,sensitive information disclosure in cloud metadata service,Hybrid,11,CVE-2026-33534,EspoCRM has authenticated SSRF via internal-host validation bypass using alternative IPv4 notation,0.880113
43,sensitive information disclosure in cloud metadata service,Hybrid,12,CVE-2026-23990,Flux Operator Web UI Impersonation Bypass via Empty OIDC Claims,0.879891
43,sensitive information disclosure in cloud metadata service,Hybrid,13,CVE-2021-21295,Possible request smuggling in HTTP/2 due missing validation,0.878896
43,sensitive information disclosure in cloud metadata service,Hybrid,14,CVE-2024-1410,"Unbounded storage of information related to connection ID retirement, in quiche ",0.877409
43,sensitive information disclosure in cloud metadata service,Hybrid,15,CVE-2024-43803,BMO can expose particularly named secrets from other namespaces via BMH CRD,0.876389
43,sensitive information disclosure in cloud metadata service,Hybrid,16,CVE-2026-41173,Unbounded HTTP response body read in OpenTelemetry.Sampler.AWS,0.876125
43,sensitive information disclosure in cloud metadata service,Hybrid,17,CVE-2024-51501,"CRLF injection in Refit's [Header], [HeaderCollection] and [Authorize] attributes",0.875932
43,sensitive information disclosure in cloud metadata service,Hybrid,18,CVE-2022-50255,tracing: Fix reading strings from synthetic events,0.875893
43,sensitive information disclosure in cloud metadata service,Hybrid,19,CVE-2026-31842,Tinyproxy HTTP request parsing desynchronization via case-sensitive Transfer-Encoding handling,0.875580
43,sensitive information disclosure in cloud metadata service,Hybrid,20,CVE-2026-5710,Drag and Drop Multiple File Upload for Contact Form 7 <= 1.3.9.6 - Unauthenticated Limited Arbitrary File Read via mfile Field,0.875536
43,sensitive information disclosure in cloud metadata service,Hybrid,21,CVE-2023-5123,Improper Path Sanitization in JSON Datasource Plugin,0.875531
43,sensitive information disclosure in cloud metadata service,Hybrid,22,CVE-2025-22870,HTTP Proxy bypass using IPv6 Zone IDs in golang.org/x/net,0.875248
43,sensitive information disclosure in cloud metadata service,Hybrid,23,CVE-2023-41330,Unsafe deserialization in knplabs/knp-snappy,0.875136
43,sensitive information disclosure in cloud metadata service,Hybrid,24,CVE-2026-40569,FreeScout's Mass Assignment in Mailbox Connection Settings Enables Silent Email Exfiltration,0.874937
43,sensitive information disclosure in cloud metadata service,Hybrid,25,CVE-2026-33454,Apache Camel: Inbound Header Filter Missing in MailHeaderFilterStrategy Allows Remote Code Execution via MIME Header Injection (CVE-2025-30177 Variant),0.874886
43,sensitive information disclosure in cloud metadata service,Taumode,1,CVE-2022-3918,(no title),0.937497
43,sensitive information disclosure in cloud metadata service,Taumode,2,CVE-2026-32871,FastMCP OpenAPI Provider has an SSRF & Path Traversal Vulnerability,0.937053
43,sensitive information disclosure in cloud metadata service,Taumode,3,CVE-2025-62603,FastDDS has Out-of-memory while parsing GenericMessage when DDS Security is enabled,0.933097
43,sensitive information disclosure in cloud metadata service,Taumode,4,CVE-2026-40072,web3.py affected by SSRF via CCIP Read (EIP-3668) OffchainLookup URL handling,0.932367
43,sensitive information disclosure in cloud metadata service,Taumode,5,CVE-2026-30227,MimeKit: CRLF Injection in Quoted Local-Part Enables SMTP Command Injection and Email Forgery,0.931890
43,sensitive information disclosure in cloud metadata service,Taumode,6,CVE-2025-47928,Spotipy repo vulnerable to secrets exfiltration via `pull_request_target`,0.931775
43,sensitive information disclosure in cloud metadata service,Taumode,7,CVE-2022-31022,Missing Role Based Access Control for the REST handlers in bleve/http package,0.931661
43,sensitive information disclosure in cloud metadata service,Taumode,8,CVE-2026-3125,SSRF vulnerability in opennextjs-cloudflare via /cdn-cgi/ path normalization bypass,0.931143
43,sensitive information disclosure in cloud metadata service,Taumode,9,CVE-2023-53103,bonding: restore bond's IFF_SLAVE flag if a non-eth dev enslave fails,0.930610
43,sensitive information disclosure in cloud metadata service,Taumode,10,CVE-2026-2835,HTTP Request Smuggling via HTTP/1.0 and Transfer-Encoding Misparsing,0.929981
43,sensitive information disclosure in cloud metadata service,Taumode,11,CVE-2026-33534,EspoCRM has authenticated SSRF via internal-host validation bypass using alternative IPv4 notation,0.929963
43,sensitive information disclosure in cloud metadata service,Taumode,12,CVE-2026-23990,Flux Operator Web UI Impersonation Bypass via Empty OIDC Claims,0.929824
43,sensitive information disclosure in cloud metadata service,Taumode,13,CVE-2021-21295,Possible request smuggling in HTTP/2 due missing validation,0.929253
43,sensitive information disclosure in cloud metadata service,Taumode,14,CVE-2024-1410,"Unbounded storage of information related to connection ID retirement, in quiche ",0.928317
43,sensitive information disclosure in cloud metadata service,Taumode,15,CVE-2024-43803,BMO can expose particularly named secrets from other namespaces via BMH CRD,0.927800
43,sensitive information disclosure in cloud metadata service,Taumode,16,CVE-2026-41173,Unbounded HTTP response body read in OpenTelemetry.Sampler.AWS,0.927590
43,sensitive information disclosure in cloud metadata service,Taumode,17,CVE-2024-51501,"CRLF injection in Refit's [Header], [HeaderCollection] and [Authorize] attributes",0.927578
43,sensitive information disclosure in cloud metadata service,Taumode,18,CVE-2022-50255,tracing: Fix reading strings from synthetic events,0.927495
43,sensitive information disclosure in cloud metadata service,Taumode,19,CVE-2026-5710,Drag and Drop Multiple File Upload for Contact Form 7 <= 1.3.9.6 - Unauthenticated Limited Arbitrary File Read via mfile Field,0.927291
43,sensitive information disclosure in cloud metadata service,Taumode,20,CVE-2023-5123,Improper Path Sanitization in JSON Datasource Plugin,0.927280
43,sensitive information disclosure in cloud metadata service,Taumode,21,CVE-2026-31842,Tinyproxy HTTP request parsing desynchronization via case-sensitive Transfer-Encoding handling,0.927270
43,sensitive information disclosure in cloud metadata service,Taumode,22,CVE-2025-22870,HTTP Proxy bypass using IPv6 Zone IDs in golang.org/x/net,0.927170
43,sensitive information disclosure in cloud metadata service,Taumode,23,CVE-2023-41330,Unsafe deserialization in knplabs/knp-snappy,0.927071
43,sensitive information disclosure in cloud metadata service,Taumode,24,CVE-2026-40569,FreeScout's Mass Assignment in Mailbox Connection Settings Enables Silent Email Exfiltration,0.926980
43,sensitive information disclosure in cloud metadata service,Taumode,25,CVE-2026-33454,Apache Camel: Inbound Header Filter Missing in MailHeaderFilterStrategy Allows Remote Code Execution via MIME Header Injection (CVE-2025-30177 Variant),0.926901
44,open redirect in single sign-on logout flow,Cosine,1,CVE-2025-40362,ceph: fix multifs mds auth caps issue,0.832282
44,open redirect in single sign-on logout flow,Cosine,2,CVE-2023-22958,(no title),0.824541
44,open redirect in single sign-on logout flow,Cosine,3,CVE-2023-0286,X.400 address type confusion in X.509 GeneralName,0.822816
44,open redirect in single sign-on logout flow,Cosine,4,CVE-2024-50281,KEYS: trusted: dcp: fix NULL dereference in AEAD crypto operation,0.822249
44,open redirect in single sign-on logout flow,Cosine,5,CVE-2019-7225,(no title),0.822100
44,open redirect in single sign-on logout flow,Cosine,6,CVE-2026-29054,"Traefik: lowercase `Connection` tokens can delete traefik-managed forwarded identity headers (for example, `X-Real-Ip`)",0.821715
44,open redirect in single sign-on logout flow,Cosine,7,CVE-2017-8411,(no title),0.820344
44,open redirect in single sign-on logout flow,Cosine,8,CVE-2017-8331,(no title),0.820269
44,open redirect in single sign-on logout flow,Cosine,9,CVE-2017-8404,(no title),0.819677
44,open redirect in single sign-on logout flow,Cosine,10,CVE-2023-53103,bonding: restore bond's IFF_SLAVE flag if a non-eth dev enslave fails,0.818153
44,open redirect in single sign-on logout flow,Cosine,11,CVE-2025-67112,(no title),0.816806
44,open redirect in single sign-on logout flow,Cosine,12,CVE-2005-0488,(no title),0.816374
44,open redirect in single sign-on logout flow,Cosine,13,CVE-2021-35975,(no title),0.816225
44,open redirect in single sign-on logout flow,Cosine,14,CVE-2001-1078,(no title),0.814852
44,open redirect in single sign-on logout flow,Cosine,15,CVE-2023-54013,interconnect: Fix locking for runpm vs reclaim,0.814712
44,open redirect in single sign-on logout flow,Cosine,16,CVE-2026-31611,ksmbd: require 3 sub-authorities before reading sub_auth[2],0.814593
44,open redirect in single sign-on logout flow,Cosine,17,CVE-2024-41014,xfs: add bounds checking to xlog_recover_process_data,0.814585
44,open redirect in single sign-on logout flow,Cosine,18,CVE-2024-56514,Karmada Tar Slips in CRDs archive extraction,0.814393
44,open redirect in single sign-on logout flow,Cosine,19,CVE-2026-23990,Flux Operator Web UI Impersonation Bypass via Empty OIDC Claims,0.814094
44,open redirect in single sign-on logout flow,Cosine,20,CVE-2023-30589,(no title),0.813514
44,open redirect in single sign-on logout flow,Cosine,21,CVE-2026-30227,MimeKit: CRLF Injection in Quoted Local-Part Enables SMTP Command Injection and Email Forgery,0.813379
44,open redirect in single sign-on logout flow,Cosine,22,CVE-2008-5417,(no title),0.812864
44,open redirect in single sign-on logout flow,Cosine,23,CVE-2003-0148,(no title),0.812426
44,open redirect in single sign-on logout flow,Cosine,24,CVE-2011-4515,(no title),0.811983
44,open redirect in single sign-on logout flow,Cosine,25,CVE-2019-6648,(no title),0.811741
44,open redirect in single sign-on logout flow,Hybrid,1,CVE-2000-0733,(no title),0.852478
44,open redirect in single sign-on logout flow,Hybrid,2,CVE-2002-1783,(no title),0.843094
44,open redirect in single sign-on logout flow,Hybrid,3,CVE-2025-21674,net/mlx5e: Fix inversion dependency warning while enabling IPsec tunnel,0.841090
44,open redirect in single sign-on logout flow,Hybrid,4,CVE-2020-12446,(no title),0.840468
44,open redirect in single sign-on logout flow,Hybrid,5,CVE-2002-0218,(no title),0.840101
44,open redirect in single sign-on logout flow,Hybrid,6,CVE-2021-41090,Instance config inline secret exposure,0.837972
44,open redirect in single sign-on logout flow,Hybrid,7,CVE-2019-12776,(no title),0.837908
44,open redirect in single sign-on logout flow,Hybrid,8,CVE-2008-0884,(no title),0.837469
44,open redirect in single sign-on logout flow,Hybrid,9,CVE-2002-0901,(no title),0.837461
44,open redirect in single sign-on logout flow,Hybrid,10,CVE-2012-2090,(no title),0.837427
44,open redirect in single sign-on logout flow,Hybrid,11,CVE-2024-35924,usb: typec: ucsi: Limit read size on v1.2,0.836690
44,open redirect in single sign-on logout flow,Hybrid,12,CVE-2014-3570,(no title),0.835270
44,open redirect in single sign-on logout flow,Hybrid,13,CVE-2003-1487,(no title),0.834920
44,open redirect in single sign-on logout flow,Hybrid,14,CVE-2006-6634,(no title),0.834817
44,open redirect in single sign-on logout flow,Hybrid,15,CVE-2004-1161,(no title),0.834397
44,open redirect in single sign-on logout flow,Hybrid,16,CVE-2023-48654,(no title),0.833934
44,open redirect in single sign-on logout flow,Hybrid,17,CVE-2011-0343,(no title),0.832779
44,open redirect in single sign-on logout flow,Hybrid,18,CVE-2002-0639,(no title),0.832544
44,open redirect in single sign-on logout flow,Hybrid,19,CVE-2002-0703,(no title),0.831970
44,open redirect in single sign-on logout flow,Hybrid,20,CVE-2001-1078,(no title),0.831942
44,open redirect in single sign-on logout flow,Hybrid,21,CVE-2025-22069,riscv: fgraph: Fix stack layout to match __arch_ftrace_regs argument of ftrace_return_to_handler,0.831536
44,open redirect in single sign-on logout flow,Hybrid,22,CVE-2024-28328,(no title),0.831518
44,open redirect in single sign-on logout flow,Hybrid,23,CVE-2015-7560,(no title),0.830853
44,open redirect in single sign-on logout flow,Hybrid,24,CVE-2020-24053,(no title),0.830229
44,open redirect in single sign-on logout flow,Hybrid,25,CVE-2004-2405,(no title),0.829838
44,open redirect in single sign-on logout flow,Taumode,1,CVE-2002-0218,(no title),0.904883
44,open redirect in single sign-on logout flow,Taumode,2,CVE-2019-12776,(no title),0.904345
44,open redirect in single sign-on logout flow,Taumode,3,CVE-2004-1161,(no title),0.903270
44,open redirect in single sign-on logout flow,Taumode,4,CVE-2000-0733,(no title),0.902654
44,open redirect in single sign-on logout flow,Taumode,5,CVE-2002-1783,(no title),0.902234
44,open redirect in single sign-on logout flow,Taumode,6,CVE-2023-48654,(no title),0.901475
44,open redirect in single sign-on logout flow,Taumode,7,CVE-2014-3570,(no title),0.901115
44,open redirect in single sign-on logout flow,Taumode,8,CVE-2020-12446,(no title),0.901105
44,open redirect in single sign-on logout flow,Taumode,9,CVE-2006-6634,(no title),0.900718
44,open redirect in single sign-on logout flow,Taumode,10,CVE-2007-6548,(no title),0.900146
44,open redirect in single sign-on logout flow,Taumode,11,CVE-2020-24053,(no title),0.900019
44,open redirect in single sign-on logout flow,Taumode,12,CVE-2011-0343,(no title),0.899071
44,open redirect in single sign-on logout flow,Taumode,13,CVE-2024-28328,(no title),0.898906
44,open redirect in single sign-on logout flow,Taumode,14,CVE-2024-46937,(no title),0.898891
44,open redirect in single sign-on logout flow,Taumode,15,CVE-2025-22069,riscv: fgraph: Fix stack layout to match __arch_ftrace_regs argument of ftrace_return_to_handler,0.898583
44,open redirect in single sign-on logout flow,Taumode,16,CVE-2007-5786,(no title),0.897613
44,open redirect in single sign-on logout flow,Taumode,17,CVE-2002-0639,(no title),0.897428
44,open redirect in single sign-on logout flow,Taumode,18,CVE-2024-35924,usb: typec: ucsi: Limit read size on v1.2,0.897236
44,open redirect in single sign-on logout flow,Taumode,19,CVE-2008-0645,(no title),0.897222
44,open redirect in single sign-on logout flow,Taumode,20,CVE-2005-1946,(no title),0.896623
44,open redirect in single sign-on logout flow,Taumode,21,CVE-2008-0884,(no title),0.896475
44,open redirect in single sign-on logout flow,Taumode,22,CVE-2004-2405,(no title),0.896251
44,open redirect in single sign-on logout flow,Taumode,23,CVE-2015-0523,(no title),0.895596
44,open redirect in single sign-on logout flow,Taumode,24,CVE-2008-3703,(no title),0.895173
44,open redirect in single sign-on logout flow,Taumode,25,CVE-1999-1382,(no title),0.895131
45,buffer underflow in font parsing component,Cosine,1,CVE-2025-64429,DuckDB Encryption Crypto implementation is vulnerable,0.892288
45,buffer underflow in font parsing component,Cosine,2,CVE-2025-31161,(no title),0.890038
45,buffer underflow in font parsing component,Cosine,3,CVE-2025-56132,(no title),0.889736
45,buffer underflow in font parsing component,Cosine,4,CVE-2019-1010084,(no title),0.889256
45,buffer underflow in font parsing component,Cosine,5,CVE-2025-42615,Improper Restriction of Excessive Authentication Attempts vulnerability in CIRCL Vulnerability-Lookup,0.886844
45,buffer underflow in font parsing component,Cosine,6,CVE-2021-20110,(no title),0.884454
45,buffer underflow in font parsing component,Cosine,7,CVE-2024-21662,Argo CD vulnerable to Bypassing of Rate Limit and Brute Force Protection Using Cache Overflow,0.883284
45,buffer underflow in font parsing component,Cosine,8,CVE-2021-4239,Weak encryption and denial of service in github.com/flynn/noise,0.882611
45,buffer underflow in font parsing component,Cosine,9,CVE-2024-43655,Any authenticated users can execute OS commands as root using the <redacted>.sh CGI script.,0.882519
45,buffer underflow in font parsing component,Cosine,10,CVE-2024-43651,Authenticated command injection in the <redacted> action leads to full remote code execution as root on the charging station,0.882342
45,buffer underflow in font parsing component,Cosine,11,CVE-2015-8542,(no title),0.882067
45,buffer underflow in font parsing component,Cosine,12,CVE-2022-30313,(no title),0.881359
45,buffer underflow in font parsing component,Cosine,13,CVE-2024-3596,RADIUS Protocol under RFC2865 is vulnerable to forgery attacks.,0.880730
45,buffer underflow in font parsing component,Cosine,14,CVE-2026-35587,Glances IP Plugin has SSRF via public_api that leads to credential leakage,0.880665
45,buffer underflow in font parsing component,Cosine,15,CVE-2026-21621,Improper Scope Enforcement in OAuth client_credentials Flow Allows Read-Only API Key to Escalate to Full Access,0.880597
45,buffer underflow in font parsing component,Cosine,16,CVE-2026-32828,Kargo: SSRF in Promotion http/http-download Steps Enables Internal Network Access and Data Exfiltration,0.880470
45,buffer underflow in font parsing component,Cosine,17,CVE-2025-58434,Flowise Cloud and Local Deployments have Unauthenticated Password Reset Token Disclosure that Leads to Account Takeover,0.879596
45,buffer underflow in font parsing component,Cosine,18,CVE-2024-43653,Authenticated command injection in the <redacted> action leads to full remote code execution as root on the charging station,0.879428
45,buffer underflow in font parsing component,Cosine,19,CVE-2024-43657,"When uploading new firmware, a shell script inside a firmware file is executed during its processing. This can be used to craft a custom firmware file with a custom script with arbitrary code, which will then be executed on the charging station.",0.879191
45,buffer underflow in font parsing component,Cosine,20,CVE-2026-5130,Debugger & Troubleshooter <= 1.3.2 - Unauthenticated Privilege Escalation to Administrator via Cookie Manipulation,0.879043
45,buffer underflow in font parsing component,Cosine,21,CVE-2026-41081,Apache Storm Client: Anonymous principal assigned on TLS client certificate verification failure,0.878921
45,buffer underflow in font parsing component,Cosine,22,CVE-2021-39132,YAML deserialization can run untrusted code,0.878540
45,buffer underflow in font parsing component,Cosine,23,CVE-2025-62506,MinIO vulnerable to privilege escalation via session policy bypass in service accounts and STS,0.878208
45,buffer underflow in font parsing component,Cosine,24,CVE-2017-6767,(no title),0.877940
45,buffer underflow in font parsing component,Cosine,25,CVE-2016-9938,(no title),0.876855
45,buffer underflow in font parsing component,Hybrid,1,CVE-2021-41090,Instance config inline secret exposure,0.881841
45,buffer underflow in font parsing component,Hybrid,2,CVE-2019-12776,(no title),0.880911
45,buffer underflow in font parsing component,Hybrid,3,CVE-2017-15042,(no title),0.880116
45,buffer underflow in font parsing component,Hybrid,4,CVE-2012-6508,(no title),0.874884
45,buffer underflow in font parsing component,Hybrid,5,CVE-2016-3648,(no title),0.873867
45,buffer underflow in font parsing component,Hybrid,6,CVE-2023-48654,(no title),0.870928
45,buffer underflow in font parsing component,Hybrid,7,CVE-2009-4365,(no title),0.870291
45,buffer underflow in font parsing component,Hybrid,8,CVE-2015-7225,(no title),0.870245
45,buffer underflow in font parsing component,Hybrid,9,CVE-2014-2684,(no title),0.870002
45,buffer underflow in font parsing component,Hybrid,10,CVE-2024-36611,(no title),0.869661
45,buffer underflow in font parsing component,Hybrid,11,CVE-2006-4757,(no title),0.868981
45,buffer underflow in font parsing component,Hybrid,12,CVE-2004-2405,(no title),0.868761
45,buffer underflow in font parsing component,Hybrid,13,CVE-2018-11004,(no title),0.868148
45,buffer underflow in font parsing component,Hybrid,14,CVE-2024-1898,(no title),0.867672
45,buffer underflow in font parsing component,Hybrid,15,CVE-2024-46937,(no title),0.867480
45,buffer underflow in font parsing component,Hybrid,16,CVE-2024-45173,(no title),0.867434
45,buffer underflow in font parsing component,Hybrid,17,CVE-2020-12446,(no title),0.867219
45,buffer underflow in font parsing component,Hybrid,18,CVE-2012-0384,(no title),0.867176
45,buffer underflow in font parsing component,Hybrid,19,CVE-2009-1952,(no title),0.866671
45,buffer underflow in font parsing component,Hybrid,20,CVE-2018-15476,(no title),0.866297
45,buffer underflow in font parsing component,Hybrid,21,CVE-2021-27927,(no title),0.866226
45,buffer underflow in font parsing component,Hybrid,22,CVE-2025-47713,Apache CloudStack: Domain Admin can reset Admin password in Root Domain,0.866115
45,buffer underflow in font parsing component,Hybrid,23,CVE-2008-0645,(no title),0.865355
45,buffer underflow in font parsing component,Hybrid,24,CVE-2022-30280,(no title),0.863980
45,buffer underflow in font parsing component,Hybrid,25,CVE-2022-34810,(no title),0.863757
45,buffer underflow in font parsing component,Taumode,1,CVE-2019-12776,(no title),0.926431
45,buffer underflow in font parsing component,Taumode,2,CVE-2023-48654,(no title),0.923361
45,buffer underflow in font parsing component,Taumode,3,CVE-2009-1952,(no title),0.922009
45,buffer underflow in font parsing component,Taumode,4,CVE-2004-2405,(no title),0.921956
45,buffer underflow in font parsing component,Taumode,5,CVE-2017-15042,(no title),0.921560
45,buffer underflow in font parsing component,Taumode,6,CVE-2024-1898,(no title),0.920909
45,buffer underflow in font parsing component,Taumode,7,CVE-2008-0645,(no title),0.919987
45,buffer underflow in font parsing component,Taumode,8,CVE-2024-36611,(no title),0.919852
45,buffer underflow in font parsing component,Taumode,9,CVE-2024-46937,(no title),0.919521
45,buffer underflow in font parsing component,Taumode,10,CVE-2018-11004,(no title),0.919052
45,buffer underflow in font parsing component,Taumode,11,CVE-2009-4365,(no title),0.919007
45,buffer underflow in font parsing component,Taumode,12,CVE-2006-5428,(no title),0.917906
45,buffer underflow in font parsing component,Taumode,13,CVE-2016-6882,(no title),0.917720
45,buffer underflow in font parsing component,Taumode,14,CVE-2021-41090,Instance config inline secret exposure,0.917644
45,buffer underflow in font parsing component,Taumode,15,CVE-2022-30280,(no title),0.917627
45,buffer underflow in font parsing component,Taumode,16,CVE-2014-1691,(no title),0.917301
45,buffer underflow in font parsing component,Taumode,17,CVE-2002-0639,(no title),0.917074
45,buffer underflow in font parsing component,Taumode,18,CVE-2009-2808,(no title),0.916959
45,buffer underflow in font parsing component,Taumode,19,CVE-2025-57266,(no title),0.916357
45,buffer underflow in font parsing component,Taumode,20,CVE-2020-23837,(no title),0.915620
45,buffer underflow in font parsing component,Taumode,21,CVE-2020-11624,(no title),0.915532
45,buffer underflow in font parsing component,Taumode,22,CVE-2025-68933,Discourse non-admin moderators can exfiltrate private content via post ownership transfer,0.915492
45,buffer underflow in font parsing component,Taumode,23,CVE-2017-7947,(no title),0.915412
45,buffer underflow in font parsing component,Taumode,24,CVE-2006-4757,(no title),0.915265
45,buffer underflow in font parsing component,Taumode,25,CVE-2012-3367,(no title),0.914863
46,path canonicalization bypass in file download servlet,Cosine,1,CVE-2002-0886,(no title),0.841607
46,path canonicalization bypass in file download servlet,Cosine,2,CVE-2003-1250,(no title),0.841362
46,path canonicalization bypass in file download servlet,Cosine,3,CVE-2008-5849,(no title),0.838628
46,path canonicalization bypass in file download servlet,Cosine,4,CVE-2009-0687,(no title),0.837840
46,path canonicalization bypass in file download servlet,Cosine,5,CVE-2002-0952,(no title),0.837810
46,path canonicalization bypass in file download servlet,Cosine,6,CVE-2020-5937,(no title),0.836869
46,path canonicalization bypass in file download servlet,Cosine,7,CVE-2008-1397,(no title),0.836754
46,path canonicalization bypass in file download servlet,Cosine,8,CVE-2005-0039,(no title),0.836326
46,path canonicalization bypass in file download servlet,Cosine,9,CVE-2017-5872,(no title),0.836164
46,path canonicalization bypass in file download servlet,Cosine,10,CVE-2021-0217,Junos OS: EX Series and QFX Series: Memory leak issue processing specific DHCP packets,0.835536
46,path canonicalization bypass in file download servlet,Cosine,11,CVE-2002-1104,(no title),0.835504
46,path canonicalization bypass in file download servlet,Cosine,12,CVE-2004-2549,(no title),0.834945
46,path canonicalization bypass in file download servlet,Cosine,13,CVE-2015-7759,(no title),0.833868
46,path canonicalization bypass in file download servlet,Cosine,14,CVE-2002-0666,(no title),0.833743
46,path canonicalization bypass in file download servlet,Cosine,15,CVE-1999-1201,(no title),0.833618
46,path canonicalization bypass in file download servlet,Cosine,16,CVE-2016-6170,(no title),0.833479
46,path canonicalization bypass in file download servlet,Cosine,17,CVE-2025-56233,(no title),0.833412
46,path canonicalization bypass in file download servlet,Cosine,18,CVE-2009-2547,(no title),0.833213
46,path canonicalization bypass in file download servlet,Cosine,19,CVE-2017-14117,(no title),0.833131
46,path canonicalization bypass in file download servlet,Cosine,20,CVE-2022-22219,Junos OS and Junos OS Evolved: RPD core upon receipt of a specific EVPN route by a BGP route reflector in an EVPN environment,0.832881
46,path canonicalization bypass in file download servlet,Cosine,21,CVE-2017-8413,(no title),0.832864
46,path canonicalization bypass in file download servlet,Cosine,22,CVE-2015-2189,(no title),0.832765
46,path canonicalization bypass in file download servlet,Cosine,23,CVE-2017-8416,(no title),0.832694
46,path canonicalization bypass in file download servlet,Cosine,24,CVE-2016-8645,(no title),0.832468
46,path canonicalization bypass in file download servlet,Cosine,25,CVE-2009-0790,(no title),0.830946
46,path canonicalization bypass in file download servlet,Hybrid,1,CVE-2002-0886,(no title),0.885917
46,path canonicalization bypass in file download servlet,Hybrid,2,CVE-2003-1250,(no title),0.885754
46,path canonicalization bypass in file download servlet,Hybrid,3,CVE-2008-5849,(no title),0.883802
46,path canonicalization bypass in file download servlet,Hybrid,4,CVE-2009-0687,(no title),0.883211
46,path canonicalization bypass in file download servlet,Hybrid,5,CVE-2002-0952,(no title),0.883186
46,path canonicalization bypass in file download servlet,Hybrid,6,CVE-2020-5937,(no title),0.882494
46,path canonicalization bypass in file download servlet,Hybrid,7,CVE-2008-1397,(no title),0.882455
46,path canonicalization bypass in file download servlet,Hybrid,8,CVE-2005-0039,(no title),0.882131
46,path canonicalization bypass in file download servlet,Hybrid,9,CVE-2017-5872,(no title),0.881982
46,path canonicalization bypass in file download servlet,Hybrid,10,CVE-2021-0217,Junos OS: EX Series and QFX Series: Memory leak issue processing specific DHCP packets,0.881573
46,path canonicalization bypass in file download servlet,Hybrid,11,CVE-2002-1104,(no title),0.881514
46,path canonicalization bypass in file download servlet,Hybrid,12,CVE-2004-2549,(no title),0.881128
46,path canonicalization bypass in file download servlet,Hybrid,13,CVE-2015-7759,(no title),0.880333
46,path canonicalization bypass in file download servlet,Hybrid,14,CVE-2002-0666,(no title),0.880244
46,path canonicalization bypass in file download servlet,Hybrid,15,CVE-1999-1201,(no title),0.880202
46,path canonicalization bypass in file download servlet,Hybrid,16,CVE-2016-6170,(no title),0.880048
46,path canonicalization bypass in file download servlet,Hybrid,17,CVE-2025-56233,(no title),0.880013
46,path canonicalization bypass in file download servlet,Hybrid,18,CVE-2009-2547,(no title),0.879879
46,path canonicalization bypass in file download servlet,Hybrid,19,CVE-2017-14117,(no title),0.879851
46,path canonicalization bypass in file download servlet,Hybrid,20,CVE-2022-22219,Junos OS and Junos OS Evolved: RPD core upon receipt of a specific EVPN route by a BGP route reflector in an EVPN environment,0.879658
46,path canonicalization bypass in file download servlet,Hybrid,21,CVE-2017-8413,(no title),0.879650
46,path canonicalization bypass in file download servlet,Hybrid,22,CVE-2015-2189,(no title),0.879581
46,path canonicalization bypass in file download servlet,Hybrid,23,CVE-2017-8416,(no title),0.879514
46,path canonicalization bypass in file download servlet,Hybrid,24,CVE-2016-8645,(no title),0.879334
46,path canonicalization bypass in file download servlet,Hybrid,25,CVE-2009-0790,(no title),0.878260
46,path canonicalization bypass in file download servlet,Taumode,1,CVE-2002-0886,(no title),0.933392
46,path canonicalization bypass in file download servlet,Taumode,2,CVE-2003-1250,(no title),0.933316
46,path canonicalization bypass in file download servlet,Taumode,3,CVE-2008-5849,(no title),0.932204
46,path canonicalization bypass in file download servlet,Taumode,4,CVE-2009-0687,(no title),0.931824
46,path canonicalization bypass in file download servlet,Taumode,5,CVE-2002-0952,(no title),0.931803
46,path canonicalization bypass in file download servlet,Taumode,6,CVE-2008-1397,(no title),0.931420
46,path canonicalization bypass in file download servlet,Taumode,7,CVE-2020-5937,(no title),0.931379
46,path canonicalization bypass in file download servlet,Taumode,8,CVE-2005-0039,(no title),0.931209
46,path canonicalization bypass in file download servlet,Taumode,9,CVE-2017-5872,(no title),0.931073
46,path canonicalization bypass in file download servlet,Taumode,10,CVE-2021-0217,Junos OS: EX Series and QFX Series: Memory leak issue processing specific DHCP packets,0.930899
46,path canonicalization bypass in file download servlet,Taumode,11,CVE-2002-1104,(no title),0.930810
46,path canonicalization bypass in file download servlet,Taumode,12,CVE-2004-2549,(no title),0.930610
46,path canonicalization bypass in file download servlet,Taumode,13,CVE-2015-7759,(no title),0.930118
46,path canonicalization bypass in file download servlet,Taumode,14,CVE-1999-1201,(no title),0.930113
46,path canonicalization bypass in file download servlet,Taumode,15,CVE-2002-0666,(no title),0.930065
46,path canonicalization bypass in file download servlet,Taumode,16,CVE-2025-56233,(no title),0.929943
46,path canonicalization bypass in file download servlet,Taumode,17,CVE-2016-6170,(no title),0.929942
46,path canonicalization bypass in file download servlet,Taumode,18,CVE-2017-14117,(no title),0.929908
46,path canonicalization bypass in file download servlet,Taumode,19,CVE-2009-2547,(no title),0.929877
46,path canonicalization bypass in file download servlet,Taumode,20,CVE-2022-22219,Junos OS and Junos OS Evolved: RPD core upon receipt of a specific EVPN route by a BGP route reflector in an EVPN environment,0.929776
46,path canonicalization bypass in file download servlet,Taumode,21,CVE-2017-8413,(no title),0.929776
46,path canonicalization bypass in file download servlet,Taumode,22,CVE-2015-2189,(no title),0.929741
46,path canonicalization bypass in file download servlet,Taumode,23,CVE-2017-8416,(no title),0.929678
46,path canonicalization bypass in file download servlet,Taumode,24,CVE-2016-8645,(no title),0.929547
46,path canonicalization bypass in file download servlet,Taumode,25,CVE-2009-0790,(no title),0.928953
47,arbitrary file upload leading to remote code execution,Cosine,1,CVE-2026-31823,Sylius has Authenticated Stored XSS,0.870893
47,arbitrary file upload leading to remote code execution,Cosine,2,CVE-2012-3836,(no title),0.867117
47,arbitrary file upload leading to remote code execution,Cosine,3,CVE-2025-57205,(no title),0.866246
47,arbitrary file upload leading to remote code execution,Cosine,4,CVE-2025-57204,(no title),0.865496
47,arbitrary file upload leading to remote code execution,Cosine,5,CVE-2018-8811,(no title),0.865072
47,arbitrary file upload leading to remote code execution,Cosine,6,CVE-2007-0830,(no title),0.864824
47,arbitrary file upload leading to remote code execution,Cosine,7,CVE-2025-70128,(no title),0.864080
47,arbitrary file upload leading to remote code execution,Cosine,8,CVE-2010-1995,(no title),0.863393
47,arbitrary file upload leading to remote code execution,Cosine,9,CVE-2009-3581,(no title),0.860103
47,arbitrary file upload leading to remote code execution,Cosine,10,CVE-2014-0334,(no title),0.859140
47,arbitrary file upload leading to remote code execution,Cosine,11,CVE-2020-35676,(no title),0.859019
47,arbitrary file upload leading to remote code execution,Cosine,12,CVE-2026-39425,MaxKB: Stored XSS via Unsanitized html_rander Tags in Markdown Rendering,0.858427
47,arbitrary file upload leading to remote code execution,Cosine,13,CVE-2014-3111,(no title),0.858325
47,arbitrary file upload leading to remote code execution,Cosine,14,CVE-2005-3552,(no title),0.858269
47,arbitrary file upload leading to remote code execution,Cosine,15,CVE-2012-1898,(no title),0.857593
47,arbitrary file upload leading to remote code execution,Cosine,16,CVE-2007-4523,(no title),0.857324
47,arbitrary file upload leading to remote code execution,Cosine,17,CVE-2015-2973,(no title),0.856793
47,arbitrary file upload leading to remote code execution,Cosine,18,CVE-2023-41895,Cross-site Scripting via auth_callback login in Home Assistant Core,0.856769
47,arbitrary file upload leading to remote code execution,Cosine,19,CVE-2017-11611,(no title),0.856660
47,arbitrary file upload leading to remote code execution,Cosine,20,CVE-2012-1835,(no title),0.856595
47,arbitrary file upload leading to remote code execution,Cosine,21,CVE-2021-25790,(no title),0.856588
47,arbitrary file upload leading to remote code execution,Cosine,22,CVE-2026-24415,OpenSTAManager affected by reflected XSS in modifica_iva.php via righe parameter,0.856152
47,arbitrary file upload leading to remote code execution,Cosine,23,CVE-2025-57665,(no title),0.856101
47,arbitrary file upload leading to remote code execution,Cosine,24,CVE-2012-0782,(no title),0.855756
47,arbitrary file upload leading to remote code execution,Cosine,25,CVE-2021-36760,(no title),0.855740
47,arbitrary file upload leading to remote code execution,Hybrid,1,CVE-2012-1898,(no title),0.897451
47,arbitrary file upload leading to remote code execution,Hybrid,2,CVE-2005-3552,(no title),0.896748
47,arbitrary file upload leading to remote code execution,Hybrid,3,CVE-2026-31823,Sylius has Authenticated Stored XSS,0.895939
47,arbitrary file upload leading to remote code execution,Hybrid,4,CVE-2012-0782,(no title),0.895575
47,arbitrary file upload leading to remote code execution,Hybrid,5,CVE-2017-11611,(no title),0.894742
47,arbitrary file upload leading to remote code execution,Hybrid,6,CVE-2007-0830,(no title),0.894011
47,arbitrary file upload leading to remote code execution,Hybrid,7,CVE-2012-3836,(no title),0.893179
47,arbitrary file upload leading to remote code execution,Hybrid,8,CVE-2021-25790,(no title),0.892977
47,arbitrary file upload leading to remote code execution,Hybrid,9,CVE-2025-57205,(no title),0.892587
47,arbitrary file upload leading to remote code execution,Hybrid,10,CVE-2025-57204,(no title),0.892057
47,arbitrary file upload leading to remote code execution,Hybrid,11,CVE-2025-70128,(no title),0.891011
47,arbitrary file upload leading to remote code execution,Hybrid,12,CVE-2010-1995,(no title),0.890580
47,arbitrary file upload leading to remote code execution,Hybrid,13,CVE-2018-8811,(no title),0.889531
47,arbitrary file upload leading to remote code execution,Hybrid,14,CVE-2009-3581,(no title),0.888233
47,arbitrary file upload leading to remote code execution,Hybrid,15,CVE-2012-4484,(no title),0.887698
47,arbitrary file upload leading to remote code execution,Hybrid,16,CVE-2017-9548,(no title),0.887539
47,arbitrary file upload leading to remote code execution,Hybrid,17,CVE-2020-35676,(no title),0.887389
47,arbitrary file upload leading to remote code execution,Hybrid,18,CVE-2026-39425,MaxKB: Stored XSS via Unsanitized html_rander Tags in Markdown Rendering,0.886994
47,arbitrary file upload leading to remote code execution,Hybrid,19,CVE-2025-57665,(no title),0.886875
47,arbitrary file upload leading to remote code execution,Hybrid,20,CVE-2014-7264,(no title),0.886468
47,arbitrary file upload leading to remote code execution,Hybrid,21,CVE-2010-2536,(no title),0.886112
47,arbitrary file upload leading to remote code execution,Hybrid,22,CVE-2025-57203,(no title),0.886070
47,arbitrary file upload leading to remote code execution,Hybrid,23,CVE-2023-45818,"Cross-site Scripting vulnerability in TinyMCE undo/redo, getContent API, resetContent API, and Autosave plugin",0.885956
47,arbitrary file upload leading to remote code execution,Hybrid,24,CVE-2023-41895,Cross-site Scripting via auth_callback login in Home Assistant Core,0.885746
47,arbitrary file upload leading to remote code execution,Hybrid,25,CVE-2014-8376,(no title),0.885521
47,arbitrary file upload leading to remote code execution,Taumode,1,CVE-2012-1898,(no title),0.940157
47,arbitrary file upload leading to remote code execution,Taumode,2,CVE-2012-0782,(no title),0.938238
47,arbitrary file upload leading to remote code execution,Taumode,3,CVE-2005-3552,(no title),0.937976
47,arbitrary file upload leading to remote code execution,Taumode,4,CVE-2017-11611,(no title),0.935545
47,arbitrary file upload leading to remote code execution,Taumode,5,CVE-2012-4484,(no title),0.934319
47,arbitrary file upload leading to remote code execution,Taumode,6,CVE-2021-25790,(no title),0.931965
47,arbitrary file upload leading to remote code execution,Taumode,7,CVE-2005-3511,(no title),0.930542
47,arbitrary file upload leading to remote code execution,Taumode,8,CVE-2017-9548,(no title),0.930467
47,arbitrary file upload leading to remote code execution,Taumode,9,CVE-2015-1628,(no title),0.930052
47,arbitrary file upload leading to remote code execution,Taumode,10,CVE-2006-2672,(no title),0.929870
47,arbitrary file upload leading to remote code execution,Taumode,11,CVE-2014-8376,(no title),0.929785
47,arbitrary file upload leading to remote code execution,Taumode,12,CVE-2014-2091,(no title),0.929778
47,arbitrary file upload leading to remote code execution,Taumode,13,CVE-2012-5193,(no title),0.929689
47,arbitrary file upload leading to remote code execution,Taumode,14,CVE-2013-0129,(no title),0.929517
47,arbitrary file upload leading to remote code execution,Taumode,15,CVE-2007-6463,(no title),0.928637
47,arbitrary file upload leading to remote code execution,Taumode,16,CVE-2010-2536,(no title),0.928299
47,arbitrary file upload leading to remote code execution,Taumode,17,CVE-2020-27388,(no title),0.927997
47,arbitrary file upload leading to remote code execution,Taumode,18,CVE-2013-6044,(no title),0.927746
47,arbitrary file upload leading to remote code execution,Taumode,19,CVE-2013-2129,(no title),0.927695
47,arbitrary file upload leading to remote code execution,Taumode,20,CVE-2020-9322,(no title),0.927085
47,arbitrary file upload leading to remote code execution,Taumode,21,CVE-2021-24814,WordPress GDPR & CCPA < 1.9.26 - Authenticated Reflected Cross-Site Scripting,0.927068
47,arbitrary file upload leading to remote code execution,Taumode,22,CVE-2019-1000003,(no title),0.926790
47,arbitrary file upload leading to remote code execution,Taumode,23,CVE-2007-4717,(no title),0.926406
47,arbitrary file upload leading to remote code execution,Taumode,24,CVE-2006-0880,(no title),0.925586
47,arbitrary file upload leading to remote code execution,Taumode,25,CVE-2024-2908,Call Now Button < 1.4.7 - Admin+ Stored XSS,0.925530
48,authorization bypass in GraphQL mutation resolver,Cosine,1,CVE-2025-21688,drm/v3d: Assign job pointer to NULL before signaling the fence,0.866281
48,authorization bypass in GraphQL mutation resolver,Cosine,2,CVE-2021-47223,net: bridge: fix vlan tunnel dst null pointer dereference,0.859420
48,authorization bypass in GraphQL mutation resolver,Cosine,3,CVE-2022-48801,iio: buffer: Fix file related error handling in IIO_BUFFER_GET_FD_IOCTL,0.857942
48,authorization bypass in GraphQL mutation resolver,Cosine,4,CVE-2023-53503,ext4: allow ext4_get_group_info() to fail,0.857794
48,authorization bypass in GraphQL mutation resolver,Cosine,5,CVE-2025-40341,futex: Don't leak robust_list pointer on exec race,0.857630
48,authorization bypass in GraphQL mutation resolver,Cosine,6,CVE-2024-43882,exec: Fix ToCToU between perm check and set-uid/gid usage,0.857394
48,authorization bypass in GraphQL mutation resolver,Cosine,7,CVE-2025-21664,dm thin: make get_first_thin use rcu-safe list first function,0.856757
48,authorization bypass in GraphQL mutation resolver,Cosine,8,CVE-2021-27363,(no title),0.856197
48,authorization bypass in GraphQL mutation resolver,Cosine,9,CVE-2023-4759,Improper handling of case insensitive filesystems in Eclipse JGit allows arbitrary file write,0.856033
48,authorization bypass in GraphQL mutation resolver,Cosine,10,CVE-2024-26585,tls: fix race between tx work scheduling and socket close,0.854876
48,authorization bypass in GraphQL mutation resolver,Cosine,11,CVE-2024-57974,udp: Deal with race between UDP socket address change and rehash,0.854297
48,authorization bypass in GraphQL mutation resolver,Cosine,12,CVE-2026-31571,drm/i915: Unlink NV12 planes earlier,0.854022
48,authorization bypass in GraphQL mutation resolver,Cosine,13,CVE-2024-36024,drm/amd/display: Disable idle reallow as part of command/gpint execution,0.854017
48,authorization bypass in GraphQL mutation resolver,Cosine,14,CVE-2023-53596,drivers: base: Free devm resources when unregistering a device,0.853774
48,authorization bypass in GraphQL mutation resolver,Cosine,15,CVE-2023-53235,drm/tests: helpers: Avoid a driver uaf,0.853761
48,authorization bypass in GraphQL mutation resolver,Cosine,16,CVE-2025-38060,bpf: copy_verifier_state() should copy 'loop_entry' field,0.853629
48,authorization bypass in GraphQL mutation resolver,Cosine,17,CVE-2022-50117,vfio: Split migration ops from main device ops,0.852628
48,authorization bypass in GraphQL mutation resolver,Cosine,18,CVE-2019-3901,(no title),0.852379
48,authorization bypass in GraphQL mutation resolver,Cosine,19,CVE-2025-68257,comedi: check device's attached status in compat ioctls,0.852046
48,authorization bypass in GraphQL mutation resolver,Cosine,20,CVE-2024-26810,vfio/pci: Lock external INTx masking ops,0.852046
48,authorization bypass in GraphQL mutation resolver,Cosine,21,CVE-2026-23060,crypto: authencesn - reject too-short AAD (assoclen<8) to match ESP/ESN spec,0.852038
48,authorization bypass in GraphQL mutation resolver,Cosine,22,CVE-2022-49167,btrfs: do not double complete bio on errors during compressed reads,0.851990
48,authorization bypass in GraphQL mutation resolver,Cosine,23,CVE-2025-21807,block: fix queue freeze vs limits lock order in sysfs store methods,0.851782
48,authorization bypass in GraphQL mutation resolver,Cosine,24,CVE-2017-6507,(no title),0.851698
48,authorization bypass in GraphQL mutation resolver,Cosine,25,CVE-2023-54148,net/mlx5e: Move representor neigh cleanup to profile cleanup_tx,0.851688
48,authorization bypass in GraphQL mutation resolver,Hybrid,1,CVE-2025-21688,drm/v3d: Assign job pointer to NULL before signaling the fence,0.903717
48,authorization bypass in GraphQL mutation resolver,Hybrid,2,CVE-2021-47223,net: bridge: fix vlan tunnel dst null pointer dereference,0.898781
48,authorization bypass in GraphQL mutation resolver,Hybrid,3,CVE-2022-48801,iio: buffer: Fix file related error handling in IIO_BUFFER_GET_FD_IOCTL,0.897695
48,authorization bypass in GraphQL mutation resolver,Hybrid,4,CVE-2023-53503,ext4: allow ext4_get_group_info() to fail,0.897602
48,authorization bypass in GraphQL mutation resolver,Hybrid,5,CVE-2025-40341,futex: Don't leak robust_list pointer on exec race,0.897486
48,authorization bypass in GraphQL mutation resolver,Hybrid,6,CVE-2025-21664,dm thin: make get_first_thin use rcu-safe list first function,0.896854
48,authorization bypass in GraphQL mutation resolver,Hybrid,7,CVE-2021-27363,(no title),0.896458
48,authorization bypass in GraphQL mutation resolver,Hybrid,8,CVE-2023-4759,Improper handling of case insensitive filesystems in Eclipse JGit allows arbitrary file write,0.896325
48,authorization bypass in GraphQL mutation resolver,Hybrid,9,CVE-2024-26585,tls: fix race between tx work scheduling and socket close,0.895508
48,authorization bypass in GraphQL mutation resolver,Hybrid,10,CVE-2024-57974,udp: Deal with race between UDP socket address change and rehash,0.895070
48,authorization bypass in GraphQL mutation resolver,Hybrid,11,CVE-2026-31571,drm/i915: Unlink NV12 planes earlier,0.894884
48,authorization bypass in GraphQL mutation resolver,Hybrid,12,CVE-2024-36024,drm/amd/display: Disable idle reallow as part of command/gpint execution,0.894879
48,authorization bypass in GraphQL mutation resolver,Hybrid,13,CVE-2023-53596,drivers: base: Free devm resources when unregistering a device,0.894712
48,authorization bypass in GraphQL mutation resolver,Hybrid,14,CVE-2023-53235,drm/tests: helpers: Avoid a driver uaf,0.894657
48,authorization bypass in GraphQL mutation resolver,Hybrid,15,CVE-2025-38060,bpf: copy_verifier_state() should copy 'loop_entry' field,0.894563
48,authorization bypass in GraphQL mutation resolver,Hybrid,16,CVE-2022-50117,vfio: Split migration ops from main device ops,0.893869
48,authorization bypass in GraphQL mutation resolver,Hybrid,17,CVE-2019-3901,(no title),0.893695
48,authorization bypass in GraphQL mutation resolver,Hybrid,18,CVE-2024-26810,vfio/pci: Lock external INTx masking ops,0.893473
48,authorization bypass in GraphQL mutation resolver,Hybrid,19,CVE-2025-68257,comedi: check device's attached status in compat ioctls,0.893462
48,authorization bypass in GraphQL mutation resolver,Hybrid,20,CVE-2026-23060,crypto: authencesn - reject too-short AAD (assoclen<8) to match ESP/ESN spec,0.893461
48,authorization bypass in GraphQL mutation resolver,Hybrid,21,CVE-2022-49167,btrfs: do not double complete bio on errors during compressed reads,0.893432
48,authorization bypass in GraphQL mutation resolver,Hybrid,22,CVE-2025-21807,block: fix queue freeze vs limits lock order in sysfs store methods,0.893240
48,authorization bypass in GraphQL mutation resolver,Hybrid,23,CVE-2017-6507,(no title),0.893204
48,authorization bypass in GraphQL mutation resolver,Hybrid,24,CVE-2023-54148,net/mlx5e: Move representor neigh cleanup to profile cleanup_tx,0.893190
48,authorization bypass in GraphQL mutation resolver,Hybrid,25,CVE-2025-68339,atm/fore200e: Fix possible data race in fore200e_open(),0.893053
48,authorization bypass in GraphQL mutation resolver,Taumode,1,CVE-2025-21688,drm/v3d: Assign job pointer to NULL before signaling the fence,0.943827
48,authorization bypass in GraphQL mutation resolver,Taumode,2,CVE-2021-47223,net: bridge: fix vlan tunnel dst null pointer dereference,0.940954
48,authorization bypass in GraphQL mutation resolver,Taumode,3,CVE-2022-48801,iio: buffer: Fix file related error handling in IIO_BUFFER_GET_FD_IOCTL,0.940287
48,authorization bypass in GraphQL mutation resolver,Taumode,4,CVE-2023-53503,ext4: allow ext4_get_group_info() to fail,0.940253
48,authorization bypass in GraphQL mutation resolver,Taumode,5,CVE-2025-40341,futex: Don't leak robust_list pointer on exec race,0.940188
48,authorization bypass in GraphQL mutation resolver,Taumode,6,CVE-2025-21664,dm thin: make get_first_thin use rcu-safe list first function,0.939814
48,authorization bypass in GraphQL mutation resolver,Taumode,7,CVE-2021-27363,(no title),0.939595
48,authorization bypass in GraphQL mutation resolver,Taumode,8,CVE-2023-4759,Improper handling of case insensitive filesystems in Eclipse JGit allows arbitrary file write,0.939496
48,authorization bypass in GraphQL mutation resolver,Taumode,9,CVE-2024-26585,tls: fix race between tx work scheduling and socket close,0.939043
48,authorization bypass in GraphQL mutation resolver,Taumode,10,CVE-2024-57974,udp: Deal with race between UDP socket address change and rehash,0.938755
48,authorization bypass in GraphQL mutation resolver,Taumode,11,CVE-2026-31571,drm/i915: Unlink NV12 planes earlier,0.938666
48,authorization bypass in GraphQL mutation resolver,Taumode,12,CVE-2024-36024,drm/amd/display: Disable idle reallow as part of command/gpint execution,0.938660
48,authorization bypass in GraphQL mutation resolver,Taumode,13,CVE-2023-53596,drivers: base: Free devm resources when unregistering a device,0.938574
48,authorization bypass in GraphQL mutation resolver,Taumode,14,CVE-2023-53235,drm/tests: helpers: Avoid a driver uaf,0.938474
48,authorization bypass in GraphQL mutation resolver,Taumode,15,CVE-2025-38060,bpf: copy_verifier_state() should copy 'loop_entry' field,0.938421
48,authorization bypass in GraphQL mutation resolver,Taumode,16,CVE-2022-50117,vfio: Split migration ops from main device ops,0.938056
48,authorization bypass in GraphQL mutation resolver,Taumode,17,CVE-2019-3901,(no title),0.937962
48,authorization bypass in GraphQL mutation resolver,Taumode,18,CVE-2024-26810,vfio/pci: Lock external INTx masking ops,0.937858
48,authorization bypass in GraphQL mutation resolver,Taumode,19,CVE-2026-23060,crypto: authencesn - reject too-short AAD (assoclen<8) to match ESP/ESN spec,0.937842
48,authorization bypass in GraphQL mutation resolver,Taumode,20,CVE-2025-68257,comedi: check device's attached status in compat ioctls,0.937835
48,authorization bypass in GraphQL mutation resolver,Taumode,21,CVE-2022-49167,btrfs: do not double complete bio on errors during compressed reads,0.937835
48,authorization bypass in GraphQL mutation resolver,Taumode,22,CVE-2017-6507,(no title),0.937674
48,authorization bypass in GraphQL mutation resolver,Taumode,23,CVE-2025-21807,block: fix queue freeze vs limits lock order in sysfs store methods,0.937659
48,authorization bypass in GraphQL mutation resolver,Taumode,24,CVE-2023-54148,net/mlx5e: Move representor neigh cleanup to profile cleanup_tx,0.937655
48,authorization bypass in GraphQL mutation resolver,Taumode,25,CVE-2025-68339,atm/fore200e: Fix possible data race in fore200e_open(),0.937610
49,out-of-bounds read in PDF rendering engine,Cosine,1,CVE-2006-3172,(no title),0.843571
49,out-of-bounds read in PDF rendering engine,Cosine,2,CVE-2013-4883,(no title),0.843032
49,out-of-bounds read in PDF rendering engine,Cosine,3,CVE-2009-1553,(no title),0.841626
49,out-of-bounds read in PDF rendering engine,Cosine,4,CVE-2015-6509,(no title),0.839720
49,out-of-bounds read in PDF rendering engine,Cosine,5,CVE-2015-7391,(no title),0.839402
49,out-of-bounds read in PDF rendering engine,Cosine,6,CVE-2022-40145,Apache Karaf: JDBC JAAS LDAP injection,0.837685
49,out-of-bounds read in PDF rendering engine,Cosine,7,CVE-2023-27296,Apache InLong: JDBC Deserialization Vulnerability in InLong,0.836165
49,out-of-bounds read in PDF rendering engine,Cosine,8,CVE-2015-6929,(no title),0.835581
49,out-of-bounds read in PDF rendering engine,Cosine,9,CVE-2016-9554,(no title),0.833516
49,out-of-bounds read in PDF rendering engine,Cosine,10,CVE-2008-6840,(no title),0.833484
49,out-of-bounds read in PDF rendering engine,Cosine,11,CVE-2008-1969,(no title),0.832347
49,out-of-bounds read in PDF rendering engine,Cosine,12,CVE-2009-4237,(no title),0.832213
49,out-of-bounds read in PDF rendering engine,Cosine,13,CVE-2007-5642,(no title),0.831091
49,out-of-bounds read in PDF rendering engine,Cosine,14,CVE-2015-2351,(no title),0.829408
49,out-of-bounds read in PDF rendering engine,Cosine,15,CVE-2008-7092,(no title),0.828519
49,out-of-bounds read in PDF rendering engine,Cosine,16,CVE-2025-23203,Icinga has rest API endpoints accessible to restricted users,0.828317
49,out-of-bounds read in PDF rendering engine,Cosine,17,CVE-2009-4571,(no title),0.828222
49,out-of-bounds read in PDF rendering engine,Cosine,18,CVE-2007-0056,(no title),0.828213
49,out-of-bounds read in PDF rendering engine,Cosine,19,CVE-2011-5287,(no title),0.827152
49,out-of-bounds read in PDF rendering engine,Cosine,20,CVE-2016-4350,(no title),0.826746
49,out-of-bounds read in PDF rendering engine,Cosine,21,CVE-2023-46302,Apache Submarine: Fix CVE-2022-1471 SnakeYaml unsafe deserialization,0.826645
49,out-of-bounds read in PDF rendering engine,Cosine,22,CVE-2010-0432,(no title),0.826294
49,out-of-bounds read in PDF rendering engine,Cosine,23,CVE-2007-3594,(no title),0.826216
49,out-of-bounds read in PDF rendering engine,Cosine,24,CVE-2011-5073,(no title),0.825494
49,out-of-bounds read in PDF rendering engine,Cosine,25,CVE-2017-12761,(no title),0.825074
49,out-of-bounds read in PDF rendering engine,Hybrid,1,CVE-2013-4883,(no title),0.886775
49,out-of-bounds read in PDF rendering engine,Hybrid,2,CVE-2009-1553,(no title),0.885840
49,out-of-bounds read in PDF rendering engine,Hybrid,3,CVE-2015-6509,(no title),0.884562
49,out-of-bounds read in PDF rendering engine,Hybrid,4,CVE-2022-40145,Apache Karaf: JDBC JAAS LDAP injection,0.883131
49,out-of-bounds read in PDF rendering engine,Hybrid,5,CVE-2023-27296,Apache InLong: JDBC Deserialization Vulnerability in InLong,0.882009
49,out-of-bounds read in PDF rendering engine,Hybrid,6,CVE-2015-6929,(no title),0.881408
49,out-of-bounds read in PDF rendering engine,Hybrid,7,CVE-2016-9554,(no title),0.880106
49,out-of-bounds read in PDF rendering engine,Hybrid,8,CVE-2009-4237,(no title),0.879172
49,out-of-bounds read in PDF rendering engine,Hybrid,9,CVE-2023-46302,Apache Submarine: Fix CVE-2022-1471 SnakeYaml unsafe deserialization,0.875169
49,out-of-bounds read in PDF rendering engine,Hybrid,10,CVE-2016-4350,(no title),0.875166
49,out-of-bounds read in PDF rendering engine,Hybrid,11,CVE-2007-3594,(no title),0.874806
49,out-of-bounds read in PDF rendering engine,Hybrid,12,CVE-2007-5642,(no title),0.874056
49,out-of-bounds read in PDF rendering engine,Hybrid,13,CVE-2017-12761,(no title),0.874005
49,out-of-bounds read in PDF rendering engine,Hybrid,14,CVE-2012-4396,(no title),0.873965
49,out-of-bounds read in PDF rendering engine,Hybrid,15,CVE-2023-30465,Apache InLong: SQL injection in apache inLong 1.5.0,0.873757
49,out-of-bounds read in PDF rendering engine,Hybrid,16,CVE-2007-1723,(no title),0.872546
49,out-of-bounds read in PDF rendering engine,Hybrid,17,CVE-2022-31195,Path traversal vulnerability in Simple Archive Format package import in DSpace,0.872469
49,out-of-bounds read in PDF rendering engine,Hybrid,18,CVE-2014-4312,(no title),0.872131
49,out-of-bounds read in PDF rendering engine,Hybrid,19,CVE-2023-5123,Improper Path Sanitization in JSON Datasource Plugin,0.871074
49,out-of-bounds read in PDF rendering engine,Hybrid,20,CVE-2025-63390,(no title),0.870110
49,out-of-bounds read in PDF rendering engine,Hybrid,21,CVE-2013-7216,(no title),0.869975
49,out-of-bounds read in PDF rendering engine,Hybrid,22,CVE-2020-21524,(no title),0.869896
49,out-of-bounds read in PDF rendering engine,Hybrid,23,CVE-2017-14142,(no title),0.869185
49,out-of-bounds read in PDF rendering engine,Hybrid,24,CVE-2009-3439,(no title),0.869111
49,out-of-bounds read in PDF rendering engine,Hybrid,25,CVE-2007-1628,(no title),0.868770
49,out-of-bounds read in PDF rendering engine,Taumode,1,CVE-2013-4883,(no title),0.933643
49,out-of-bounds read in PDF rendering engine,Taumode,2,CVE-2009-1553,(no title),0.933211
49,out-of-bounds read in PDF rendering engine,Taumode,3,CVE-2015-6509,(no title),0.932606
49,out-of-bounds read in PDF rendering engine,Taumode,4,CVE-2022-40145,Apache Karaf: JDBC JAAS LDAP injection,0.931823
49,out-of-bounds read in PDF rendering engine,Taumode,5,CVE-2023-27296,Apache InLong: JDBC Deserialization Vulnerability in InLong,0.931128
49,out-of-bounds read in PDF rendering engine,Taumode,6,CVE-2015-6929,(no title),0.930508
49,out-of-bounds read in PDF rendering engine,Taumode,7,CVE-2016-9554,(no title),0.930024
49,out-of-bounds read in PDF rendering engine,Taumode,8,CVE-2009-4237,(no title),0.929485
49,out-of-bounds read in PDF rendering engine,Taumode,9,CVE-2023-46302,Apache Submarine: Fix CVE-2022-1471 SnakeYaml unsafe deserialization,0.927158
49,out-of-bounds read in PDF rendering engine,Taumode,10,CVE-2016-4350,(no title),0.927044
49,out-of-bounds read in PDF rendering engine,Taumode,11,CVE-2007-3594,(no title),0.926867
49,out-of-bounds read in PDF rendering engine,Taumode,12,CVE-2017-12761,(no title),0.926431
49,out-of-bounds read in PDF rendering engine,Taumode,13,CVE-2012-4396,(no title),0.926358
49,out-of-bounds read in PDF rendering engine,Taumode,14,CVE-2023-30465,Apache InLong: SQL injection in apache inLong 1.5.0,0.926357
49,out-of-bounds read in PDF rendering engine,Taumode,15,CVE-2022-31195,Path traversal vulnerability in Simple Archive Format package import in DSpace,0.925595
49,out-of-bounds read in PDF rendering engine,Taumode,16,CVE-2007-1723,(no title),0.925374
49,out-of-bounds read in PDF rendering engine,Taumode,17,CVE-2014-4312,(no title),0.925296
49,out-of-bounds read in PDF rendering engine,Taumode,18,CVE-2023-5123,Improper Path Sanitization in JSON Datasource Plugin,0.924786
49,out-of-bounds read in PDF rendering engine,Taumode,19,CVE-2025-63390,(no title),0.924095
49,out-of-bounds read in PDF rendering engine,Taumode,20,CVE-2020-21524,(no title),0.924061
49,out-of-bounds read in PDF rendering engine,Taumode,21,CVE-2013-7216,(no title),0.923898
49,out-of-bounds read in PDF rendering engine,Taumode,22,CVE-2017-14142,(no title),0.923567
49,out-of-bounds read in PDF rendering engine,Taumode,23,CVE-2009-3439,(no title),0.923550
49,out-of-bounds read in PDF rendering engine,Taumode,24,CVE-2007-1628,(no title),0.923418
49,out-of-bounds read in PDF rendering engine,Taumode,25,CVE-2012-1062,(no title),0.923297
50,authentication brute force due to missing rate limiting,Cosine,1,CVE-2023-5123,Improper Path Sanitization in JSON Datasource Plugin,0.861234
50,authentication brute force due to missing rate limiting,Cosine,2,CVE-2016-9554,(no title),0.850620
50,authentication brute force due to missing rate limiting,Cosine,3,CVE-2026-40566,FreeScout vulnerable to SSRF via IMAP/SMTP Connection Test Endpoints,0.848970
50,authentication brute force due to missing rate limiting,Cosine,4,CVE-2026-32871,FastMCP OpenAPI Provider has an SSRF & Path Traversal Vulnerability,0.847870
50,authentication brute force due to missing rate limiting,Cosine,5,CVE-2026-25125,October CMS: Environment Variable Exfiltration via INI Parser Interpolation,0.847739
50,authentication brute force due to missing rate limiting,Cosine,6,CVE-2022-35943,SameSite may allow cross-site request forgery (CSRF) protection to be bypassed,0.847480
50,authentication brute force due to missing rate limiting,Cosine,7,CVE-2026-2707,weForms <= 1.6.27 - Authenticated (Subscriber+) Stored Cross-Site Scripting via Hidden Field Value via REST API,0.847470
50,authentication brute force due to missing rate limiting,Cosine,8,CVE-2026-28216,hoppscotch has IDOR in updateUserEnvironment / deleteUserEnvironment,0.846628
50,authentication brute force due to missing rate limiting,Cosine,9,CVE-2026-3045,Appointment Booking Calendar <= 1.6.9.29 - Missing Authorization to Unauthenticated Sensitive Information Exposure via Settings REST API Endpoint,0.845087
50,authentication brute force due to missing rate limiting,Cosine,10,CVE-2025-62427,Server-Side Request Forgery (SSRF) in Angular SSR,0.841576
50,authentication brute force due to missing rate limiting,Cosine,11,CVE-2026-40569,FreeScout's Mass Assignment in Mailbox Connection Settings Enables Silent Email Exfiltration,0.841138
50,authentication brute force due to missing rate limiting,Cosine,12,CVE-2023-34252,Grav Server-side Template Injection via Insufficient Validation in filterFilter,0.840902
50,authentication brute force due to missing rate limiting,Cosine,13,CVE-2026-24047,@backstage/cli-common has a possible `resolveSafeChildPath` Symlink Chain Bypass,0.840835
50,authentication brute force due to missing rate limiting,Cosine,14,CVE-2026-3335,Canto <= 3.1.1 - Missing Authorization to Unauthenticated File Upload,0.840095
50,authentication brute force due to missing rate limiting,Cosine,15,CVE-2023-52137,GitHub Action tj-actions/verify-changed-files is vulnerable to command injection in output filenames,0.839700
50,authentication brute force due to missing rate limiting,Cosine,16,CVE-2021-32779,Incorrectly handling of URI '#fragment' element as part of the path element,0.838964
50,authentication brute force due to missing rate limiting,Cosine,17,CVE-2026-32812,Admidio Vulnerable to SSRF and Local File Read via Unrestricted URL Fetch in SSO Metadata Endpoint,0.838858
50,authentication brute force due to missing rate limiting,Cosine,18,CVE-2025-61876,(no title),0.838821
50,authentication brute force due to missing rate limiting,Cosine,19,CVE-2026-22850,Koko Analytics vulnerable to arbitrary SQL execution through unescaped analytics export/import and permissive admin SQL import,0.838690
50,authentication brute force due to missing rate limiting,Cosine,20,CVE-2023-46302,Apache Submarine: Fix CVE-2022-1471 SnakeYaml unsafe deserialization,0.838623
50,authentication brute force due to missing rate limiting,Cosine,21,CVE-2022-31022,Missing Role Based Access Control for the REST handlers in bleve/http package,0.838523
50,authentication brute force due to missing rate limiting,Cosine,22,CVE-2025-23203,Icinga has rest API endpoints accessible to restricted users,0.838458
50,authentication brute force due to missing rate limiting,Cosine,23,CVE-2024-32003,Dusk plugin may allow unfettered user authentication in misconfigured installs,0.838146
50,authentication brute force due to missing rate limiting,Cosine,24,CVE-2025-56162,(no title),0.837903
50,authentication brute force due to missing rate limiting,Cosine,25,CVE-2006-3935,(no title),0.837611
50,authentication brute force due to missing rate limiting,Hybrid,1,CVE-2007-6548,(no title),0.875956
50,authentication brute force due to missing rate limiting,Hybrid,2,CVE-2015-7391,(no title),0.871246
50,authentication brute force due to missing rate limiting,Hybrid,3,CVE-2025-23203,Icinga has rest API endpoints accessible to restricted users,0.868879
50,authentication brute force due to missing rate limiting,Hybrid,4,CVE-2026-40566,FreeScout vulnerable to SSRF via IMAP/SMTP Connection Test Endpoints,0.866614
50,authentication brute force due to missing rate limiting,Hybrid,5,CVE-2007-0373,(no title),0.864883
50,authentication brute force due to missing rate limiting,Hybrid,6,CVE-2011-5230,(no title),0.864773
50,authentication brute force due to missing rate limiting,Hybrid,7,CVE-2017-9767,(no title),0.864442
50,authentication brute force due to missing rate limiting,Hybrid,8,CVE-2021-39412,(no title),0.863084
50,authentication brute force due to missing rate limiting,Hybrid,9,CVE-2010-4280,(no title),0.860759
50,authentication brute force due to missing rate limiting,Hybrid,10,CVE-2006-1590,(no title),0.858421
50,authentication brute force due to missing rate limiting,Hybrid,11,CVE-2007-0056,(no title),0.857707
50,authentication brute force due to missing rate limiting,Hybrid,12,CVE-2021-41090,Instance config inline secret exposure,0.856434
50,authentication brute force due to missing rate limiting,Hybrid,13,CVE-2023-30605,Multiple SQL injections in sql/instance.py param_edit method in Archery - GHSL-2022-104,0.856240
50,authentication brute force due to missing rate limiting,Hybrid,14,CVE-2011-4544,(no title),0.855856
50,authentication brute force due to missing rate limiting,Hybrid,15,CVE-2013-3578,(no title),0.855544
50,authentication brute force due to missing rate limiting,Hybrid,16,CVE-2024-23445,Elasticsearch Remote Cluster Search Cross Cluster API Key insufficient restrictions,0.855267
50,authentication brute force due to missing rate limiting,Hybrid,17,CVE-2024-53354,(no title),0.854757
50,authentication brute force due to missing rate limiting,Hybrid,18,CVE-2014-9606,(no title),0.854554
50,authentication brute force due to missing rate limiting,Hybrid,19,CVE-2025-57266,(no title),0.853206
50,authentication brute force due to missing rate limiting,Hybrid,20,CVE-2020-26564,(no title),0.853160
50,authentication brute force due to missing rate limiting,Hybrid,21,CVE-2007-1458,(no title),0.852288
50,authentication brute force due to missing rate limiting,Hybrid,22,CVE-2010-1515,(no title),0.852255
50,authentication brute force due to missing rate limiting,Hybrid,23,CVE-2026-23942,SFTP root escape via component-agnostic prefix check in ssh_sftpd,0.851530
50,authentication brute force due to missing rate limiting,Hybrid,24,CVE-2007-3620,(no title),0.851466
50,authentication brute force due to missing rate limiting,Hybrid,25,CVE-2008-1123,(no title),0.850887
50,authentication brute force due to missing rate limiting,Taumode,1,CVE-2007-6548,(no title),0.926866
50,authentication brute force due to missing rate limiting,Taumode,2,CVE-2007-0373,(no title),0.918089
50,authentication brute force due to missing rate limiting,Taumode,3,CVE-2015-7391,(no title),0.917086
50,authentication brute force due to missing rate limiting,Taumode,4,CVE-2011-5230,(no title),0.916659
50,authentication brute force due to missing rate limiting,Taumode,5,CVE-2017-9767,(no title),0.916427
50,authentication brute force due to missing rate limiting,Taumode,6,CVE-2010-4280,(no title),0.914070
50,authentication brute force due to missing rate limiting,Taumode,7,CVE-2020-26564,(no title),0.912988
50,authentication brute force due to missing rate limiting,Taumode,8,CVE-2006-1590,(no title),0.912730
50,authentication brute force due to missing rate limiting,Taumode,9,CVE-2006-4984,(no title),0.911414
50,authentication brute force due to missing rate limiting,Taumode,10,CVE-2018-11004,(no title),0.910942
50,authentication brute force due to missing rate limiting,Taumode,11,CVE-2008-0648,(no title),0.909656
50,authentication brute force due to missing rate limiting,Taumode,12,CVE-2019-7427,(no title),0.909349
50,authentication brute force due to missing rate limiting,Taumode,13,CVE-2025-57266,(no title),0.908984
50,authentication brute force due to missing rate limiting,Taumode,14,CVE-2006-6634,(no title),0.908777
50,authentication brute force due to missing rate limiting,Taumode,15,CVE-2008-0645,(no title),0.908661
50,authentication brute force due to missing rate limiting,Taumode,16,CVE-2023-30605,Multiple SQL injections in sql/instance.py param_edit method in Archery - GHSL-2022-104,0.908365
50,authentication brute force due to missing rate limiting,Taumode,17,CVE-2006-5983,(no title),0.908215
50,authentication brute force due to missing rate limiting,Taumode,18,CVE-2011-5072,(no title),0.907873
50,authentication brute force due to missing rate limiting,Taumode,19,CVE-2026-23942,SFTP root escape via component-agnostic prefix check in ssh_sftpd,0.907545
50,authentication brute force due to missing rate limiting,Taumode,20,CVE-2015-2294,(no title),0.906937
50,authentication brute force due to missing rate limiting,Taumode,21,CVE-2021-41090,Instance config inline secret exposure,0.906677
50,authentication brute force due to missing rate limiting,Taumode,22,CVE-2026-4668,Amelia <= 2.1.2 - Authenticated (Manager+) SQL Injection via 'sort' Parameter,0.906521
50,authentication brute force due to missing rate limiting,Taumode,23,CVE-2013-3578,(no title),0.906506
50,authentication brute force due to missing rate limiting,Taumode,24,CVE-2022-35942,loopback-connector-postgresql Vulnerable to Improper Sanitization of `contains` Filter,0.905838
50,authentication brute force due to missing rate limiting,Taumode,25,CVE-2024-23445,Elasticsearch Remote Cluster Search Cross Cluster API Key insufficient restrictions,0.905797
