query_id,query_text,tau_method,rank,cve_id,title,score
1,integer overflow leading to heap corruption in video codec,Cosine,1,CVE-2025-14740,Docker Desktop for Windows Incorrect Permission Assignment Privilege Escalation Vulnerabilities,0.878949
1,integer overflow leading to heap corruption in video codec,Cosine,2,CVE-2026-24516,(no title),0.872614
1,integer overflow leading to heap corruption in video codec,Cosine,3,CVE-2026-32892,OS Command Injection in Chamilo LMS 1.11.36,0.870510
1,integer overflow leading to heap corruption in video codec,Cosine,4,CVE-2025-40362,ceph: fix multifs mds auth caps issue,0.865952
1,integer overflow leading to heap corruption in video codec,Cosine,5,CVE-2026-32310,Cryptomator: Unverified masterkeyfile key IDs can access arbitrary local or UNC paths,0.864884
1,integer overflow leading to heap corruption in video codec,Cosine,6,CVE-2025-62156,argo-workflows Zip Slip path traversal allows arbitrary file write and container configuration overwrite,0.864463
1,integer overflow leading to heap corruption in video codec,Cosine,7,CVE-2022-23653,B2 Command Line Tool TOCTOU application key disclosure ,0.863631
1,integer overflow leading to heap corruption in video codec,Cosine,8,CVE-2020-5846,(no title),0.859653
1,integer overflow leading to heap corruption in video codec,Cosine,9,CVE-2026-3335,Canto <= 3.1.1 - Missing Authorization to Unauthenticated File Upload,0.858352
1,integer overflow leading to heap corruption in video codec,Cosine,10,CVE-2019-9745,(no title),0.857089
1,integer overflow leading to heap corruption in video codec,Cosine,11,CVE-2025-45582,(no title),0.856933
1,integer overflow leading to heap corruption in video codec,Cosine,12,CVE-2025-66480,Wildfire has Arbitrary File Upload via Directory Traversal in UploadFileAction,0.856807
1,integer overflow leading to heap corruption in video codec,Cosine,13,CVE-2023-22809,(no title),0.856204
1,integer overflow leading to heap corruption in video codec,Cosine,14,CVE-2026-24046,Backstage has a Possible Symlink Path Traversal in Scaffolder Actions,0.855610
1,integer overflow leading to heap corruption in video codec,Cosine,15,CVE-2023-41044,Partial path traversal vulnerability in Support Bundle feature of Graylog,0.855054
1,integer overflow leading to heap corruption in video codec,Cosine,16,CVE-2022-31195,Path traversal vulnerability in Simple Archive Format package import in DSpace,0.854015
1,integer overflow leading to heap corruption in video codec,Cosine,17,CVE-2026-33663,n8n Vulnerable to Credential Theft via Name-Based Resolution and Permission Checker Bypass in Community Edition,0.853424
1,integer overflow leading to heap corruption in video codec,Cosine,18,CVE-2020-6754,(no title),0.853192
1,integer overflow leading to heap corruption in video codec,Cosine,19,CVE-2023-50260,Wazuh's vulnerability in host_deny AR script allows arbitrary command execution,0.852950
1,integer overflow leading to heap corruption in video codec,Cosine,20,CVE-2007-0345,(no title),0.852867
1,integer overflow leading to heap corruption in video codec,Cosine,21,CVE-2021-32635,Action Commands (run/shell/exec) Against Library URIs Ignore Configured Remote Endpoint,0.852633
1,integer overflow leading to heap corruption in video codec,Cosine,22,CVE-2006-3935,(no title),0.852349
1,integer overflow leading to heap corruption in video codec,Cosine,23,CVE-2022-31022,Missing Role Based Access Control for the REST handlers in bleve/http package,0.852280
1,integer overflow leading to heap corruption in video codec,Cosine,24,CVE-2025-27092,Path Traversal Vulnerability in GHOSTS Photo Retrieval Endpoint,0.851717
1,integer overflow leading to heap corruption in video codec,Cosine,25,CVE-2020-15843,(no title),0.851640
1,integer overflow leading to heap corruption in video codec,hybrid,1,CVE-2025-14740,Docker Desktop for Windows Incorrect Permission Assignment Privilege Escalation Vulnerabilities,0.912817
1,integer overflow leading to heap corruption in video codec,hybrid,2,CVE-2026-32892,OS Command Injection in Chamilo LMS 1.11.36,0.906760
1,integer overflow leading to heap corruption in video codec,hybrid,3,CVE-2025-40362,ceph: fix multifs mds auth caps issue,0.903464
1,integer overflow leading to heap corruption in video codec,hybrid,4,CVE-2026-32310,Cryptomator: Unverified masterkeyfile key IDs can access arbitrary local or UNC paths,0.902631
1,integer overflow leading to heap corruption in video codec,hybrid,5,CVE-2025-62156,argo-workflows Zip Slip path traversal allows arbitrary file write and container configuration overwrite,0.902397
1,integer overflow leading to heap corruption in video codec,hybrid,6,CVE-2022-23653,B2 Command Line Tool TOCTOU application key disclosure ,0.901813
1,integer overflow leading to heap corruption in video codec,hybrid,7,CVE-2020-5846,(no title),0.898932
1,integer overflow leading to heap corruption in video codec,hybrid,8,CVE-2026-3335,Canto <= 3.1.1 - Missing Authorization to Unauthenticated File Upload,0.898012
1,integer overflow leading to heap corruption in video codec,hybrid,9,CVE-2019-9745,(no title),0.897096
1,integer overflow leading to heap corruption in video codec,hybrid,10,CVE-2025-45582,(no title),0.896963
1,integer overflow leading to heap corruption in video codec,hybrid,11,CVE-2025-66480,Wildfire has Arbitrary File Upload via Directory Traversal in UploadFileAction,0.896890
1,integer overflow leading to heap corruption in video codec,hybrid,12,CVE-2026-24046,Backstage has a Possible Symlink Path Traversal in Scaffolder Actions,0.896000
1,integer overflow leading to heap corruption in video codec,hybrid,13,CVE-2023-41044,Partial path traversal vulnerability in Support Bundle feature of Graylog,0.895618
1,integer overflow leading to heap corruption in video codec,hybrid,14,CVE-2022-31195,Path traversal vulnerability in Simple Archive Format package import in DSpace,0.894882
1,integer overflow leading to heap corruption in video codec,hybrid,15,CVE-2026-33663,n8n Vulnerable to Credential Theft via Name-Based Resolution and Permission Checker Bypass in Community Edition,0.894410
1,integer overflow leading to heap corruption in video codec,hybrid,16,CVE-2020-6754,(no title),0.894297
1,integer overflow leading to heap corruption in video codec,hybrid,17,CVE-2023-50260,Wazuh's vulnerability in host_deny AR script allows arbitrary command execution,0.894113
1,integer overflow leading to heap corruption in video codec,hybrid,18,CVE-2007-0345,(no title),0.894039
1,integer overflow leading to heap corruption in video codec,hybrid,19,CVE-2021-32635,Action Commands (run/shell/exec) Against Library URIs Ignore Configured Remote Endpoint,0.893889
1,integer overflow leading to heap corruption in video codec,hybrid,20,CVE-2006-3935,(no title),0.893672
1,integer overflow leading to heap corruption in video codec,hybrid,21,CVE-2022-31022,Missing Role Based Access Control for the REST handlers in bleve/http package,0.893636
1,integer overflow leading to heap corruption in video codec,hybrid,22,CVE-2025-27092,Path Traversal Vulnerability in GHOSTS Photo Retrieval Endpoint,0.893209
1,integer overflow leading to heap corruption in video codec,hybrid,23,CVE-2020-15843,(no title),0.893146
1,integer overflow leading to heap corruption in video codec,hybrid,24,CVE-2007-6495,(no title),0.892911
1,integer overflow leading to heap corruption in video codec,hybrid,25,CVE-2026-24070,Local Privilege Escalation via DYLIB Injection in Native Instruments Native Access,0.892840
1,integer overflow leading to heap corruption in video codec,taumode,1,CVE-2025-14740,Docker Desktop for Windows Incorrect Permission Assignment Privilege Escalation Vulnerabilities,0.949104
1,integer overflow leading to heap corruption in video codec,taumode,2,CVE-2026-32892,OS Command Injection in Chamilo LMS 1.11.36,0.945599
1,integer overflow leading to heap corruption in video codec,taumode,3,CVE-2025-40362,ceph: fix multifs mds auth caps issue,0.943656
1,integer overflow leading to heap corruption in video codec,taumode,4,CVE-2026-32310,Cryptomator: Unverified masterkeyfile key IDs can access arbitrary local or UNC paths,0.943074
1,integer overflow leading to heap corruption in video codec,taumode,5,CVE-2025-62156,argo-workflows Zip Slip path traversal allows arbitrary file write and container configuration overwrite,0.943039
1,integer overflow leading to heap corruption in video codec,taumode,6,CVE-2022-23653,B2 Command Line Tool TOCTOU application key disclosure ,0.942722
1,integer overflow leading to heap corruption in video codec,taumode,7,CVE-2020-5846,(no title),0.941016
1,integer overflow leading to heap corruption in video codec,taumode,8,CVE-2026-3335,Canto <= 3.1.1 - Missing Authorization to Unauthenticated File Upload,0.940506
1,integer overflow leading to heap corruption in video codec,taumode,9,CVE-2019-9745,(no title),0.939960
1,integer overflow leading to heap corruption in video codec,taumode,10,CVE-2025-45582,(no title),0.939853
1,integer overflow leading to heap corruption in video codec,taumode,11,CVE-2025-66480,Wildfire has Arbitrary File Upload via Directory Traversal in UploadFileAction,0.939836
1,integer overflow leading to heap corruption in video codec,taumode,12,CVE-2026-24046,Backstage has a Possible Symlink Path Traversal in Scaffolder Actions,0.939275
1,integer overflow leading to heap corruption in video codec,taumode,13,CVE-2023-41044,Partial path traversal vulnerability in Support Bundle feature of Graylog,0.939080
1,integer overflow leading to heap corruption in video codec,taumode,14,CVE-2022-31195,Path traversal vulnerability in Simple Archive Format package import in DSpace,0.938669
1,integer overflow leading to heap corruption in video codec,taumode,15,CVE-2020-6754,(no title),0.938338
1,integer overflow leading to heap corruption in video codec,taumode,16,CVE-2026-33663,n8n Vulnerable to Credential Theft via Name-Based Resolution and Permission Checker Bypass in Community Edition,0.938324
1,integer overflow leading to heap corruption in video codec,taumode,17,CVE-2023-50260,Wazuh's vulnerability in host_deny AR script allows arbitrary command execution,0.938216
1,integer overflow leading to heap corruption in video codec,taumode,18,CVE-2007-0345,(no title),0.938152
1,integer overflow leading to heap corruption in video codec,taumode,19,CVE-2021-32635,Action Commands (run/shell/exec) Against Library URIs Ignore Configured Remote Endpoint,0.938092
1,integer overflow leading to heap corruption in video codec,taumode,20,CVE-2006-3935,(no title),0.937948
1,integer overflow leading to heap corruption in video codec,taumode,21,CVE-2022-31022,Missing Role Based Access Control for the REST handlers in bleve/http package,0.937946
1,integer overflow leading to heap corruption in video codec,taumode,22,CVE-2025-27092,Path Traversal Vulnerability in GHOSTS Photo Retrieval Endpoint,0.937665
1,integer overflow leading to heap corruption in video codec,taumode,23,CVE-2020-15843,(no title),0.937617
1,integer overflow leading to heap corruption in video codec,taumode,24,CVE-2007-6495,(no title),0.937519
1,integer overflow leading to heap corruption in video codec,taumode,25,CVE-2023-52137,GitHub Action tj-actions/verify-changed-files is vulnerable to command injection in output filenames,0.937448
2,symlink attack in installer cleanup routine,Cosine,1,CVE-2018-12182,(no title),0.841674
2,symlink attack in installer cleanup routine,Cosine,2,CVE-2018-12179,(no title),0.839403
2,symlink attack in installer cleanup routine,Cosine,3,CVE-2018-3955,(no title),0.835667
2,symlink attack in installer cleanup routine,Cosine,4,CVE-2018-3954,(no title),0.835107
2,symlink attack in installer cleanup routine,Cosine,5,CVE-2018-3613,(no title),0.833469
2,symlink attack in installer cleanup routine,Cosine,6,CVE-2024-29855,(no title),0.831203
2,symlink attack in installer cleanup routine,Cosine,7,CVE-2018-3953,(no title),0.829045
2,symlink attack in installer cleanup routine,Cosine,8,CVE-2021-27608,(no title),0.828910
2,symlink attack in installer cleanup routine,Cosine,9,CVE-2018-12180,(no title),0.827833
2,symlink attack in installer cleanup routine,Cosine,10,CVE-2022-30316,(no title),0.827624
2,symlink attack in installer cleanup routine,Cosine,11,CVE-2023-39903,(no title),0.827431
2,symlink attack in installer cleanup routine,Cosine,12,CVE-2022-30314,(no title),0.827212
2,symlink attack in installer cleanup routine,Cosine,13,CVE-2018-12183,(no title),0.826951
2,symlink attack in installer cleanup routine,Cosine,14,CVE-2025-34234,Vasion Print (formerly PrinterLogic) Hardcoded Encryption Private Keys,0.824532
2,symlink attack in installer cleanup routine,Cosine,15,CVE-2022-30318,(no title),0.823661
2,symlink attack in installer cleanup routine,Cosine,16,CVE-2024-43659,Plaintext default credentials in firmware,0.823001
2,symlink attack in installer cleanup routine,Cosine,17,CVE-2022-30317,(no title),0.822762
2,symlink attack in installer cleanup routine,Cosine,18,CVE-2016-8344,(no title),0.821334
2,symlink attack in installer cleanup routine,Cosine,19,CVE-2022-22445,(no title),0.819983
2,symlink attack in installer cleanup routine,Cosine,20,CVE-2020-15851,(no title),0.819534
2,symlink attack in installer cleanup routine,Cosine,21,CVE-2019-6609,(no title),0.819493
2,symlink attack in installer cleanup routine,Cosine,22,CVE-2018-3701,(no title),0.819304
2,symlink attack in installer cleanup routine,Cosine,23,CVE-2022-30315,(no title),0.818699
2,symlink attack in installer cleanup routine,Cosine,24,CVE-2021-45839,(no title),0.818664
2,symlink attack in installer cleanup routine,Cosine,25,CVE-2018-6693,Endpoint Security for Linux Threat Prevention (ENSLTP) privilege escalation vulnerability,0.818435
2,symlink attack in installer cleanup routine,hybrid,1,CVE-2018-12182,(no title),0.885938
2,symlink attack in installer cleanup routine,hybrid,2,CVE-2018-12179,(no title),0.884312
2,symlink attack in installer cleanup routine,hybrid,3,CVE-2018-3955,(no title),0.881572
2,symlink attack in installer cleanup routine,hybrid,4,CVE-2024-29855,(no title),0.878456
2,symlink attack in installer cleanup routine,hybrid,5,CVE-2018-3953,(no title),0.876803
2,symlink attack in installer cleanup routine,hybrid,6,CVE-2021-27608,(no title),0.876798
2,symlink attack in installer cleanup routine,hybrid,7,CVE-2018-12180,(no title),0.875937
2,symlink attack in installer cleanup routine,hybrid,8,CVE-2022-30316,(no title),0.875843
2,symlink attack in installer cleanup routine,hybrid,9,CVE-2023-39903,(no title),0.875700
2,symlink attack in installer cleanup routine,hybrid,10,CVE-2022-30314,(no title),0.875554
2,symlink attack in installer cleanup routine,hybrid,11,CVE-2018-12183,(no title),0.875281
2,symlink attack in installer cleanup routine,hybrid,12,CVE-2025-34234,Vasion Print (formerly PrinterLogic) Hardcoded Encryption Private Keys,0.873546
2,symlink attack in installer cleanup routine,hybrid,13,CVE-2022-30318,(no title),0.873020
2,symlink attack in installer cleanup routine,hybrid,14,CVE-2024-43659,Plaintext default credentials in firmware,0.872555
2,symlink attack in installer cleanup routine,hybrid,15,CVE-2022-30317,(no title),0.872360
2,symlink attack in installer cleanup routine,hybrid,16,CVE-2018-3954,(no title),0.871790
2,symlink attack in installer cleanup routine,hybrid,17,CVE-2016-8344,(no title),0.871267
2,symlink attack in installer cleanup routine,hybrid,18,CVE-2022-22445,(no title),0.870346
2,symlink attack in installer cleanup routine,hybrid,19,CVE-2019-6609,(no title),0.870021
2,symlink attack in installer cleanup routine,hybrid,20,CVE-2020-15851,(no title),0.870017
2,symlink attack in installer cleanup routine,hybrid,21,CVE-2018-3701,(no title),0.869845
2,symlink attack in installer cleanup routine,hybrid,22,CVE-2022-30315,(no title),0.869461
2,symlink attack in installer cleanup routine,hybrid,23,CVE-2021-45839,(no title),0.869410
2,symlink attack in installer cleanup routine,hybrid,24,CVE-2025-66005,Lack of Authentication in the InputManager D-Bus interface,0.869166
2,symlink attack in installer cleanup routine,hybrid,25,CVE-2018-6693,Endpoint Security for Linux Threat Prevention (ENSLTP) privilege escalation vulnerability,0.869145
2,symlink attack in installer cleanup routine,taumode,1,CVE-2018-12182,(no title),0.933364
2,symlink attack in installer cleanup routine,taumode,2,CVE-2018-12179,(no title),0.932428
2,symlink attack in installer cleanup routine,taumode,3,CVE-2018-3955,(no title),0.930756
2,symlink attack in installer cleanup routine,taumode,4,CVE-2024-29855,(no title),0.929084
2,symlink attack in installer cleanup routine,taumode,5,CVE-2021-27608,(no title),0.928107
2,symlink attack in installer cleanup routine,taumode,6,CVE-2018-3953,(no title),0.927972
2,symlink attack in installer cleanup routine,taumode,7,CVE-2022-30316,(no title),0.927505
2,symlink attack in installer cleanup routine,taumode,8,CVE-2018-12180,(no title),0.927478
2,symlink attack in installer cleanup routine,taumode,9,CVE-2023-39903,(no title),0.927417
2,symlink attack in installer cleanup routine,taumode,10,CVE-2022-30314,(no title),0.927349
2,symlink attack in installer cleanup routine,taumode,11,CVE-2018-12183,(no title),0.927064
2,symlink attack in installer cleanup routine,taumode,12,CVE-2025-34234,Vasion Print (formerly PrinterLogic) Hardcoded Encryption Private Keys,0.926060
2,symlink attack in installer cleanup routine,taumode,13,CVE-2022-30318,(no title),0.925903
2,symlink attack in installer cleanup routine,taumode,14,CVE-2024-43659,Plaintext default credentials in firmware,0.925649
2,symlink attack in installer cleanup routine,taumode,15,CVE-2022-30317,(no title),0.925500
2,symlink attack in installer cleanup routine,taumode,16,CVE-2016-8344,(no title),0.924766
2,symlink attack in installer cleanup routine,taumode,17,CVE-2022-22445,(no title),0.924307
2,symlink attack in installer cleanup routine,taumode,18,CVE-2019-6609,(no title),0.924159
2,symlink attack in installer cleanup routine,taumode,19,CVE-2020-15851,(no title),0.924106
2,symlink attack in installer cleanup routine,taumode,20,CVE-2018-3701,(no title),0.923997
2,symlink attack in installer cleanup routine,taumode,21,CVE-2022-30315,(no title),0.923848
2,symlink attack in installer cleanup routine,taumode,22,CVE-2021-45839,(no title),0.923781
2,symlink attack in installer cleanup routine,taumode,23,CVE-2019-15711,(no title),0.923558
2,symlink attack in installer cleanup routine,taumode,24,CVE-2025-66005,Lack of Authentication in the InputManager D-Bus interface,0.923543
2,symlink attack in installer cleanup routine,taumode,25,CVE-2018-6693,Endpoint Security for Linux Threat Prevention (ENSLTP) privilege escalation vulnerability,0.923478
3,privilege escalation via writable system service configuration,Cosine,1,CVE-2025-37736,Elastic Cloud Enterprise Improper Authorization,0.810879
3,privilege escalation via writable system service configuration,Cosine,2,CVE-2015-2878,(no title),0.799607
3,privilege escalation via writable system service configuration,Cosine,3,CVE-2026-33663,n8n Vulnerable to Credential Theft via Name-Based Resolution and Permission Checker Bypass in Community Edition,0.793079
3,privilege escalation via writable system service configuration,Cosine,4,CVE-2025-23203,Icinga has rest API endpoints accessible to restricted users,0.792604
3,privilege escalation via writable system service configuration,Cosine,5,CVE-2026-31820,Sylius affected by IDOR in Cart and Checkout LiveComponents,0.790258
3,privilege escalation via writable system service configuration,Cosine,6,CVE-2025-61876,(no title),0.789873
3,privilege escalation via writable system service configuration,Cosine,7,CVE-2022-35943,SameSite may allow cross-site request forgery (CSRF) protection to be bypassed,0.789108
3,privilege escalation via writable system service configuration,Cosine,8,CVE-2024-53355,(no title),0.788724
3,privilege escalation via writable system service configuration,Cosine,9,CVE-2008-7092,(no title),0.788226
3,privilege escalation via writable system service configuration,Cosine,10,CVE-2025-70146,(no title),0.787843
3,privilege escalation via writable system service configuration,Cosine,11,CVE-2024-53354,(no title),0.785674
3,privilege escalation via writable system service configuration,Cosine,12,CVE-2025-66490,Traefik doesn't Prevent Path Normalization Bypass in Router + Middleware Rules,0.784823
3,privilege escalation via writable system service configuration,Cosine,13,CVE-2008-5518,(no title),0.784627
3,privilege escalation via writable system service configuration,Cosine,14,CVE-2026-5234,LatePoint <= 5.3.2 - Insecure Direct Object Reference to Unauthenticated Sensitive Financial Data Exposure via Sequential Invoice ID,0.784300
3,privilege escalation via writable system service configuration,Cosine,15,CVE-2026-24516,(no title),0.782631
3,privilege escalation via writable system service configuration,Cosine,16,CVE-2025-41039,Stored Cross-Site Scripting vulnerability in appRain CMF,0.782337
3,privilege escalation via writable system service configuration,Cosine,17,CVE-2026-1525,undici is vulnerable to Inconsistent Interpretation of HTTP Requests ('HTTP Request/Response Smuggling'),0.782027
3,privilege escalation via writable system service configuration,Cosine,18,CVE-2026-40566,FreeScout vulnerable to SSRF via IMAP/SMTP Connection Test Endpoints,0.781618
3,privilege escalation via writable system service configuration,Cosine,19,CVE-2007-2579,(no title),0.780563
3,privilege escalation via writable system service configuration,Cosine,20,CVE-2026-3045,Appointment Booking Calendar <= 1.6.9.29 - Missing Authorization to Unauthenticated Sensitive Information Exposure via Settings REST API Endpoint,0.779812
3,privilege escalation via writable system service configuration,Cosine,21,CVE-2024-53357,(no title),0.779316
3,privilege escalation via writable system service configuration,Cosine,22,CVE-2025-14802,LearnPress – WordPress LMS Plugin <= 4.3.2.2 - Insecure Direct Object Reference to Authenticated (Instructor+) Teacher Material Deletion,0.779261
3,privilege escalation via writable system service configuration,Cosine,23,CVE-2012-1897,(no title),0.778342
3,privilege escalation via writable system service configuration,Cosine,24,CVE-2008-2043,(no title),0.778052
3,privilege escalation via writable system service configuration,Cosine,25,CVE-2006-3172,(no title),0.777256
3,privilege escalation via writable system service configuration,hybrid,1,CVE-2025-23203,Icinga has rest API endpoints accessible to restricted users,0.834075
3,privilege escalation via writable system service configuration,hybrid,2,CVE-2007-6548,(no title),0.831932
3,privilege escalation via writable system service configuration,hybrid,3,CVE-2024-53354,(no title),0.831383
3,privilege escalation via writable system service configuration,hybrid,4,CVE-2016-10086,(no title),0.828912
3,privilege escalation via writable system service configuration,hybrid,5,CVE-2008-7092,(no title),0.825273
3,privilege escalation via writable system service configuration,hybrid,6,CVE-2025-41039,Stored Cross-Site Scripting vulnerability in appRain CMF,0.824721
3,privilege escalation via writable system service configuration,hybrid,7,CVE-2017-9767,(no title),0.820891
3,privilege escalation via writable system service configuration,hybrid,8,CVE-2011-5298,(no title),0.820352
3,privilege escalation via writable system service configuration,hybrid,9,CVE-2014-9606,(no title),0.820081
3,privilege escalation via writable system service configuration,hybrid,10,CVE-2007-0373,(no title),0.819568
3,privilege escalation via writable system service configuration,hybrid,11,CVE-2011-5230,(no title),0.817008
3,privilege escalation via writable system service configuration,hybrid,12,CVE-2026-40566,FreeScout vulnerable to SSRF via IMAP/SMTP Connection Test Endpoints,0.816331
3,privilege escalation via writable system service configuration,hybrid,13,CVE-2010-1515,(no title),0.815708
3,privilege escalation via writable system service configuration,hybrid,14,CVE-2011-5287,(no title),0.813386
3,privilege escalation via writable system service configuration,hybrid,15,CVE-2025-12030,ACF to REST API <= 3.3.4 - Insecure Direct Object Reference to Authenticated (Contributor+) ACF Field/Option Modification,0.813292
3,privilege escalation via writable system service configuration,hybrid,16,CVE-2015-8125,(no title),0.813113
3,privilege escalation via writable system service configuration,hybrid,17,CVE-2013-6229,(no title),0.812791
3,privilege escalation via writable system service configuration,hybrid,18,CVE-2014-10035,(no title),0.812165
3,privilege escalation via writable system service configuration,hybrid,19,CVE-2014-1671,(no title),0.812154
3,privilege escalation via writable system service configuration,hybrid,20,CVE-2026-3360,Tutor LMS <= 3.9.7 - Missing Authorization to Unauthenticated Arbitrary Billing Profile Overwrite via 'order_id' Parameter,0.811925
3,privilege escalation via writable system service configuration,hybrid,21,CVE-2025-65276,(no title),0.811545
3,privilege escalation via writable system service configuration,hybrid,22,CVE-2007-4523,(no title),0.811331
3,privilege escalation via writable system service configuration,hybrid,23,CVE-2010-4280,(no title),0.810751
3,privilege escalation via writable system service configuration,hybrid,24,CVE-2014-7864,(no title),0.810553
3,privilege escalation via writable system service configuration,hybrid,25,CVE-2022-35942,loopback-connector-postgresql Vulnerable to Improper Sanitization of `contains` Filter,0.810156
3,privilege escalation via writable system service configuration,taumode,1,CVE-2007-6548,(no title),0.900072
3,privilege escalation via writable system service configuration,taumode,2,CVE-2016-10086,(no title),0.896721
3,privilege escalation via writable system service configuration,taumode,3,CVE-2007-0373,(no title),0.888992
3,privilege escalation via writable system service configuration,taumode,4,CVE-2017-9767,(no title),0.888359
3,privilege escalation via writable system service configuration,taumode,5,CVE-2014-9606,(no title),0.887871
3,privilege escalation via writable system service configuration,taumode,6,CVE-2010-4280,(no title),0.887562
3,privilege escalation via writable system service configuration,taumode,7,CVE-2011-5230,(no title),0.886133
3,privilege escalation via writable system service configuration,taumode,8,CVE-2006-5983,(no title),0.885848
3,privilege escalation via writable system service configuration,taumode,9,CVE-2022-35942,loopback-connector-postgresql Vulnerable to Improper Sanitization of `contains` Filter,0.885811
3,privilege escalation via writable system service configuration,taumode,10,CVE-2016-1000307,(no title),0.884971
3,privilege escalation via writable system service configuration,taumode,11,CVE-2005-1291,(no title),0.884720
3,privilege escalation via writable system service configuration,taumode,12,CVE-2011-5298,(no title),0.884559
3,privilege escalation via writable system service configuration,taumode,13,CVE-2018-16448,(no title),0.884448
3,privilege escalation via writable system service configuration,taumode,14,CVE-2014-8577,(no title),0.884283
3,privilege escalation via writable system service configuration,taumode,15,CVE-2014-10035,(no title),0.884236
3,privilege escalation via writable system service configuration,taumode,16,CVE-2024-46937,(no title),0.883302
3,privilege escalation via writable system service configuration,taumode,17,CVE-2026-3532,OpenID Connect / OAuth client - Less critical - Access bypass - SA-CONTRIB-2026-027,0.882226
3,privilege escalation via writable system service configuration,taumode,18,CVE-2013-6229,(no title),0.882178
3,privilege escalation via writable system service configuration,taumode,19,CVE-2026-40581,ChurchCRM: Cross-Site Request Forgery (CSRF) in SelectDelete.php Leading to Permanent Data Deletion,0.882171
3,privilege escalation via writable system service configuration,taumode,20,CVE-2016-0710,(no title),0.882075
3,privilege escalation via writable system service configuration,taumode,21,CVE-2018-11004,(no title),0.881828
3,privilege escalation via writable system service configuration,taumode,22,CVE-2015-4600,(no title),0.881669
3,privilege escalation via writable system service configuration,taumode,23,CVE-2002-0639,(no title),0.881663
3,privilege escalation via writable system service configuration,taumode,24,CVE-2007-4359,(no title),0.880922
3,privilege escalation via writable system service configuration,taumode,25,CVE-2013-3578,(no title),0.880369
4,memory disclosure via uninitialized stack buffer,Cosine,1,CVE-2022-50255,tracing: Fix reading strings from synthetic events,0.840432
4,memory disclosure via uninitialized stack buffer,Cosine,2,CVE-2024-38659,enic: Validate length of nl attributes in enic_set_vf_port,0.826662
4,memory disclosure via uninitialized stack buffer,Cosine,3,CVE-2021-47366,afs: Fix corruption in reads at fpos 2G-4G from an OpenAFS server,0.825471
4,memory disclosure via uninitialized stack buffer,Cosine,4,CVE-2024-47742,firmware_loader: Block path traversal,0.823649
4,memory disclosure via uninitialized stack buffer,Cosine,5,CVE-2023-24827,Credential disclosure in syft when SYFT_ATTEST_PASSWORD environment variable set in syft,0.823332
4,memory disclosure via uninitialized stack buffer,Cosine,6,CVE-2025-62603,FastDDS has Out-of-memory while parsing GenericMessage when DDS Security is enabled,0.823007
4,memory disclosure via uninitialized stack buffer,Cosine,7,CVE-2024-58100,bpf: check changes_pkt_data property for extension programs,0.821655
4,memory disclosure via uninitialized stack buffer,Cosine,8,CVE-2025-40222,tty: serial: sh-sci: fix RSCI FIFO overrun handling,0.821541
4,memory disclosure via uninitialized stack buffer,Cosine,9,CVE-2024-43803,BMO can expose particularly named secrets from other namespaces via BMH CRD,0.820327
4,memory disclosure via uninitialized stack buffer,Cosine,10,CVE-2024-35870,smb: client: fix UAF in smb2_reconnect_server(),0.820299
4,memory disclosure via uninitialized stack buffer,Cosine,11,CVE-2025-38372,RDMA/mlx5: Fix unsafe xarray access in implicit ODP handling,0.820248
4,memory disclosure via uninitialized stack buffer,Cosine,12,CVE-2023-53440,nilfs2: fix sysfs interface lifetime,0.819520
4,memory disclosure via uninitialized stack buffer,Cosine,13,CVE-2025-38692,exfat: add cluster chain loop check for dir,0.819432
4,memory disclosure via uninitialized stack buffer,Cosine,14,CVE-2025-22035,tracing: Fix use-after-free in print_graph_function_flags during tracer switching,0.819357
4,memory disclosure via uninitialized stack buffer,Cosine,15,CVE-2025-37741,jfs: Prevent copying of nlink with value 0 from disk inode,0.818604
4,memory disclosure via uninitialized stack buffer,Cosine,16,CVE-2026-40569,FreeScout's Mass Assignment in Mailbox Connection Settings Enables Silent Email Exfiltration,0.818238
4,memory disclosure via uninitialized stack buffer,Cosine,17,CVE-2023-52933,Squashfs: fix handling and sanity checking of xattr_ids count,0.817843
4,memory disclosure via uninitialized stack buffer,Cosine,18,CVE-2023-53103,bonding: restore bond's IFF_SLAVE flag if a non-eth dev enslave fails,0.817101
4,memory disclosure via uninitialized stack buffer,Cosine,19,CVE-2025-22069,riscv: fgraph: Fix stack layout to match __arch_ftrace_regs argument of ftrace_return_to_handler,0.816812
4,memory disclosure via uninitialized stack buffer,Cosine,20,CVE-2023-53570,wifi: nl80211: fix integer overflow in nl80211_parse_mbssid_elems(),0.816770
4,memory disclosure via uninitialized stack buffer,Cosine,21,CVE-2025-38523,cifs: Fix the smbd_response slab to allow usercopy,0.816717
4,memory disclosure via uninitialized stack buffer,Cosine,22,CVE-2022-49290,mac80211: fix potential double free on mesh join,0.816379
4,memory disclosure via uninitialized stack buffer,Cosine,23,CVE-2025-38416,NFC: nci: uart: Set tty->disc_data only in success path,0.816318
4,memory disclosure via uninitialized stack buffer,Cosine,24,CVE-2022-48833,btrfs: skip reserved bytes warning on unmount after log cleanup failure,0.816107
4,memory disclosure via uninitialized stack buffer,Cosine,25,CVE-2023-29007,Arbitrary configuration injection via `git submodule deinit`,0.815814
4,memory disclosure via uninitialized stack buffer,hybrid,1,CVE-2026-23189,ceph: fix NULL pointer dereference in ceph_mds_auth_match(),0.854017
4,memory disclosure via uninitialized stack buffer,hybrid,2,CVE-2025-22069,riscv: fgraph: Fix stack layout to match __arch_ftrace_regs argument of ftrace_return_to_handler,0.850555
4,memory disclosure via uninitialized stack buffer,hybrid,3,CVE-2024-35981,virtio_net: Do not send RSS key if it is not supported,0.847085
4,memory disclosure via uninitialized stack buffer,hybrid,4,CVE-2017-17662,(no title),0.842521
4,memory disclosure via uninitialized stack buffer,hybrid,5,CVE-2024-26645,tracing: Ensure visibility when inserting an element into tracing_map,0.839496
4,memory disclosure via uninitialized stack buffer,hybrid,6,CVE-2021-41090,Instance config inline secret exposure,0.833788
4,memory disclosure via uninitialized stack buffer,hybrid,7,CVE-2024-53211,net/l2tp: fix warning in l2tp_exit_net found by syzbot,0.833689
4,memory disclosure via uninitialized stack buffer,hybrid,8,CVE-2012-5693,(no title),0.832780
4,memory disclosure via uninitialized stack buffer,hybrid,9,CVE-2024-26590,erofs: fix inconsistent per-file compression format,0.831922
4,memory disclosure via uninitialized stack buffer,hybrid,10,CVE-2000-0723,(no title),0.831466
4,memory disclosure via uninitialized stack buffer,hybrid,11,CVE-2007-2891,(no title),0.831137
4,memory disclosure via uninitialized stack buffer,hybrid,12,CVE-2025-38214,fbdev: Fix fb_set_var to prevent null-ptr-deref in fb_videomode_to_var,0.830461
4,memory disclosure via uninitialized stack buffer,hybrid,13,CVE-2022-23882,(no title),0.829918
4,memory disclosure via uninitialized stack buffer,hybrid,14,CVE-2012-2090,(no title),0.829909
4,memory disclosure via uninitialized stack buffer,hybrid,15,CVE-2022-50067,btrfs: unset reloc control if transaction commit fails in prepare_to_relocate(),0.829849
4,memory disclosure via uninitialized stack buffer,hybrid,16,CVE-2009-4769,(no title),0.828412
4,memory disclosure via uninitialized stack buffer,hybrid,17,CVE-2018-10642,(no title),0.828233
4,memory disclosure via uninitialized stack buffer,hybrid,18,CVE-2013-7190,(no title),0.826775
4,memory disclosure via uninitialized stack buffer,hybrid,19,CVE-2024-42148,bnx2x: Fix multiple UBSAN array-index-out-of-bounds,0.826499
4,memory disclosure via uninitialized stack buffer,hybrid,20,CVE-2014-2027,(no title),0.825767
4,memory disclosure via uninitialized stack buffer,hybrid,21,CVE-2026-31421,net/sched: cls_fw: fix NULL pointer dereference on shared blocks,0.825277
4,memory disclosure via uninitialized stack buffer,hybrid,22,CVE-2018-19986,(no title),0.825163
4,memory disclosure via uninitialized stack buffer,hybrid,23,CVE-2023-53664,OPP: Fix potential null ptr dereference in dev_pm_opp_get_required_pstate(),0.825092
4,memory disclosure via uninitialized stack buffer,hybrid,24,CVE-2005-4683,(no title),0.824810
4,memory disclosure via uninitialized stack buffer,hybrid,25,CVE-2007-6548,(no title),0.824494
4,memory disclosure via uninitialized stack buffer,taumode,1,CVE-2026-23189,ceph: fix NULL pointer dereference in ceph_mds_auth_match(),0.911088
4,memory disclosure via uninitialized stack buffer,taumode,2,CVE-2024-35981,virtio_net: Do not send RSS key if it is not supported,0.910133
4,memory disclosure via uninitialized stack buffer,taumode,3,CVE-2017-17662,(no title),0.907706
4,memory disclosure via uninitialized stack buffer,taumode,4,CVE-2007-2891,(no title),0.901441
4,memory disclosure via uninitialized stack buffer,taumode,5,CVE-2012-5693,(no title),0.901207
4,memory disclosure via uninitialized stack buffer,taumode,6,CVE-2000-0723,(no title),0.901086
4,memory disclosure via uninitialized stack buffer,taumode,7,CVE-2024-26590,erofs: fix inconsistent per-file compression format,0.900524
4,memory disclosure via uninitialized stack buffer,taumode,8,CVE-2022-23882,(no title),0.899697
4,memory disclosure via uninitialized stack buffer,taumode,9,CVE-2026-31421,net/sched: cls_fw: fix NULL pointer dereference on shared blocks,0.897616
4,memory disclosure via uninitialized stack buffer,taumode,10,CVE-2024-48569,(no title),0.893991
4,memory disclosure via uninitialized stack buffer,taumode,11,CVE-2023-33592,(no title),0.893863
4,memory disclosure via uninitialized stack buffer,taumode,12,CVE-2010-0110,(no title),0.892942
4,memory disclosure via uninitialized stack buffer,taumode,13,CVE-2005-4427,(no title),0.892648
4,memory disclosure via uninitialized stack buffer,taumode,14,CVE-2008-7097,(no title),0.891996
4,memory disclosure via uninitialized stack buffer,taumode,15,CVE-2012-1152,(no title),0.891976
4,memory disclosure via uninitialized stack buffer,taumode,16,CVE-2013-7190,(no title),0.891845
4,memory disclosure via uninitialized stack buffer,taumode,17,CVE-2005-3519,(no title),0.890231
4,memory disclosure via uninitialized stack buffer,taumode,18,CVE-2012-2090,(no title),0.889675
4,memory disclosure via uninitialized stack buffer,taumode,19,CVE-2019-14969,(no title),0.889208
4,memory disclosure via uninitialized stack buffer,taumode,20,CVE-2025-70085,(no title),0.889199
4,memory disclosure via uninitialized stack buffer,taumode,21,CVE-2018-10642,(no title),0.888810
4,memory disclosure via uninitialized stack buffer,taumode,22,CVE-2025-39706,drm/amdkfd: Destroy KFD debugfs after destroy KFD wq,0.888759
4,memory disclosure via uninitialized stack buffer,taumode,23,CVE-2019-6713,(no title),0.888329
4,memory disclosure via uninitialized stack buffer,taumode,24,CVE-2022-50067,btrfs: unset reloc control if transaction commit fails in prepare_to_relocate(),0.887253
4,memory disclosure via uninitialized stack buffer,taumode,25,CVE-2009-4769,(no title),0.886722
5,buffer underflow in font parsing component,Cosine,1,CVE-2006-5677,(no title),0.824230
5,buffer underflow in font parsing component,Cosine,2,CVE-2025-37785,ext4: fix OOB read when checking dotdot dir,0.821781
5,buffer underflow in font parsing component,Cosine,3,CVE-2006-2286,(no title),0.821163
5,buffer underflow in font parsing component,Cosine,4,CVE-2023-41044,Partial path traversal vulnerability in Support Bundle feature of Graylog,0.820812
5,buffer underflow in font parsing component,Cosine,5,CVE-2025-62156,argo-workflows Zip Slip path traversal allows arbitrary file write and container configuration overwrite,0.820797
5,buffer underflow in font parsing component,Cosine,6,CVE-2013-2142,(no title),0.820738
5,buffer underflow in font parsing component,Cosine,7,CVE-2020-14004,(no title),0.819495
5,buffer underflow in font parsing component,Cosine,8,CVE-2025-71183,btrfs: always detect conflicting inodes when logging inode refs,0.818913
5,buffer underflow in font parsing component,Cosine,9,CVE-2007-1056,(no title),0.818031
5,buffer underflow in font parsing component,Cosine,10,CVE-2015-4684,(no title),0.817929
5,buffer underflow in font parsing component,Cosine,11,CVE-2021-37444,(no title),0.817368
5,buffer underflow in font parsing component,Cosine,12,CVE-2019-8925,(no title),0.816982
5,buffer underflow in font parsing component,Cosine,13,CVE-2025-45582,(no title),0.815481
5,buffer underflow in font parsing component,Cosine,14,CVE-2014-0358,(no title),0.814254
5,buffer underflow in font parsing component,Cosine,15,CVE-2026-28808,ScriptAlias CGI targets bypass directory auth in inets httpd (mod_auth vs mod_cgi path mismatch),0.813894
5,buffer underflow in font parsing component,Cosine,16,CVE-2021-37701,Arbitrary File Creation/Overwrite via insufficient symlink protection due to directory cache poisoning using symbolic links,0.813853
5,buffer underflow in font parsing component,Cosine,17,CVE-2021-35975,(no title),0.813135
5,buffer underflow in font parsing component,Cosine,18,CVE-2006-0512,(no title),0.812953
5,buffer underflow in font parsing component,Cosine,19,CVE-2023-29007,Arbitrary configuration injection via `git submodule deinit`,0.812665
5,buffer underflow in font parsing component,Cosine,20,CVE-2020-15843,(no title),0.812340
5,buffer underflow in font parsing component,Cosine,21,CVE-2018-19986,(no title),0.812057
5,buffer underflow in font parsing component,Cosine,22,CVE-2025-37741,jfs: Prevent copying of nlink with value 0 from disk inode,0.811561
5,buffer underflow in font parsing component,Cosine,23,CVE-2025-14740,Docker Desktop for Windows Incorrect Permission Assignment Privilege Escalation Vulnerabilities,0.811521
5,buffer underflow in font parsing component,Cosine,24,CVE-2024-53087,drm/xe: Fix possible exec queue leak in exec IOCTL,0.811125
5,buffer underflow in font parsing component,Cosine,25,CVE-2020-26880,(no title),0.810646
5,buffer underflow in font parsing component,hybrid,1,CVE-2006-5677,(no title),0.865124
5,buffer underflow in font parsing component,hybrid,2,CVE-2006-2286,(no title),0.864034
5,buffer underflow in font parsing component,hybrid,3,CVE-2026-28808,ScriptAlias CGI targets bypass directory auth in inets httpd (mod_auth vs mod_cgi path mismatch),0.859709
5,buffer underflow in font parsing component,hybrid,4,CVE-2013-6987,(no title),0.859044
5,buffer underflow in font parsing component,hybrid,5,CVE-2024-56549,cachefiles: Fix NULL pointer dereference in object->file,0.856638
5,buffer underflow in font parsing component,hybrid,6,CVE-2013-6456,(no title),0.855171
5,buffer underflow in font parsing component,hybrid,7,CVE-2022-35899,(no title),0.854452
5,buffer underflow in font parsing component,hybrid,8,CVE-2024-39469,nilfs2: fix nilfs_empty_dir() misjudgment and long loop on I/O errors,0.851964
5,buffer underflow in font parsing component,hybrid,9,CVE-2021-27692,(no title),0.850184
5,buffer underflow in font parsing component,hybrid,10,CVE-2026-24516,(no title),0.849522
5,buffer underflow in font parsing component,hybrid,11,CVE-2022-39959,(no title),0.849488
5,buffer underflow in font parsing component,hybrid,12,CVE-2020-26880,(no title),0.849471
5,buffer underflow in font parsing component,hybrid,13,CVE-2025-67366,(no title),0.847386
5,buffer underflow in font parsing component,hybrid,14,CVE-2024-36056,(no title),0.846538
5,buffer underflow in font parsing component,hybrid,15,CVE-2009-3556,(no title),0.846392
5,buffer underflow in font parsing component,hybrid,16,CVE-2023-54202,drm/i915: fix race condition UAF in i915_perf_add_config_ioctl,0.845783
5,buffer underflow in font parsing component,hybrid,17,CVE-2022-50878,gpu: lontium-lt9611: Fix NULL pointer dereference in lt9611_connector_init(),0.845052
5,buffer underflow in font parsing component,hybrid,18,CVE-2009-5081,(no title),0.844823
5,buffer underflow in font parsing component,hybrid,19,CVE-2025-37785,ext4: fix OOB read when checking dotdot dir,0.844803
5,buffer underflow in font parsing component,hybrid,20,CVE-2009-3163,(no title),0.844764
5,buffer underflow in font parsing component,hybrid,21,CVE-2023-41044,Partial path traversal vulnerability in Support Bundle feature of Graylog,0.844056
5,buffer underflow in font parsing component,hybrid,22,CVE-2025-62156,argo-workflows Zip Slip path traversal allows arbitrary file write and container configuration overwrite,0.844049
5,buffer underflow in font parsing component,hybrid,23,CVE-2022-47631,(no title),0.843902
5,buffer underflow in font parsing component,hybrid,24,CVE-2008-4728,(no title),0.843881
5,buffer underflow in font parsing component,hybrid,25,CVE-2008-7262,(no title),0.843876
5,buffer underflow in font parsing component,taumode,1,CVE-2013-6987,(no title),0.916129
5,buffer underflow in font parsing component,taumode,2,CVE-2022-35899,(no title),0.912488
5,buffer underflow in font parsing component,taumode,3,CVE-2024-39469,nilfs2: fix nilfs_empty_dir() misjudgment and long loop on I/O errors,0.911616
5,buffer underflow in font parsing component,taumode,4,CVE-2013-6456,(no title),0.910816
5,buffer underflow in font parsing component,taumode,5,CVE-2006-2286,(no title),0.909967
5,buffer underflow in font parsing component,taumode,6,CVE-2009-5081,(no title),0.909378
5,buffer underflow in font parsing component,taumode,7,CVE-2024-36056,(no title),0.909324
5,buffer underflow in font parsing component,taumode,8,CVE-2006-5677,(no title),0.908938
5,buffer underflow in font parsing component,taumode,9,CVE-2026-28808,ScriptAlias CGI targets bypass directory auth in inets httpd (mod_auth vs mod_cgi path mismatch),0.908796
5,buffer underflow in font parsing component,taumode,10,CVE-2008-7262,(no title),0.908529
5,buffer underflow in font parsing component,taumode,11,CVE-2022-50878,gpu: lontium-lt9611: Fix NULL pointer dereference in lt9611_connector_init(),0.908034
5,buffer underflow in font parsing component,taumode,12,CVE-2025-38625,vfio/pds: Fix missing detach_ioas op,0.908016
5,buffer underflow in font parsing component,taumode,13,CVE-2020-13164,(no title),0.907803
5,buffer underflow in font parsing component,taumode,14,CVE-2024-56549,cachefiles: Fix NULL pointer dereference in object->file,0.907296
5,buffer underflow in font parsing component,taumode,15,CVE-2009-3556,(no title),0.907046
5,buffer underflow in font parsing component,taumode,16,CVE-2021-27692,(no title),0.906124
5,buffer underflow in font parsing component,taumode,17,CVE-2026-31611,ksmbd: require 3 sub-authorities before reading sub_auth[2],0.905971
5,buffer underflow in font parsing component,taumode,18,CVE-2011-0959,(no title),0.905939
5,buffer underflow in font parsing component,taumode,19,CVE-2019-0071,"Junos OS: EX2300, EX3400 Series: Veriexec signature checking not enforced in specific versions of Junos OS",0.905837
5,buffer underflow in font parsing component,taumode,20,CVE-2024-35857,icmp: prevent possible NULL dereferences from icmp_build_probe(),0.905583
5,buffer underflow in font parsing component,taumode,21,CVE-2007-0274,(no title),0.905117
5,buffer underflow in font parsing component,taumode,22,CVE-2008-4155,(no title),0.904659
5,buffer underflow in font parsing component,taumode,23,CVE-2009-3304,(no title),0.904406
5,buffer underflow in font parsing component,taumode,24,CVE-2022-25412,(no title),0.904220
5,buffer underflow in font parsing component,taumode,25,CVE-2025-22094,powerpc/perf: Fix ref-counting on the PMU 'vpa_pmu',0.904033
6,out-of-bounds read in PDF rendering engine,Cosine,1,CVE-2025-71183,btrfs: always detect conflicting inodes when logging inode refs,0.813034
6,out-of-bounds read in PDF rendering engine,Cosine,2,CVE-2025-21688,drm/v3d: Assign job pointer to NULL before signaling the fence,0.812385
6,out-of-bounds read in PDF rendering engine,Cosine,3,CVE-2022-48756,drm/msm/dsi: invalid parameter check in msm_dsi_phy_enable,0.811670
6,out-of-bounds read in PDF rendering engine,Cosine,4,CVE-2024-47741,btrfs: fix race setting file private on concurrent lseek using same fd,0.809298
6,out-of-bounds read in PDF rendering engine,Cosine,5,CVE-2025-38060,bpf: copy_verifier_state() should copy 'loop_entry' field,0.807220
6,out-of-bounds read in PDF rendering engine,Cosine,6,CVE-2025-62156,argo-workflows Zip Slip path traversal allows arbitrary file write and container configuration overwrite,0.806162
6,out-of-bounds read in PDF rendering engine,Cosine,7,CVE-2013-4159,(no title),0.802762
6,out-of-bounds read in PDF rendering engine,Cosine,8,CVE-2024-56755,netfs/fscache: Add a memory barrier for FSCACHE_VOLUME_CREATING,0.802240
6,out-of-bounds read in PDF rendering engine,Cosine,9,CVE-2022-50255,tracing: Fix reading strings from synthetic events,0.801838
6,out-of-bounds read in PDF rendering engine,Cosine,10,CVE-2025-37785,ext4: fix OOB read when checking dotdot dir,0.801439
6,out-of-bounds read in PDF rendering engine,Cosine,11,CVE-2022-49834,nilfs2: fix use-after-free bug of ns_writer on remount,0.800276
6,out-of-bounds read in PDF rendering engine,Cosine,12,CVE-2022-48749,drm/msm/dpu: invalid parameter check in dpu_setup_dspp_pcc,0.798955
6,out-of-bounds read in PDF rendering engine,Cosine,13,CVE-2006-5677,(no title),0.798303
6,out-of-bounds read in PDF rendering engine,Cosine,14,CVE-2023-53503,ext4: allow ext4_get_group_info() to fail,0.797995
6,out-of-bounds read in PDF rendering engine,Cosine,15,CVE-2024-53201,drm/amd/display: Fix null check for pipe_ctx->plane_state in dcn20_program_pipe,0.797558
6,out-of-bounds read in PDF rendering engine,Cosine,16,CVE-2023-4759,Improper handling of case insensitive filesystems in Eclipse JGit allows arbitrary file write,0.797487
6,out-of-bounds read in PDF rendering engine,Cosine,17,CVE-2023-54080,btrfs: zoned: skip splitting and logical rewriting on pre-alloc write,0.797339
6,out-of-bounds read in PDF rendering engine,Cosine,18,CVE-2023-52587,IB/ipoib: Fix mcast list locking,0.796998
6,out-of-bounds read in PDF rendering engine,Cosine,19,CVE-2023-53476,iw_cxgb4: Fix potential NULL dereference in c4iw_fill_res_cm_id_entry(),0.796906
6,out-of-bounds read in PDF rendering engine,Cosine,20,CVE-2023-53664,OPP: Fix potential null ptr dereference in dev_pm_opp_get_required_pstate(),0.796092
6,out-of-bounds read in PDF rendering engine,Cosine,21,CVE-2023-52473,thermal: core: Fix NULL pointer dereference in zone registration error path,0.796061
6,out-of-bounds read in PDF rendering engine,Cosine,22,CVE-2024-43886,drm/amd/display: Add null check in resource_log_pipe_topology_update,0.795482
6,out-of-bounds read in PDF rendering engine,Cosine,23,CVE-2024-46733,btrfs: fix qgroup reserve leaks in cow_file_range,0.794631
6,out-of-bounds read in PDF rendering engine,Cosine,24,CVE-2023-54002,btrfs: fix assertion of exclop condition when starting balance,0.794570
6,out-of-bounds read in PDF rendering engine,Cosine,25,CVE-2024-49914,drm/amd/display: Add null check for pipe_ctx->plane_state in dcn20_program_pipe,0.794488
6,out-of-bounds read in PDF rendering engine,hybrid,1,CVE-2025-71183,btrfs: always detect conflicting inodes when logging inode refs,0.865370
6,out-of-bounds read in PDF rendering engine,hybrid,2,CVE-2025-21688,drm/v3d: Assign job pointer to NULL before signaling the fence,0.864876
6,out-of-bounds read in PDF rendering engine,hybrid,3,CVE-2022-48756,drm/msm/dsi: invalid parameter check in msm_dsi_phy_enable,0.864374
6,out-of-bounds read in PDF rendering engine,hybrid,4,CVE-2024-47741,btrfs: fix race setting file private on concurrent lseek using same fd,0.862693
6,out-of-bounds read in PDF rendering engine,hybrid,5,CVE-2025-38060,bpf: copy_verifier_state() should copy 'loop_entry' field,0.861195
6,out-of-bounds read in PDF rendering engine,hybrid,6,CVE-2025-62156,argo-workflows Zip Slip path traversal allows arbitrary file write and container configuration overwrite,0.860407
6,out-of-bounds read in PDF rendering engine,hybrid,7,CVE-2013-4159,(no title),0.857954
6,out-of-bounds read in PDF rendering engine,hybrid,8,CVE-2024-56755,netfs/fscache: Add a memory barrier for FSCACHE_VOLUME_CREATING,0.857594
6,out-of-bounds read in PDF rendering engine,hybrid,9,CVE-2022-50255,tracing: Fix reading strings from synthetic events,0.857318
6,out-of-bounds read in PDF rendering engine,hybrid,10,CVE-2025-37785,ext4: fix OOB read when checking dotdot dir,0.857020
6,out-of-bounds read in PDF rendering engine,hybrid,11,CVE-2022-49834,nilfs2: fix use-after-free bug of ns_writer on remount,0.856175
6,out-of-bounds read in PDF rendering engine,hybrid,12,CVE-2022-48749,drm/msm/dpu: invalid parameter check in dpu_setup_dspp_pcc,0.855226
6,out-of-bounds read in PDF rendering engine,hybrid,13,CVE-2023-53503,ext4: allow ext4_get_group_info() to fail,0.854501
6,out-of-bounds read in PDF rendering engine,hybrid,14,CVE-2024-53201,drm/amd/display: Fix null check for pipe_ctx->plane_state in dcn20_program_pipe,0.854223
6,out-of-bounds read in PDF rendering engine,hybrid,15,CVE-2023-4759,Improper handling of case insensitive filesystems in Eclipse JGit allows arbitrary file write,0.854163
6,out-of-bounds read in PDF rendering engine,hybrid,16,CVE-2023-54080,btrfs: zoned: skip splitting and logical rewriting on pre-alloc write,0.854062
6,out-of-bounds read in PDF rendering engine,hybrid,17,CVE-2023-52587,IB/ipoib: Fix mcast list locking,0.853791
6,out-of-bounds read in PDF rendering engine,hybrid,18,CVE-2023-53476,iw_cxgb4: Fix potential NULL dereference in c4iw_fill_res_cm_id_entry(),0.853738
6,out-of-bounds read in PDF rendering engine,hybrid,19,CVE-2023-52473,thermal: core: Fix NULL pointer dereference in zone registration error path,0.853155
6,out-of-bounds read in PDF rendering engine,hybrid,20,CVE-2024-43886,drm/amd/display: Add null check in resource_log_pipe_topology_update,0.852721
6,out-of-bounds read in PDF rendering engine,hybrid,21,CVE-2024-46733,btrfs: fix qgroup reserve leaks in cow_file_range,0.852111
6,out-of-bounds read in PDF rendering engine,hybrid,22,CVE-2023-54002,btrfs: fix assertion of exclop condition when starting balance,0.852061
6,out-of-bounds read in PDF rendering engine,hybrid,23,CVE-2024-49914,drm/amd/display: Add null check for pipe_ctx->plane_state in dcn20_program_pipe,0.851997
6,out-of-bounds read in PDF rendering engine,hybrid,24,CVE-2025-66002,Local users can perform arbitrary unmounts via smb4k mount helper due to lack of input validation,0.851408
6,out-of-bounds read in PDF rendering engine,hybrid,25,CVE-2022-48931,"configfs: fix a race in configfs_{,un}register_subsystem()",0.851288
6,out-of-bounds read in PDF rendering engine,taumode,1,CVE-2025-71183,btrfs: always detect conflicting inodes when logging inode refs,0.921445
6,out-of-bounds read in PDF rendering engine,taumode,2,CVE-2025-21688,drm/v3d: Assign job pointer to NULL before signaling the fence,0.921117
6,out-of-bounds read in PDF rendering engine,taumode,3,CVE-2022-48756,drm/msm/dsi: invalid parameter check in msm_dsi_phy_enable,0.920843
6,out-of-bounds read in PDF rendering engine,taumode,4,CVE-2024-47741,btrfs: fix race setting file private on concurrent lseek using same fd,0.919901
6,out-of-bounds read in PDF rendering engine,taumode,5,CVE-2025-38060,bpf: copy_verifier_state() should copy 'loop_entry' field,0.919025
6,out-of-bounds read in PDF rendering engine,taumode,6,CVE-2025-62156,argo-workflows Zip Slip path traversal allows arbitrary file write and container configuration overwrite,0.918527
6,out-of-bounds read in PDF rendering engine,taumode,7,CVE-2013-4159,(no title),0.917087
6,out-of-bounds read in PDF rendering engine,taumode,8,CVE-2024-56755,netfs/fscache: Add a memory barrier for FSCACHE_VOLUME_CREATING,0.916902
6,out-of-bounds read in PDF rendering engine,taumode,9,CVE-2022-50255,tracing: Fix reading strings from synthetic events,0.916760
6,out-of-bounds read in PDF rendering engine,taumode,10,CVE-2025-37785,ext4: fix OOB read when checking dotdot dir,0.916572
6,out-of-bounds read in PDF rendering engine,taumode,11,CVE-2022-49834,nilfs2: fix use-after-free bug of ns_writer on remount,0.916067
6,out-of-bounds read in PDF rendering engine,taumode,12,CVE-2022-48749,drm/msm/dpu: invalid parameter check in dpu_setup_dspp_pcc,0.915517
6,out-of-bounds read in PDF rendering engine,taumode,13,CVE-2023-53503,ext4: allow ext4_get_group_info() to fail,0.915042
6,out-of-bounds read in PDF rendering engine,taumode,14,CVE-2024-53201,drm/amd/display: Fix null check for pipe_ctx->plane_state in dcn20_program_pipe,0.914935
6,out-of-bounds read in PDF rendering engine,taumode,15,CVE-2023-4759,Improper handling of case insensitive filesystems in Eclipse JGit allows arbitrary file write,0.914887
6,out-of-bounds read in PDF rendering engine,taumode,16,CVE-2023-54080,btrfs: zoned: skip splitting and logical rewriting on pre-alloc write,0.914837
6,out-of-bounds read in PDF rendering engine,taumode,17,CVE-2023-52587,IB/ipoib: Fix mcast list locking,0.914641
6,out-of-bounds read in PDF rendering engine,taumode,18,CVE-2023-53476,iw_cxgb4: Fix potential NULL dereference in c4iw_fill_res_cm_id_entry(),0.914629
6,out-of-bounds read in PDF rendering engine,taumode,19,CVE-2023-52473,thermal: core: Fix NULL pointer dereference in zone registration error path,0.914328
6,out-of-bounds read in PDF rendering engine,taumode,20,CVE-2024-43886,drm/amd/display: Add null check in resource_log_pipe_topology_update,0.914048
6,out-of-bounds read in PDF rendering engine,taumode,21,CVE-2024-46733,btrfs: fix qgroup reserve leaks in cow_file_range,0.913696
6,out-of-bounds read in PDF rendering engine,taumode,22,CVE-2023-54002,btrfs: fix assertion of exclop condition when starting balance,0.913659
6,out-of-bounds read in PDF rendering engine,taumode,23,CVE-2024-49914,drm/amd/display: Add null check for pipe_ctx->plane_state in dcn20_program_pipe,0.913613
6,out-of-bounds read in PDF rendering engine,taumode,24,CVE-2025-66002,Local users can perform arbitrary unmounts via smb4k mount helper due to lack of input validation,0.913276
6,out-of-bounds read in PDF rendering engine,taumode,25,CVE-2022-48931,"configfs: fix a race in configfs_{,un}register_subsystem()",0.913205
7,LDAP injection in enterprise directory search feature,Cosine,1,CVE-2020-36151,(no title),0.776264
7,LDAP injection in enterprise directory search feature,Cosine,2,CVE-2025-22920,(no title),0.772808
7,LDAP injection in enterprise directory search feature,Cosine,3,CVE-2021-30019,(no title),0.768191
7,LDAP injection in enterprise directory search feature,Cosine,4,CVE-2020-36150,(no title),0.760061
7,LDAP injection in enterprise directory search feature,Cosine,5,CVE-2024-32620,(no title),0.754219
7,LDAP injection in enterprise directory search feature,Cosine,6,CVE-2017-11532,(no title),0.752852
7,LDAP injection in enterprise directory search feature,Cosine,7,CVE-2017-13135,(no title),0.751183
7,LDAP injection in enterprise directory search feature,Cosine,8,CVE-2021-44920,(no title),0.749102
7,LDAP injection in enterprise directory search feature,Cosine,9,CVE-2022-49249,ASoC: codecs: wc938x: fix accessing array out of bounds for enum type,0.748969
7,LDAP injection in enterprise directory search feature,Cosine,10,CVE-2025-37816,mei: vsc: Fix fortify-panic caused by invalid counted_by() use,0.746848
7,LDAP injection in enterprise directory search feature,Cosine,11,CVE-2024-29161,(no title),0.746383
7,LDAP injection in enterprise directory search feature,Cosine,12,CVE-2020-14212,(no title),0.745798
7,LDAP injection in enterprise directory search feature,Cosine,13,CVE-2024-32618,(no title),0.745269
7,LDAP injection in enterprise directory search feature,Cosine,14,CVE-2019-19959,(no title),0.744722
7,LDAP injection in enterprise directory search feature,Cosine,15,CVE-2022-50390,drm/ttm: fix undefined behavior in bit shift for TTM_TT_FLAG_PRIV_POPULATED,0.744253
7,LDAP injection in enterprise directory search feature,Cosine,16,CVE-2024-29163,(no title),0.744194
7,LDAP injection in enterprise directory search feature,Cosine,17,CVE-2019-19958,(no title),0.744167
7,LDAP injection in enterprise directory search feature,Cosine,18,CVE-2024-29157,(no title),0.743427
7,LDAP injection in enterprise directory search feature,Cosine,19,CVE-2025-51089,(no title),0.743043
7,LDAP injection in enterprise directory search feature,Cosine,20,CVE-2023-53679,wifi: mt7601u: fix an integer underflow,0.742954
7,LDAP injection in enterprise directory search feature,Cosine,21,CVE-2024-35369,(no title),0.742582
7,LDAP injection in enterprise directory search feature,Cosine,22,CVE-2024-32619,(no title),0.742367
7,LDAP injection in enterprise directory search feature,Cosine,23,CVE-2024-33875,(no title),0.742111
7,LDAP injection in enterprise directory search feature,Cosine,24,CVE-2024-32621,(no title),0.741750
7,LDAP injection in enterprise directory search feature,Cosine,25,CVE-2012-4412,(no title),0.741635
7,LDAP injection in enterprise directory search feature,hybrid,1,CVE-2020-36151,(no title),0.838850
7,LDAP injection in enterprise directory search feature,hybrid,2,CVE-2025-22920,(no title),0.836396
7,LDAP injection in enterprise directory search feature,hybrid,3,CVE-2021-30019,(no title),0.833024
7,LDAP injection in enterprise directory search feature,hybrid,4,CVE-2020-36150,(no title),0.827186
7,LDAP injection in enterprise directory search feature,hybrid,5,CVE-2017-11532,(no title),0.822004
7,LDAP injection in enterprise directory search feature,hybrid,6,CVE-2017-13135,(no title),0.820832
7,LDAP injection in enterprise directory search feature,hybrid,7,CVE-2021-44920,(no title),0.819268
7,LDAP injection in enterprise directory search feature,hybrid,8,CVE-2022-49249,ASoC: codecs: wc938x: fix accessing array out of bounds for enum type,0.819190
7,LDAP injection in enterprise directory search feature,hybrid,9,CVE-2019-19959,(no title),0.816113
7,LDAP injection in enterprise directory search feature,hybrid,10,CVE-2024-29163,(no title),0.815763
7,LDAP injection in enterprise directory search feature,hybrid,11,CVE-2019-19958,(no title),0.815752
7,LDAP injection in enterprise directory search feature,hybrid,12,CVE-2024-29157,(no title),0.815209
7,LDAP injection in enterprise directory search feature,hybrid,13,CVE-2025-51089,(no title),0.814920
7,LDAP injection in enterprise directory search feature,hybrid,14,CVE-2023-53679,wifi: mt7601u: fix an integer underflow,0.814850
7,LDAP injection in enterprise directory search feature,hybrid,15,CVE-2024-35369,(no title),0.814611
7,LDAP injection in enterprise directory search feature,hybrid,16,CVE-2024-32621,(no title),0.814036
7,LDAP injection in enterprise directory search feature,hybrid,17,CVE-2012-4412,(no title),0.813937
7,LDAP injection in enterprise directory search feature,hybrid,18,CVE-2018-6485,(no title),0.813265
7,LDAP injection in enterprise directory search feature,hybrid,19,CVE-2024-33876,(no title),0.812908
7,LDAP injection in enterprise directory search feature,hybrid,20,CVE-2024-38950,(no title),0.812554
7,LDAP injection in enterprise directory search feature,hybrid,21,CVE-2017-14630,(no title),0.812151
7,LDAP injection in enterprise directory search feature,hybrid,22,CVE-2022-44840,(no title),0.812083
7,LDAP injection in enterprise directory search feature,hybrid,23,CVE-2023-51773,(no title),0.811475
7,LDAP injection in enterprise directory search feature,hybrid,24,CVE-2021-32136,(no title),0.811399
7,LDAP injection in enterprise directory search feature,hybrid,25,CVE-2018-14072,(no title),0.811348
7,LDAP injection in enterprise directory search feature,taumode,1,CVE-2020-36151,(no title),0.905906
7,LDAP injection in enterprise directory search feature,taumode,2,CVE-2025-22920,(no title),0.904527
7,LDAP injection in enterprise directory search feature,taumode,3,CVE-2021-30019,(no title),0.902488
7,LDAP injection in enterprise directory search feature,taumode,4,CVE-2020-36150,(no title),0.899106
7,LDAP injection in enterprise directory search feature,taumode,5,CVE-2017-11532,(no title),0.896095
7,LDAP injection in enterprise directory search feature,taumode,6,CVE-2017-13135,(no title),0.895455
7,LDAP injection in enterprise directory search feature,taumode,7,CVE-2021-44920,(no title),0.894447
7,LDAP injection in enterprise directory search feature,taumode,8,CVE-2022-49249,ASoC: codecs: wc938x: fix accessing array out of bounds for enum type,0.894426
7,LDAP injection in enterprise directory search feature,taumode,9,CVE-2019-19959,(no title),0.892603
7,LDAP injection in enterprise directory search feature,taumode,10,CVE-2019-19958,(no title),0.892451
7,LDAP injection in enterprise directory search feature,taumode,11,CVE-2024-29163,(no title),0.892445
7,LDAP injection in enterprise directory search feature,taumode,12,CVE-2024-29157,(no title),0.892118
7,LDAP injection in enterprise directory search feature,taumode,13,CVE-2025-51089,(no title),0.891931
7,LDAP injection in enterprise directory search feature,taumode,14,CVE-2023-53679,wifi: mt7601u: fix an integer underflow,0.891880
7,LDAP injection in enterprise directory search feature,taumode,15,CVE-2024-35369,(no title),0.891785
7,LDAP injection in enterprise directory search feature,taumode,16,CVE-2024-32621,(no title),0.891485
7,LDAP injection in enterprise directory search feature,taumode,17,CVE-2012-4412,(no title),0.891402
7,LDAP injection in enterprise directory search feature,taumode,18,CVE-2018-6485,(no title),0.890960
7,LDAP injection in enterprise directory search feature,taumode,19,CVE-2024-33876,(no title),0.890812
7,LDAP injection in enterprise directory search feature,taumode,20,CVE-2024-38950,(no title),0.890495
7,LDAP injection in enterprise directory search feature,taumode,21,CVE-2022-44840,(no title),0.890276
7,LDAP injection in enterprise directory search feature,taumode,22,CVE-2017-14630,(no title),0.890264
7,LDAP injection in enterprise directory search feature,taumode,23,CVE-2023-51773,(no title),0.889982
7,LDAP injection in enterprise directory search feature,taumode,24,CVE-2021-47501,i40e: Fix NULL pointer dereference in i40e_dbg_dump_desc,0.889903
7,LDAP injection in enterprise directory search feature,taumode,25,CVE-2021-32136,(no title),0.889891
8,local privilege escalation via race condition in kernel,Cosine,1,CVE-2026-25125,October CMS: Environment Variable Exfiltration via INI Parser Interpolation,0.896476
8,local privilege escalation via race condition in kernel,Cosine,2,CVE-2025-62427,Server-Side Request Forgery (SSRF) in Angular SSR,0.889959
8,local privilege escalation via race condition in kernel,Cosine,3,CVE-2024-55950,Tabby has a TCC Bypass via Unnecessary Permissive Entitlements in Tabby,0.888914
8,local privilege escalation via race condition in kernel,Cosine,4,CVE-2026-24048,Backstage has a Possible SSRF when reading from allowed URL's in `backend.reading.allow`,0.885379
8,local privilege escalation via race condition in kernel,Cosine,5,CVE-2026-41325,"Kirby is vulnerable to authorization bypass during page, file and user creation via blueprint injection",0.883019
8,local privilege escalation via race condition in kernel,Cosine,6,CVE-2026-24047,@backstage/cli-common has a possible `resolveSafeChildPath` Symlink Chain Bypass,0.882506
8,local privilege escalation via race condition in kernel,Cosine,7,CVE-2023-38490,Kirby XML External Entity (XXE) vulnerability in the XML data handler,0.882422
8,local privilege escalation via race condition in kernel,Cosine,8,CVE-2026-3335,Canto <= 3.1.1 - Missing Authorization to Unauthenticated File Upload,0.882116
8,local privilege escalation via race condition in kernel,Cosine,9,CVE-2026-33454,Apache Camel: Inbound Header Filter Missing in MailHeaderFilterStrategy Allows Remote Code Execution via MIME Header Injection (CVE-2025-30177 Variant),0.881233
8,local privilege escalation via race condition in kernel,Cosine,10,CVE-2025-59154,Openfire allows potential identity spoofing via unsafe CN parsing,0.880626
8,local privilege escalation via race condition in kernel,Cosine,11,CVE-2016-4948,(no title),0.880109
8,local privilege escalation via race condition in kernel,Cosine,12,CVE-2026-24749,Silverstripe Assets Module has a DBFile::getURL() permission bypass,0.879863
8,local privilege escalation via race condition in kernel,Cosine,13,CVE-2026-41246,Contour: Lua code injection via Cookie Path Rewrite Policy,0.879548
8,local privilege escalation via race condition in kernel,Cosine,14,CVE-2026-33990,Docker Model Runner OCI Registry Client Vulnerable to Server-Side Request Forgery (SSRF),0.879391
8,local privilege escalation via race condition in kernel,Cosine,15,CVE-2026-24046,Backstage has a Possible Symlink Path Traversal in Scaffolder Actions,0.879369
8,local privilege escalation via race condition in kernel,Cosine,16,CVE-2026-22850,Koko Analytics vulnerable to arbitrary SQL execution through unescaped analytics export/import and permissive admin SQL import,0.878598
8,local privilege escalation via race condition in kernel,Cosine,17,CVE-2026-24070,Local Privilege Escalation via DYLIB Injection in Native Instruments Native Access,0.878176
8,local privilege escalation via race condition in kernel,Cosine,18,CVE-2007-0056,(no title),0.877964
8,local privilege escalation via race condition in kernel,Cosine,19,CVE-2006-2349,(no title),0.877870
8,local privilege escalation via race condition in kernel,Cosine,20,CVE-2014-2385,(no title),0.877093
8,local privilege escalation via race condition in kernel,Cosine,21,CVE-2026-32892,OS Command Injection in Chamilo LMS 1.11.36,0.877058
8,local privilege escalation via race condition in kernel,Cosine,22,CVE-2016-4469,(no title),0.876925
8,local privilege escalation via race condition in kernel,Cosine,23,CVE-2006-0757,(no title),0.876729
8,local privilege escalation via race condition in kernel,Cosine,24,CVE-2025-63690,(no title),0.876704
8,local privilege escalation via race condition in kernel,Cosine,25,CVE-2026-31823,Sylius has Authenticated Stored XSS,0.876455
8,local privilege escalation via race condition in kernel,hybrid,1,CVE-2007-0056,(no title),0.897805
8,local privilege escalation via race condition in kernel,hybrid,2,CVE-2007-0186,(no title),0.896717
8,local privilege escalation via race condition in kernel,hybrid,3,CVE-2009-2587,(no title),0.896192
8,local privilege escalation via race condition in kernel,hybrid,4,CVE-2015-2144,(no title),0.895237
8,local privilege escalation via race condition in kernel,hybrid,5,CVE-2023-50291,Apache Solr: System Property redaction logic inconsistency can lead to leaked passwords,0.894409
8,local privilege escalation via race condition in kernel,hybrid,6,CVE-2014-5104,(no title),0.894391
8,local privilege escalation via race condition in kernel,hybrid,7,CVE-2009-3017,(no title),0.893923
8,local privilege escalation via race condition in kernel,hybrid,8,CVE-2009-4571,(no title),0.893917
8,local privilege escalation via race condition in kernel,hybrid,9,CVE-2008-4356,(no title),0.893770
8,local privilege escalation via race condition in kernel,hybrid,10,CVE-2014-9619,(no title),0.892889
8,local privilege escalation via race condition in kernel,hybrid,11,CVE-2006-6268,(no title),0.892205
8,local privilege escalation via race condition in kernel,hybrid,12,CVE-2013-4753,(no title),0.891331
8,local privilege escalation via race condition in kernel,hybrid,13,CVE-2010-3303,(no title),0.890157
8,local privilege escalation via race condition in kernel,hybrid,14,CVE-2012-3468,(no title),0.889779
8,local privilege escalation via race condition in kernel,hybrid,15,CVE-2015-1394,(no title),0.889520
8,local privilege escalation via race condition in kernel,hybrid,16,CVE-2008-1606,(no title),0.889370
8,local privilege escalation via race condition in kernel,hybrid,17,CVE-2009-2218,(no title),0.889352
8,local privilege escalation via race condition in kernel,hybrid,18,CVE-2009-4250,(no title),0.888950
8,local privilege escalation via race condition in kernel,hybrid,19,CVE-2022-34199,(no title),0.888707
8,local privilege escalation via race condition in kernel,hybrid,20,CVE-2013-6267,(no title),0.888695
8,local privilege escalation via race condition in kernel,hybrid,21,CVE-2005-1823,(no title),0.887957
8,local privilege escalation via race condition in kernel,hybrid,22,CVE-2014-3111,(no title),0.887769
8,local privilege escalation via race condition in kernel,hybrid,23,CVE-2012-2436,(no title),0.887713
8,local privilege escalation via race condition in kernel,hybrid,24,CVE-2012-4278,(no title),0.887094
8,local privilege escalation via race condition in kernel,hybrid,25,CVE-2004-1937,(no title),0.887007
8,local privilege escalation via race condition in kernel,taumode,1,CVE-2009-2587,(no title),0.938520
8,local privilege escalation via race condition in kernel,taumode,2,CVE-2013-4753,(no title),0.936475
8,local privilege escalation via race condition in kernel,taumode,3,CVE-2006-6268,(no title),0.935399
8,local privilege escalation via race condition in kernel,taumode,4,CVE-2015-2144,(no title),0.935371
8,local privilege escalation via race condition in kernel,taumode,5,CVE-2008-1606,(no title),0.934804
8,local privilege escalation via race condition in kernel,taumode,6,CVE-2012-3468,(no title),0.934747
8,local privilege escalation via race condition in kernel,taumode,7,CVE-2008-4356,(no title),0.934734
8,local privilege escalation via race condition in kernel,taumode,8,CVE-2015-1394,(no title),0.934400
8,local privilege escalation via race condition in kernel,taumode,9,CVE-2022-34199,(no title),0.933312
8,local privilege escalation via race condition in kernel,taumode,10,CVE-2023-50291,Apache Solr: System Property redaction logic inconsistency can lead to leaked passwords,0.932692
8,local privilege escalation via race condition in kernel,taumode,11,CVE-2012-4278,(no title),0.931522
8,local privilege escalation via race condition in kernel,taumode,12,CVE-2012-2436,(no title),0.931489
8,local privilege escalation via race condition in kernel,taumode,13,CVE-2003-1204,(no title),0.931222
8,local privilege escalation via race condition in kernel,taumode,14,CVE-2021-21681,(no title),0.930846
8,local privilege escalation via race condition in kernel,taumode,15,CVE-2014-5104,(no title),0.930765
8,local privilege escalation via race condition in kernel,taumode,16,CVE-2004-1937,(no title),0.930545
8,local privilege escalation via race condition in kernel,taumode,17,CVE-2005-1823,(no title),0.929572
8,local privilege escalation via race condition in kernel,taumode,18,CVE-2007-6147,(no title),0.929457
8,local privilege escalation via race condition in kernel,taumode,19,CVE-2013-6267,(no title),0.929332
8,local privilege escalation via race condition in kernel,taumode,20,CVE-2007-2358,(no title),0.929263
8,local privilege escalation via race condition in kernel,taumode,21,CVE-2008-3058,(no title),0.929076
8,local privilege escalation via race condition in kernel,taumode,22,CVE-2005-1292,(no title),0.928901
8,local privilege escalation via race condition in kernel,taumode,23,CVE-2018-8805,(no title),0.928765
8,local privilege escalation via race condition in kernel,taumode,24,CVE-2023-5243,Login screen manager <= 3.5.2 - Admin+ Stored XSS,0.928429
8,local privilege escalation via race condition in kernel,taumode,25,CVE-2019-17599,(no title),0.928406
9,host header injection in password reset workflow,Cosine,1,CVE-2012-2090,(no title),0.824726
9,host header injection in password reset workflow,Cosine,2,CVE-2022-50255,tracing: Fix reading strings from synthetic events,0.824462
9,host header injection in password reset workflow,Cosine,3,CVE-2021-35975,(no title),0.824323
9,host header injection in password reset workflow,Cosine,4,CVE-2022-49221,drm/msm/dp: populate connector of struct dp_panel,0.821271
9,host header injection in password reset workflow,Cosine,5,CVE-2026-24516,(no title),0.821128
9,host header injection in password reset workflow,Cosine,6,CVE-2025-63390,(no title),0.818279
9,host header injection in password reset workflow,Cosine,7,CVE-2026-32284,Denial of service in github.com/shamaton/msgpack,0.818152
9,host header injection in password reset workflow,Cosine,8,CVE-2024-47702,bpf: Fail verification for sign-extension of packet data/data_end/data_meta,0.816264
9,host header injection in password reset workflow,Cosine,9,CVE-2019-5105,(no title),0.816106
9,host header injection in password reset workflow,Cosine,10,CVE-2023-22958,(no title),0.816084
9,host header injection in password reset workflow,Cosine,11,CVE-2022-44572,(no title),0.814336
9,host header injection in password reset workflow,Cosine,12,CVE-2025-12194,(no title),0.813666
9,host header injection in password reset workflow,Cosine,13,CVE-2025-28076,(no title),0.813245
9,host header injection in password reset workflow,Cosine,14,CVE-2024-26616,btrfs: scrub: avoid use-after-free when chunk length is not 64K aligned,0.812990
9,host header injection in password reset workflow,Cosine,15,CVE-2006-4118,(no title),0.812674
9,host header injection in password reset workflow,Cosine,16,CVE-2018-8897,(no title),0.812671
9,host header injection in password reset workflow,Cosine,17,CVE-2016-4350,(no title),0.812278
9,host header injection in password reset workflow,Cosine,18,CVE-2024-50281,KEYS: trusted: dcp: fix NULL dereference in AEAD crypto operation,0.811900
9,host header injection in password reset workflow,Cosine,19,CVE-2016-9167,(no title),0.811660
9,host header injection in password reset workflow,Cosine,20,CVE-2006-5478,(no title),0.811619
9,host header injection in password reset workflow,Cosine,21,CVE-2023-52920,bpf: support non-r10 register spill/fill to/from stack in precision tracking,0.811079
9,host header injection in password reset workflow,Cosine,22,CVE-2015-4555,(no title),0.810441
9,host header injection in password reset workflow,Cosine,23,CVE-2021-40261,(no title),0.810367
9,host header injection in password reset workflow,Cosine,24,CVE-2019-9013,(no title),0.810234
9,host header injection in password reset workflow,Cosine,25,CVE-2025-71270,LoongArch: Enable exception fixup for specific ADE subcode,0.810095
9,host header injection in password reset workflow,hybrid,1,CVE-2022-50255,tracing: Fix reading strings from synthetic events,0.873593
9,host header injection in password reset workflow,hybrid,2,CVE-2021-35975,(no title),0.873491
9,host header injection in password reset workflow,hybrid,3,CVE-2022-49221,drm/msm/dp: populate connector of struct dp_panel,0.871275
9,host header injection in password reset workflow,hybrid,4,CVE-2025-63390,(no title),0.869091
9,host header injection in password reset workflow,hybrid,5,CVE-2026-32284,Denial of service in github.com/shamaton/msgpack,0.869009
9,host header injection in password reset workflow,hybrid,6,CVE-2024-47702,bpf: Fail verification for sign-extension of packet data/data_end/data_meta,0.867689
9,host header injection in password reset workflow,hybrid,7,CVE-2019-5105,(no title),0.867590
9,host header injection in password reset workflow,hybrid,8,CVE-2023-22958,(no title),0.867580
9,host header injection in password reset workflow,hybrid,9,CVE-2022-44572,(no title),0.866295
9,host header injection in password reset workflow,hybrid,10,CVE-2025-28076,(no title),0.865414
9,host header injection in password reset workflow,hybrid,11,CVE-2024-26616,btrfs: scrub: avoid use-after-free when chunk length is not 64K aligned,0.865301
9,host header injection in password reset workflow,hybrid,12,CVE-2016-4350,(no title),0.864771
9,host header injection in password reset workflow,hybrid,13,CVE-2006-5478,(no title),0.864336
9,host header injection in password reset workflow,hybrid,14,CVE-2023-52920,bpf: support non-r10 register spill/fill to/from stack in precision tracking,0.863970
9,host header injection in password reset workflow,hybrid,15,CVE-2015-4555,(no title),0.863479
9,host header injection in password reset workflow,hybrid,16,CVE-2021-40261,(no title),0.863373
9,host header injection in password reset workflow,hybrid,17,CVE-2019-9013,(no title),0.863311
9,host header injection in password reset workflow,hybrid,18,CVE-2025-71270,LoongArch: Enable exception fixup for specific ADE subcode,0.863250
9,host header injection in password reset workflow,hybrid,19,CVE-2025-8709,SQL Injection in langchain-ai/langchain,0.863040
9,host header injection in password reset workflow,hybrid,20,CVE-2022-48882,net/mlx5e: Fix macsec possible null dereference when updating MAC security entity (SecY),0.862910
9,host header injection in password reset workflow,hybrid,21,CVE-2024-53185,smb: client: fix NULL ptr deref in crypto_aead_setkey(),0.862324
9,host header injection in password reset workflow,hybrid,22,CVE-2007-0139,(no title),0.862213
9,host header injection in password reset workflow,hybrid,23,CVE-2023-0286,X.400 address type confusion in X.509 GeneralName,0.861784
9,host header injection in password reset workflow,hybrid,24,CVE-2009-4155,(no title),0.861673
9,host header injection in password reset workflow,hybrid,25,CVE-2012-3000,(no title),0.861325
9,host header injection in password reset workflow,taumode,1,CVE-2022-50255,tracing: Fix reading strings from synthetic events,0.926233
9,host header injection in password reset workflow,taumode,2,CVE-2021-35975,(no title),0.926171
9,host header injection in password reset workflow,taumode,3,CVE-2022-49221,drm/msm/dp: populate connector of struct dp_panel,0.924850
9,host header injection in password reset workflow,taumode,4,CVE-2025-63390,(no title),0.923533
9,host header injection in password reset workflow,taumode,5,CVE-2026-32284,Denial of service in github.com/shamaton/msgpack,0.923500
9,host header injection in password reset workflow,taumode,6,CVE-2024-47702,bpf: Fail verification for sign-extension of packet data/data_end/data_meta,0.922786
9,host header injection in password reset workflow,taumode,7,CVE-2023-22958,(no title),0.922754
9,host header injection in password reset workflow,taumode,8,CVE-2019-5105,(no title),0.922752
9,host header injection in password reset workflow,taumode,9,CVE-2022-44572,(no title),0.921965
9,host header injection in password reset workflow,taumode,10,CVE-2024-26616,btrfs: scrub: avoid use-after-free when chunk length is not 64K aligned,0.921349
9,host header injection in password reset workflow,taumode,11,CVE-2025-28076,(no title),0.921309
9,host header injection in password reset workflow,taumode,12,CVE-2016-4350,(no title),0.921013
9,host header injection in password reset workflow,taumode,13,CVE-2006-5478,(no title),0.920819
9,host header injection in password reset workflow,taumode,14,CVE-2023-52920,bpf: support non-r10 register spill/fill to/from stack in precision tracking,0.920640
9,host header injection in password reset workflow,taumode,15,CVE-2015-4555,(no title),0.920306
9,host header injection in password reset workflow,taumode,16,CVE-2025-71270,LoongArch: Enable exception fixup for specific ADE subcode,0.920202
9,host header injection in password reset workflow,taumode,17,CVE-2019-9013,(no title),0.920179
9,host header injection in password reset workflow,taumode,18,CVE-2021-40261,(no title),0.920165
9,host header injection in password reset workflow,taumode,19,CVE-2025-8709,SQL Injection in langchain-ai/langchain,0.920044
9,host header injection in password reset workflow,taumode,20,CVE-2022-48882,net/mlx5e: Fix macsec possible null dereference when updating MAC security entity (SecY),0.919960
9,host header injection in password reset workflow,taumode,21,CVE-2024-53185,smb: client: fix NULL ptr deref in crypto_aead_setkey(),0.919686
9,host header injection in password reset workflow,taumode,22,CVE-2007-0139,(no title),0.919456
9,host header injection in password reset workflow,taumode,23,CVE-2023-0286,X.400 address type confusion in X.509 GeneralName,0.919279
9,host header injection in password reset workflow,taumode,24,CVE-2009-4155,(no title),0.919120
9,host header injection in password reset workflow,taumode,25,CVE-2012-3000,(no title),0.919026
10,insecure direct object reference IDOR in invoice download,Cosine,1,CVE-2023-5123,Improper Path Sanitization in JSON Datasource Plugin,0.861234
10,insecure direct object reference IDOR in invoice download,Cosine,2,CVE-2016-9554,(no title),0.850620
10,insecure direct object reference IDOR in invoice download,Cosine,3,CVE-2026-40566,FreeScout vulnerable to SSRF via IMAP/SMTP Connection Test Endpoints,0.848970
10,insecure direct object reference IDOR in invoice download,Cosine,4,CVE-2026-32871,FastMCP OpenAPI Provider has an SSRF & Path Traversal Vulnerability,0.847870
10,insecure direct object reference IDOR in invoice download,Cosine,5,CVE-2026-25125,October CMS: Environment Variable Exfiltration via INI Parser Interpolation,0.847739
10,insecure direct object reference IDOR in invoice download,Cosine,6,CVE-2022-35943,SameSite may allow cross-site request forgery (CSRF) protection to be bypassed,0.847480
10,insecure direct object reference IDOR in invoice download,Cosine,7,CVE-2026-2707,weForms <= 1.6.27 - Authenticated (Subscriber+) Stored Cross-Site Scripting via Hidden Field Value via REST API,0.847470
10,insecure direct object reference IDOR in invoice download,Cosine,8,CVE-2026-28216,hoppscotch has IDOR in updateUserEnvironment / deleteUserEnvironment,0.846628
10,insecure direct object reference IDOR in invoice download,Cosine,9,CVE-2026-3045,Appointment Booking Calendar <= 1.6.9.29 - Missing Authorization to Unauthenticated Sensitive Information Exposure via Settings REST API Endpoint,0.845087
10,insecure direct object reference IDOR in invoice download,Cosine,10,CVE-2025-62427,Server-Side Request Forgery (SSRF) in Angular SSR,0.841576
10,insecure direct object reference IDOR in invoice download,Cosine,11,CVE-2026-40569,FreeScout's Mass Assignment in Mailbox Connection Settings Enables Silent Email Exfiltration,0.841138
10,insecure direct object reference IDOR in invoice download,Cosine,12,CVE-2023-34252,Grav Server-side Template Injection via Insufficient Validation in filterFilter,0.840902
10,insecure direct object reference IDOR in invoice download,Cosine,13,CVE-2026-24047,@backstage/cli-common has a possible `resolveSafeChildPath` Symlink Chain Bypass,0.840835
10,insecure direct object reference IDOR in invoice download,Cosine,14,CVE-2026-3335,Canto <= 3.1.1 - Missing Authorization to Unauthenticated File Upload,0.840095
10,insecure direct object reference IDOR in invoice download,Cosine,15,CVE-2023-52137,GitHub Action tj-actions/verify-changed-files is vulnerable to command injection in output filenames,0.839700
10,insecure direct object reference IDOR in invoice download,Cosine,16,CVE-2021-32779,Incorrectly handling of URI '#fragment' element as part of the path element,0.838964
10,insecure direct object reference IDOR in invoice download,Cosine,17,CVE-2026-32812,Admidio Vulnerable to SSRF and Local File Read via Unrestricted URL Fetch in SSO Metadata Endpoint,0.838858
10,insecure direct object reference IDOR in invoice download,Cosine,18,CVE-2025-61876,(no title),0.838821
10,insecure direct object reference IDOR in invoice download,Cosine,19,CVE-2026-22850,Koko Analytics vulnerable to arbitrary SQL execution through unescaped analytics export/import and permissive admin SQL import,0.838690
10,insecure direct object reference IDOR in invoice download,Cosine,20,CVE-2023-46302,Apache Submarine: Fix CVE-2022-1471 SnakeYaml unsafe deserialization,0.838623
10,insecure direct object reference IDOR in invoice download,Cosine,21,CVE-2022-31022,Missing Role Based Access Control for the REST handlers in bleve/http package,0.838523
10,insecure direct object reference IDOR in invoice download,Cosine,22,CVE-2025-23203,Icinga has rest API endpoints accessible to restricted users,0.838458
10,insecure direct object reference IDOR in invoice download,Cosine,23,CVE-2024-32003,Dusk plugin may allow unfettered user authentication in misconfigured installs,0.838146
10,insecure direct object reference IDOR in invoice download,Cosine,24,CVE-2025-56162,(no title),0.837903
10,insecure direct object reference IDOR in invoice download,Cosine,25,CVE-2006-3935,(no title),0.837611
10,insecure direct object reference IDOR in invoice download,hybrid,1,CVE-2007-6548,(no title),0.875956
10,insecure direct object reference IDOR in invoice download,hybrid,2,CVE-2015-7391,(no title),0.871246
10,insecure direct object reference IDOR in invoice download,hybrid,3,CVE-2025-23203,Icinga has rest API endpoints accessible to restricted users,0.868879
10,insecure direct object reference IDOR in invoice download,hybrid,4,CVE-2026-40566,FreeScout vulnerable to SSRF via IMAP/SMTP Connection Test Endpoints,0.866614
10,insecure direct object reference IDOR in invoice download,hybrid,5,CVE-2007-0373,(no title),0.864883
10,insecure direct object reference IDOR in invoice download,hybrid,6,CVE-2011-5230,(no title),0.864773
10,insecure direct object reference IDOR in invoice download,hybrid,7,CVE-2017-9767,(no title),0.864442
10,insecure direct object reference IDOR in invoice download,hybrid,8,CVE-2021-39412,(no title),0.863084
10,insecure direct object reference IDOR in invoice download,hybrid,9,CVE-2010-4280,(no title),0.860759
10,insecure direct object reference IDOR in invoice download,hybrid,10,CVE-2006-1590,(no title),0.858421
10,insecure direct object reference IDOR in invoice download,hybrid,11,CVE-2007-0056,(no title),0.857707
10,insecure direct object reference IDOR in invoice download,hybrid,12,CVE-2021-41090,Instance config inline secret exposure,0.856434
10,insecure direct object reference IDOR in invoice download,hybrid,13,CVE-2023-30605,Multiple SQL injections in sql/instance.py param_edit method in Archery - GHSL-2022-104,0.856240
10,insecure direct object reference IDOR in invoice download,hybrid,14,CVE-2011-4544,(no title),0.855856
10,insecure direct object reference IDOR in invoice download,hybrid,15,CVE-2013-3578,(no title),0.855544
10,insecure direct object reference IDOR in invoice download,hybrid,16,CVE-2024-23445,Elasticsearch Remote Cluster Search Cross Cluster API Key insufficient restrictions,0.855267
10,insecure direct object reference IDOR in invoice download,hybrid,17,CVE-2024-53354,(no title),0.854757
10,insecure direct object reference IDOR in invoice download,hybrid,18,CVE-2014-9606,(no title),0.854554
10,insecure direct object reference IDOR in invoice download,hybrid,19,CVE-2025-57266,(no title),0.853206
10,insecure direct object reference IDOR in invoice download,hybrid,20,CVE-2020-26564,(no title),0.853160
10,insecure direct object reference IDOR in invoice download,hybrid,21,CVE-2007-1458,(no title),0.852288
10,insecure direct object reference IDOR in invoice download,hybrid,22,CVE-2010-1515,(no title),0.852255
10,insecure direct object reference IDOR in invoice download,hybrid,23,CVE-2026-23942,SFTP root escape via component-agnostic prefix check in ssh_sftpd,0.851530
10,insecure direct object reference IDOR in invoice download,hybrid,24,CVE-2007-3620,(no title),0.851466
10,insecure direct object reference IDOR in invoice download,hybrid,25,CVE-2008-1123,(no title),0.850887
10,insecure direct object reference IDOR in invoice download,taumode,1,CVE-2007-6548,(no title),0.926866
10,insecure direct object reference IDOR in invoice download,taumode,2,CVE-2007-0373,(no title),0.918089
10,insecure direct object reference IDOR in invoice download,taumode,3,CVE-2015-7391,(no title),0.917086
10,insecure direct object reference IDOR in invoice download,taumode,4,CVE-2011-5230,(no title),0.916659
10,insecure direct object reference IDOR in invoice download,taumode,5,CVE-2017-9767,(no title),0.916427
10,insecure direct object reference IDOR in invoice download,taumode,6,CVE-2010-4280,(no title),0.914070
10,insecure direct object reference IDOR in invoice download,taumode,7,CVE-2020-26564,(no title),0.912988
10,insecure direct object reference IDOR in invoice download,taumode,8,CVE-2006-1590,(no title),0.912730
10,insecure direct object reference IDOR in invoice download,taumode,9,CVE-2006-4984,(no title),0.911414
10,insecure direct object reference IDOR in invoice download,taumode,10,CVE-2018-11004,(no title),0.910942
10,insecure direct object reference IDOR in invoice download,taumode,11,CVE-2008-0648,(no title),0.909656
10,insecure direct object reference IDOR in invoice download,taumode,12,CVE-2019-7427,(no title),0.909349
10,insecure direct object reference IDOR in invoice download,taumode,13,CVE-2025-57266,(no title),0.908984
10,insecure direct object reference IDOR in invoice download,taumode,14,CVE-2006-6634,(no title),0.908777
10,insecure direct object reference IDOR in invoice download,taumode,15,CVE-2008-0645,(no title),0.908661
10,insecure direct object reference IDOR in invoice download,taumode,16,CVE-2023-30605,Multiple SQL injections in sql/instance.py param_edit method in Archery - GHSL-2022-104,0.908365
10,insecure direct object reference IDOR in invoice download,taumode,17,CVE-2006-5983,(no title),0.908215
10,insecure direct object reference IDOR in invoice download,taumode,18,CVE-2011-5072,(no title),0.907873
10,insecure direct object reference IDOR in invoice download,taumode,19,CVE-2026-23942,SFTP root escape via component-agnostic prefix check in ssh_sftpd,0.907545
10,insecure direct object reference IDOR in invoice download,taumode,20,CVE-2015-2294,(no title),0.906937
10,insecure direct object reference IDOR in invoice download,taumode,21,CVE-2021-41090,Instance config inline secret exposure,0.906677
10,insecure direct object reference IDOR in invoice download,taumode,22,CVE-2026-4668,Amelia <= 2.1.2 - Authenticated (Manager+) SQL Injection via 'sort' Parameter,0.906521
10,insecure direct object reference IDOR in invoice download,taumode,23,CVE-2013-3578,(no title),0.906506
10,insecure direct object reference IDOR in invoice download,taumode,24,CVE-2022-35942,loopback-connector-postgresql Vulnerable to Improper Sanitization of `contains` Filter,0.905838
10,insecure direct object reference IDOR in invoice download,taumode,25,CVE-2024-23445,Elasticsearch Remote Cluster Search Cross Cluster API Key insufficient restrictions,0.905797
11,sensitive information disclosure in cloud metadata service,Cosine,1,CVE-2026-24516,(no title),0.877244
11,sensitive information disclosure in cloud metadata service,Cosine,2,CVE-2022-50255,tracing: Fix reading strings from synthetic events,0.864759
11,sensitive information disclosure in cloud metadata service,Cosine,3,CVE-2026-40566,FreeScout vulnerable to SSRF via IMAP/SMTP Connection Test Endpoints,0.864725
11,sensitive information disclosure in cloud metadata service,Cosine,4,CVE-2021-39155,Authorization Policy Bypass Due to Case Insensitive Host Comparison,0.863347
11,sensitive information disclosure in cloud metadata service,Cosine,5,CVE-2021-32635,Action Commands (run/shell/exec) Against Library URIs Ignore Configured Remote Endpoint,0.861176
11,sensitive information disclosure in cloud metadata service,Cosine,6,CVE-2026-33726,Cilium L7 proxy may bypass Kubernetes NetworkPolicy for same-node traffic,0.860359
11,sensitive information disclosure in cloud metadata service,Cosine,7,CVE-2026-23990,Flux Operator Web UI Impersonation Bypass via Empty OIDC Claims,0.859123
11,sensitive information disclosure in cloud metadata service,Cosine,8,CVE-2022-23653,B2 Command Line Tool TOCTOU application key disclosure ,0.858894
11,sensitive information disclosure in cloud metadata service,Cosine,9,CVE-2009-3486,(no title),0.858442
11,sensitive information disclosure in cloud metadata service,Cosine,10,CVE-2023-39903,(no title),0.858245
11,sensitive information disclosure in cloud metadata service,Cosine,11,CVE-2023-34252,Grav Server-side Template Injection via Insufficient Validation in filterFilter,0.858093
11,sensitive information disclosure in cloud metadata service,Cosine,12,CVE-2026-24047,@backstage/cli-common has a possible `resolveSafeChildPath` Symlink Chain Bypass,0.858057
11,sensitive information disclosure in cloud metadata service,Cosine,13,CVE-2023-50260,Wazuh's vulnerability in host_deny AR script allows arbitrary command execution,0.857537
11,sensitive information disclosure in cloud metadata service,Cosine,14,CVE-2026-40569,FreeScout's Mass Assignment in Mailbox Connection Settings Enables Silent Email Exfiltration,0.857217
11,sensitive information disclosure in cloud metadata service,Cosine,15,CVE-2025-34234,Vasion Print (formerly PrinterLogic) Hardcoded Encryption Private Keys,0.856843
11,sensitive information disclosure in cloud metadata service,Cosine,16,CVE-2025-62603,FastDDS has Out-of-memory while parsing GenericMessage when DDS Security is enabled,0.856628
11,sensitive information disclosure in cloud metadata service,Cosine,17,CVE-2021-41090,Instance config inline secret exposure,0.856500
11,sensitive information disclosure in cloud metadata service,Cosine,18,CVE-2022-50116,tty: n_gsm: fix deadlock and link starvation in outgoing data path,0.856466
11,sensitive information disclosure in cloud metadata service,Cosine,19,CVE-2024-23805,F5 Application Visibility and Reporting module and BIG-IP Advanced WAF/ASM vulnerability,0.856042
11,sensitive information disclosure in cloud metadata service,Cosine,20,CVE-2026-34526,SillyTavern: Incomplete IP validation in /api/search/visit allows SSRF via localhost and IPv6,0.855893
11,sensitive information disclosure in cloud metadata service,Cosine,21,CVE-2024-32028,Sensitive query parameters logged by default in OpenTelemetry.Instrumentation http and AspNetCore,0.855815
11,sensitive information disclosure in cloud metadata service,Cosine,22,CVE-2023-24827,Credential disclosure in syft when SYFT_ATTEST_PASSWORD environment variable set in syft,0.855696
11,sensitive information disclosure in cloud metadata service,Cosine,23,CVE-2025-62156,argo-workflows Zip Slip path traversal allows arbitrary file write and container configuration overwrite,0.855078
11,sensitive information disclosure in cloud metadata service,Cosine,24,CVE-2014-2225,(no title),0.854742
11,sensitive information disclosure in cloud metadata service,Cosine,25,CVE-2026-24046,Backstage has a Possible Symlink Path Traversal in Scaffolder Actions,0.854405
11,sensitive information disclosure in cloud metadata service,hybrid,1,CVE-2015-5076,(no title),0.854247
11,sensitive information disclosure in cloud metadata service,hybrid,2,CVE-2005-1362,(no title),0.847410
11,sensitive information disclosure in cloud metadata service,hybrid,3,CVE-2007-4390,(no title),0.840077
11,sensitive information disclosure in cloud metadata service,hybrid,4,CVE-2015-9226,(no title),0.832412
11,sensitive information disclosure in cloud metadata service,hybrid,5,CVE-2011-5073,(no title),0.831501
11,sensitive information disclosure in cloud metadata service,hybrid,6,CVE-2017-14145,(no title),0.830098
11,sensitive information disclosure in cloud metadata service,hybrid,7,CVE-2012-4260,(no title),0.826772
11,sensitive information disclosure in cloud metadata service,hybrid,8,CVE-2010-0432,(no title),0.826046
11,sensitive information disclosure in cloud metadata service,hybrid,9,CVE-2009-0541,(no title),0.823208
11,sensitive information disclosure in cloud metadata service,hybrid,10,CVE-2007-2540,(no title),0.821744
11,sensitive information disclosure in cloud metadata service,hybrid,11,CVE-2014-9613,(no title),0.820665
11,sensitive information disclosure in cloud metadata service,hybrid,12,CVE-2023-53791,md: fix warning for holder mismatch from export_rdev(),0.820572
11,sensitive information disclosure in cloud metadata service,hybrid,13,CVE-2008-5210,(no title),0.819307
11,sensitive information disclosure in cloud metadata service,hybrid,14,CVE-2006-4448,(no title),0.815057
11,sensitive information disclosure in cloud metadata service,hybrid,15,CVE-2024-38499,Improper Privilege Management Vulnerability in CA Client Automation 14.5,0.814672
11,sensitive information disclosure in cloud metadata service,hybrid,16,CVE-2008-2043,(no title),0.814323
11,sensitive information disclosure in cloud metadata service,hybrid,17,CVE-2009-4666,(no title),0.814244
11,sensitive information disclosure in cloud metadata service,hybrid,18,CVE-2006-3172,(no title),0.813681
11,sensitive information disclosure in cloud metadata service,hybrid,19,CVE-2004-2571,(no title),0.811251
11,sensitive information disclosure in cloud metadata service,hybrid,20,CVE-2012-1835,(no title),0.810552
11,sensitive information disclosure in cloud metadata service,hybrid,21,CVE-2026-30785,RustDesk Encrypts Local Passwords with World-Readable Machine ID and Fixed Zero Nonce (XSalsa20-Poly1305),0.804975
11,sensitive information disclosure in cloud metadata service,hybrid,22,CVE-2013-4717,(no title),0.804777
11,sensitive information disclosure in cloud metadata service,hybrid,23,CVE-2005-1822,(no title),0.804599
11,sensitive information disclosure in cloud metadata service,hybrid,24,CVE-2020-35579,(no title),0.801894
11,sensitive information disclosure in cloud metadata service,hybrid,25,CVE-2006-4423,(no title),0.801472
11,sensitive information disclosure in cloud metadata service,taumode,1,CVE-2005-1362,(no title),0.907625
11,sensitive information disclosure in cloud metadata service,taumode,2,CVE-2015-5076,(no title),0.906018
11,sensitive information disclosure in cloud metadata service,taumode,3,CVE-2017-14145,(no title),0.894642
11,sensitive information disclosure in cloud metadata service,taumode,4,CVE-2009-0541,(no title),0.890962
11,sensitive information disclosure in cloud metadata service,taumode,5,CVE-2007-4390,(no title),0.884483
11,sensitive information disclosure in cloud metadata service,taumode,6,CVE-2026-3614,AcyMailing 9.11.0 - 10.8.1 - Missing Authorization to Authenticated (Subscriber+) Privilege Escalation,0.879032
11,sensitive information disclosure in cloud metadata service,taumode,7,CVE-2024-38499,Improper Privilege Management Vulnerability in CA Client Automation 14.5,0.877209
11,sensitive information disclosure in cloud metadata service,taumode,8,CVE-2012-1835,(no title),0.873249
11,sensitive information disclosure in cloud metadata service,taumode,9,CVE-2012-4260,(no title),0.861127
11,sensitive information disclosure in cloud metadata service,taumode,10,CVE-2020-26961,(no title),0.859234
11,sensitive information disclosure in cloud metadata service,taumode,11,CVE-2007-2540,(no title),0.858368
11,sensitive information disclosure in cloud metadata service,taumode,12,CVE-2020-7018,(no title),0.857727
11,sensitive information disclosure in cloud metadata service,taumode,13,CVE-2024-53796,WordPress Themesflat Addons For Elementor plugin <= 2.2.2 - Cross Site Scripting (XSS) vulnerability,0.857058
11,sensitive information disclosure in cloud metadata service,taumode,14,CVE-2015-2973,(no title),0.854334
11,sensitive information disclosure in cloud metadata service,taumode,15,CVE-2008-5210,(no title),0.853652
11,sensitive information disclosure in cloud metadata service,taumode,16,CVE-2010-0432,(no title),0.852658
11,sensitive information disclosure in cloud metadata service,taumode,17,CVE-2023-20069,Cisco Prime Infrastructure and Evolved Programmable Network Manager Stored Cross-Site Scripting Vulnerability,0.851655
11,sensitive information disclosure in cloud metadata service,taumode,18,CVE-2024-11015,Sign In With Google <= 1.8.0 - Authentication Bypass in authenticate_user,0.851528
11,sensitive information disclosure in cloud metadata service,taumode,19,CVE-2024-8367,HM Courts & Tribunals Service Probate Back Office Markdown NotificationService.java injection,0.851444
11,sensitive information disclosure in cloud metadata service,taumode,20,CVE-2026-21634,(no title),0.851060
11,sensitive information disclosure in cloud metadata service,taumode,21,CVE-2021-22825,(no title),0.849512
11,sensitive information disclosure in cloud metadata service,taumode,22,CVE-2015-9226,(no title),0.849294
11,sensitive information disclosure in cloud metadata service,taumode,23,CVE-2012-0254,(no title),0.848411
11,sensitive information disclosure in cloud metadata service,taumode,24,CVE-2019-13957,(no title),0.847019
11,sensitive information disclosure in cloud metadata service,taumode,25,CVE-2020-36882,Flexsense DiskBoss Application Crash Denial of Service,0.846692
12,unsafe deserialization in Java RMI service,Cosine,1,CVE-2022-50329,"block, bfq: fix uaf for bfqq in bfq_exit_icq_bfqq",0.783192
12,unsafe deserialization in Java RMI service,Cosine,2,CVE-2004-2571,(no title),0.777830
12,unsafe deserialization in Java RMI service,Cosine,3,CVE-2019-17041,(no title),0.776402
12,unsafe deserialization in Java RMI service,Cosine,4,CVE-2025-71101,platform/x86: hp-bioscfg: Fix out-of-bounds array access in ACPI package parsing,0.776088
12,unsafe deserialization in Java RMI service,Cosine,5,CVE-2022-49518,ASoC: SOF: ipc3-topology: Correct get_control_data for non bytes payload,0.775261
12,unsafe deserialization in Java RMI service,Cosine,6,CVE-2024-50151,smb: client: fix OOBs when building SMB2_IOCTL request,0.771179
12,unsafe deserialization in Java RMI service,Cosine,7,CVE-2020-12884,(no title),0.769955
12,unsafe deserialization in Java RMI service,Cosine,8,CVE-2017-8408,(no title),0.769890
12,unsafe deserialization in Java RMI service,Cosine,9,CVE-2022-50255,tracing: Fix reading strings from synthetic events,0.769752
12,unsafe deserialization in Java RMI service,Cosine,10,CVE-2021-47366,afs: Fix corruption in reads at fpos 2G-4G from an OpenAFS server,0.769630
12,unsafe deserialization in Java RMI service,Cosine,11,CVE-2024-50142,xfrm: validate new SA's prefixlen using SA family when sel.family is unset,0.768857
12,unsafe deserialization in Java RMI service,Cosine,12,CVE-2025-40222,tty: serial: sh-sci: fix RSCI FIFO overrun handling,0.768773
12,unsafe deserialization in Java RMI service,Cosine,13,CVE-2024-47702,bpf: Fail verification for sign-extension of packet data/data_end/data_meta,0.768505
12,unsafe deserialization in Java RMI service,Cosine,14,CVE-2024-42240,x86/bhi: Avoid warning in #DB handler due to BHI mitigation,0.767882
12,unsafe deserialization in Java RMI service,Cosine,15,CVE-2023-22809,(no title),0.767536
12,unsafe deserialization in Java RMI service,Cosine,16,CVE-2019-17042,(no title),0.767418
12,unsafe deserialization in Java RMI service,Cosine,17,CVE-2023-53570,wifi: nl80211: fix integer overflow in nl80211_parse_mbssid_elems(),0.767125
12,unsafe deserialization in Java RMI service,Cosine,18,CVE-2026-27904,minimatch ReDoS: nested *() extglobs generate catastrophically backtracking regular expressions,0.766530
12,unsafe deserialization in Java RMI service,Cosine,19,CVE-2025-66263,Unauthenticated Arbitrary File Read via Null Byte Injection,0.766291
12,unsafe deserialization in Java RMI service,Cosine,20,CVE-2018-19990,(no title),0.766261
12,unsafe deserialization in Java RMI service,Cosine,21,CVE-2026-31611,ksmbd: require 3 sub-authorities before reading sub_auth[2],0.766190
12,unsafe deserialization in Java RMI service,Cosine,22,CVE-2016-6908,(no title),0.766151
12,unsafe deserialization in Java RMI service,Cosine,23,CVE-2024-41014,xfs: add bounds checking to xlog_recover_process_data,0.765987
12,unsafe deserialization in Java RMI service,Cosine,24,CVE-2022-49407,dlm: fix plock invalid read,0.765888
12,unsafe deserialization in Java RMI service,Cosine,25,CVE-2024-36057,(no title),0.765614
12,unsafe deserialization in Java RMI service,hybrid,1,CVE-2026-31611,ksmbd: require 3 sub-authorities before reading sub_auth[2],0.831052
12,unsafe deserialization in Java RMI service,hybrid,2,CVE-2023-22809,(no title),0.825813
12,unsafe deserialization in Java RMI service,hybrid,3,CVE-2009-3163,(no title),0.822034
12,unsafe deserialization in Java RMI service,hybrid,4,CVE-2024-39469,nilfs2: fix nilfs_empty_dir() misjudgment and long loop on I/O errors,0.821823
12,unsafe deserialization in Java RMI service,hybrid,5,CVE-2024-56539,wifi: mwifiex: Fix memcpy() field-spanning write warning in mwifiex_config_scan(),0.820983
12,unsafe deserialization in Java RMI service,hybrid,6,CVE-2024-47739,padata: use integer wrap around to prevent deadlock on seq_nr overflow,0.820300
12,unsafe deserialization in Java RMI service,hybrid,7,CVE-2019-7718,(no title),0.819297
12,unsafe deserialization in Java RMI service,hybrid,8,CVE-2025-68726,crypto: aead - Fix reqsize handling,0.819015
12,unsafe deserialization in Java RMI service,hybrid,9,CVE-2016-9804,(no title),0.818896
12,unsafe deserialization in Java RMI service,hybrid,10,CVE-2026-23404,apparmor: replace recursive profile removal with iterative approach,0.817381
12,unsafe deserialization in Java RMI service,hybrid,11,CVE-2019-14232,(no title),0.816581
12,unsafe deserialization in Java RMI service,hybrid,12,CVE-2026-31487,spi: use generic driver_override infrastructure,0.816475
12,unsafe deserialization in Java RMI service,hybrid,13,CVE-2018-19988,(no title),0.815710
12,unsafe deserialization in Java RMI service,hybrid,14,CVE-2019-14422,(no title),0.814856
12,unsafe deserialization in Java RMI service,hybrid,15,CVE-2025-71265,fs: ntfs3: fix infinite loop in attr_load_runs_range on inconsistent metadata,0.814830
12,unsafe deserialization in Java RMI service,hybrid,16,CVE-2024-43802,heap-buffer-overflow in ins_typebuf() in Vim < 9.1.0697,0.814767
12,unsafe deserialization in Java RMI service,hybrid,17,CVE-2024-47141,pinmux: Use sequential access to access desc->pinmux data,0.814467
12,unsafe deserialization in Java RMI service,hybrid,18,CVE-2011-1760,(no title),0.814037
12,unsafe deserialization in Java RMI service,hybrid,19,CVE-2025-13462,tarfile: Skip DIRTYPE normalization during GNU LONGNAME/LONGLINK handling,0.813607
12,unsafe deserialization in Java RMI service,hybrid,20,CVE-2018-20164,(no title),0.813564
12,unsafe deserialization in Java RMI service,hybrid,21,CVE-2026-35611,Addressable has a Regular Expression Denial of Service in Addressable templates,0.813468
12,unsafe deserialization in Java RMI service,hybrid,22,CVE-2009-3051,(no title),0.813357
12,unsafe deserialization in Java RMI service,hybrid,23,CVE-2019-17041,(no title),0.812263
12,unsafe deserialization in Java RMI service,hybrid,24,CVE-2025-71101,platform/x86: hp-bioscfg: Fix out-of-bounds array access in ACPI package parsing,0.812028
12,unsafe deserialization in Java RMI service,hybrid,25,CVE-2026-27904,minimatch ReDoS: nested *() extglobs generate catastrophically backtracking regular expressions,0.811764
12,unsafe deserialization in Java RMI service,taumode,1,CVE-2026-31611,ksmbd: require 3 sub-authorities before reading sub_auth[2],0.900546
12,unsafe deserialization in Java RMI service,taumode,2,CVE-2024-39469,nilfs2: fix nilfs_empty_dir() misjudgment and long loop on I/O errors,0.894247
12,unsafe deserialization in Java RMI service,taumode,3,CVE-2019-7718,(no title),0.892948
12,unsafe deserialization in Java RMI service,taumode,4,CVE-2019-14232,(no title),0.891728
12,unsafe deserialization in Java RMI service,taumode,5,CVE-2026-23404,apparmor: replace recursive profile removal with iterative approach,0.891314
12,unsafe deserialization in Java RMI service,taumode,6,CVE-2024-56539,wifi: mwifiex: Fix memcpy() field-spanning write warning in mwifiex_config_scan(),0.891227
12,unsafe deserialization in Java RMI service,taumode,7,CVE-2011-1760,(no title),0.889800
12,unsafe deserialization in Java RMI service,taumode,8,CVE-2025-71265,fs: ntfs3: fix infinite loop in attr_load_runs_range on inconsistent metadata,0.889312
12,unsafe deserialization in Java RMI service,taumode,9,CVE-2009-3163,(no title),0.888406
12,unsafe deserialization in Java RMI service,taumode,10,CVE-2023-22809,(no title),0.888254
12,unsafe deserialization in Java RMI service,taumode,11,CVE-2009-5081,(no title),0.887920
12,unsafe deserialization in Java RMI service,taumode,12,CVE-2022-49067,powerpc: Fix virt_addr_valid() for 64-bit Book3E & 32-bit,0.887436
12,unsafe deserialization in Java RMI service,taumode,13,CVE-2020-36187,(no title),0.887303
12,unsafe deserialization in Java RMI service,taumode,14,CVE-2024-47739,padata: use integer wrap around to prevent deadlock on seq_nr overflow,0.887277
12,unsafe deserialization in Java RMI service,taumode,15,CVE-2020-14060,(no title),0.887233
12,unsafe deserialization in Java RMI service,taumode,16,CVE-2021-45467,(no title),0.887142
12,unsafe deserialization in Java RMI service,taumode,17,CVE-2026-31487,spi: use generic driver_override infrastructure,0.887113
12,unsafe deserialization in Java RMI service,taumode,18,CVE-2019-14422,(no title),0.886914
12,unsafe deserialization in Java RMI service,taumode,19,CVE-2007-1070,(no title),0.886399
12,unsafe deserialization in Java RMI service,taumode,20,CVE-2007-6179,(no title),0.886385
12,unsafe deserialization in Java RMI service,taumode,21,CVE-2005-1966,(no title),0.886147
12,unsafe deserialization in Java RMI service,taumode,22,CVE-2011-0959,(no title),0.886014
12,unsafe deserialization in Java RMI service,taumode,23,CVE-2024-33865,(no title),0.885836
12,unsafe deserialization in Java RMI service,taumode,24,CVE-2007-2550,(no title),0.885602
12,unsafe deserialization in Java RMI service,taumode,25,CVE-2016-9804,(no title),0.885415
13,improper certificate validation in mobile banking application,Cosine,1,CVE-2012-2629,(no title),0.875450
13,improper certificate validation in mobile banking application,Cosine,2,CVE-2022-35943,SameSite may allow cross-site request forgery (CSRF) protection to be bypassed,0.873628
13,improper certificate validation in mobile banking application,Cosine,3,CVE-2012-1897,(no title),0.861007
13,improper certificate validation in mobile banking application,Cosine,4,CVE-2025-6087,SSRF vulnerability in opennextjs-cloudflare via /_next/image endpoint,0.860685
13,improper certificate validation in mobile banking application,Cosine,5,CVE-2012-4773,(no title),0.859964
13,improper certificate validation in mobile banking application,Cosine,6,CVE-2018-11004,(no title),0.858120
13,improper certificate validation in mobile banking application,Cosine,7,CVE-2012-1498,(no title),0.857270
13,improper certificate validation in mobile banking application,Cosine,8,CVE-2010-5315,(no title),0.857060
13,improper certificate validation in mobile banking application,Cosine,9,CVE-2012-6508,(no title),0.855434
13,improper certificate validation in mobile banking application,Cosine,10,CVE-2007-5917,(no title),0.854752
13,improper certificate validation in mobile banking application,Cosine,11,CVE-2012-1416,(no title),0.853503
13,improper certificate validation in mobile banking application,Cosine,12,CVE-2023-49657,Apache Superset: Stored XSS in Dashboard Title and Chart Title,0.853130
13,improper certificate validation in mobile banking application,Cosine,13,CVE-2006-4985,(no title),0.852596
13,improper certificate validation in mobile banking application,Cosine,14,CVE-2014-4309,(no title),0.851920
13,improper certificate validation in mobile banking application,Cosine,15,CVE-2014-10014,(no title),0.851632
13,improper certificate validation in mobile banking application,Cosine,16,CVE-2011-5318,(no title),0.851424
13,improper certificate validation in mobile banking application,Cosine,17,CVE-2014-6046,(no title),0.850846
13,improper certificate validation in mobile banking application,Cosine,18,CVE-2013-5954,(no title),0.850840
13,improper certificate validation in mobile banking application,Cosine,19,CVE-2019-1010096,(no title),0.850317
13,improper certificate validation in mobile banking application,Cosine,20,CVE-2012-1227,(no title),0.850247
13,improper certificate validation in mobile banking application,Cosine,21,CVE-2008-0575,(no title),0.849810
13,improper certificate validation in mobile banking application,Cosine,22,CVE-2025-55045,(no title),0.849127
13,improper certificate validation in mobile banking application,Cosine,23,CVE-2014-3866,(no title),0.849055
13,improper certificate validation in mobile banking application,Cosine,24,CVE-2024-10518,ProfilePress < 4.15.15 - Admin+ Stored XSS,0.848945
13,improper certificate validation in mobile banking application,Cosine,25,CVE-2014-9407,(no title),0.848349
13,improper certificate validation in mobile banking application,hybrid,1,CVE-2012-1897,(no title),0.881870
13,improper certificate validation in mobile banking application,hybrid,2,CVE-2006-3172,(no title),0.871439
13,improper certificate validation in mobile banking application,hybrid,3,CVE-2007-2579,(no title),0.866202
13,improper certificate validation in mobile banking application,hybrid,4,CVE-2020-35650,(no title),0.865270
13,improper certificate validation in mobile banking application,hybrid,5,CVE-2012-1416,(no title),0.863922
13,improper certificate validation in mobile banking application,hybrid,6,CVE-2006-1353,(no title),0.863135
13,improper certificate validation in mobile banking application,hybrid,7,CVE-2022-3399,Cookie Notice & Compliance for GDPR / CCPA <= 2.4.17.1 - Authenticated (Admin+) Stored Cross-Site Scripting,0.862833
13,improper certificate validation in mobile banking application,hybrid,8,CVE-2020-23836,(no title),0.862455
13,improper certificate validation in mobile banking application,hybrid,9,CVE-2014-9243,(no title),0.862296
13,improper certificate validation in mobile banking application,hybrid,10,CVE-2008-7243,(no title),0.862140
13,improper certificate validation in mobile banking application,hybrid,11,CVE-2025-3605,Frontend Login and Registration Blocks <= 1.1.1 - Unauthenticated Privilege Escalation via Account Takeover,0.861091
13,improper certificate validation in mobile banking application,hybrid,12,CVE-2013-3535,(no title),0.859634
13,improper certificate validation in mobile banking application,hybrid,13,CVE-2011-5196,(no title),0.859520
13,improper certificate validation in mobile banking application,hybrid,14,CVE-2012-5367,(no title),0.857565
13,improper certificate validation in mobile banking application,hybrid,15,CVE-2015-1582,(no title),0.857349
13,improper certificate validation in mobile banking application,hybrid,16,CVE-2026-1258,Mail Mint <= 1.19.2 - Authenticated (Administrator+) SQL Injection via Multiple API Endpoints,0.856956
13,improper certificate validation in mobile banking application,hybrid,17,CVE-2014-9459,(no title),0.855735
13,improper certificate validation in mobile banking application,hybrid,18,CVE-2022-0232,"User Registration, Login & Landing Pages – LeadMagic <= 1.2.7 Admin+ Stored Cross-Site Scripting",0.855602
13,improper certificate validation in mobile banking application,hybrid,19,CVE-2008-7221,(no title),0.855314
13,improper certificate validation in mobile banking application,hybrid,20,CVE-2026-34394,AVideo: CSRF on Admin Plugin Configuration Enables Payment Credential Hijacking,0.853245
13,improper certificate validation in mobile banking application,hybrid,21,CVE-2015-1058,(no title),0.853112
13,improper certificate validation in mobile banking application,hybrid,22,CVE-2024-1777,Admin side data storage for Contact Form 7 <= 1.1.1 - Cross-Site Request Forgery,0.852704
13,improper certificate validation in mobile banking application,hybrid,23,CVE-2015-4364,(no title),0.852310
13,improper certificate validation in mobile banking application,hybrid,24,CVE-2026-3020,Identity based authorization bypass vulnerability (IDOR) in the Wakyma application web,0.852109
13,improper certificate validation in mobile banking application,hybrid,25,CVE-2018-10821,(no title),0.851803
13,improper certificate validation in mobile banking application,taumode,1,CVE-2008-7243,(no title),0.918010
13,improper certificate validation in mobile banking application,taumode,2,CVE-2011-5196,(no title),0.916700
13,improper certificate validation in mobile banking application,taumode,3,CVE-2007-2579,(no title),0.916654
13,improper certificate validation in mobile banking application,taumode,4,CVE-2020-23836,(no title),0.915262
13,improper certificate validation in mobile banking application,taumode,5,CVE-2022-0232,"User Registration, Login & Landing Pages – LeadMagic <= 1.2.7 Admin+ Stored Cross-Site Scripting",0.914487
13,improper certificate validation in mobile banking application,taumode,6,CVE-2015-1582,(no title),0.914193
13,improper certificate validation in mobile banking application,taumode,7,CVE-2006-3172,(no title),0.912436
13,improper certificate validation in mobile banking application,taumode,8,CVE-2025-3605,Frontend Login and Registration Blocks <= 1.1.1 - Unauthenticated Privilege Escalation via Account Takeover,0.911982
13,improper certificate validation in mobile banking application,taumode,9,CVE-2026-3020,Identity based authorization bypass vulnerability (IDOR) in the Wakyma application web,0.911059
13,improper certificate validation in mobile banking application,taumode,10,CVE-2026-40574,OAuth2 Proxy has an Authorization Bypass in Email Domain Validation via Malformed Multi-@ Email Claims,0.911050
13,improper certificate validation in mobile banking application,taumode,11,CVE-2018-10821,(no title),0.910985
13,improper certificate validation in mobile banking application,taumode,12,CVE-2020-35650,(no title),0.910817
13,improper certificate validation in mobile banking application,taumode,13,CVE-2026-34394,AVideo: CSRF on Admin Plugin Configuration Enables Payment Credential Hijacking,0.910771
13,improper certificate validation in mobile banking application,taumode,14,CVE-2015-4659,(no title),0.910523
13,improper certificate validation in mobile banking application,taumode,15,CVE-2008-1969,(no title),0.909959
13,improper certificate validation in mobile banking application,taumode,16,CVE-2024-44314,(no title),0.909198
13,improper certificate validation in mobile banking application,taumode,17,CVE-2026-1258,Mail Mint <= 1.19.2 - Authenticated (Administrator+) SQL Injection via Multiple API Endpoints,0.908334
13,improper certificate validation in mobile banking application,taumode,18,CVE-2014-9243,(no title),0.908259
13,improper certificate validation in mobile banking application,taumode,19,CVE-2006-1353,(no title),0.907226
13,improper certificate validation in mobile banking application,taumode,20,CVE-2025-5275,Charitable <= 1.8.6.1 - Authenticated (Administrator+) Stored Cross-Site Scripting via Plugin's Privacy Settings,0.906581
13,improper certificate validation in mobile banking application,taumode,21,CVE-2023-0716,Wicked Folders <= 2.18.16 - Missing Authorization on ajax_edit_folder,0.906563
13,improper certificate validation in mobile banking application,taumode,22,CVE-2022-3399,Cookie Notice & Compliance for GDPR / CCPA <= 2.4.17.1 - Authenticated (Admin+) Stored Cross-Site Scripting,0.906536
13,improper certificate validation in mobile banking application,taumode,23,CVE-2016-10206,(no title),0.905624
13,improper certificate validation in mobile banking application,taumode,24,CVE-2012-1897,(no title),0.904224
13,improper certificate validation in mobile banking application,taumode,25,CVE-2026-24768,NocoDB has Unvalidated Redirect in Login Flow via continueAfterSignIn Parameter,0.904214
14,race condition in temporary file creation,Cosine,1,CVE-2008-7238,(no title),0.787515
14,race condition in temporary file creation,Cosine,2,CVE-2021-40495,(no title),0.787219
14,race condition in temporary file creation,Cosine,3,CVE-2018-14607,(no title),0.786128
14,race condition in temporary file creation,Cosine,4,CVE-2004-2558,(no title),0.785180
14,race condition in temporary file creation,Cosine,5,CVE-2016-9795,(no title),0.782574
14,race condition in temporary file creation,Cosine,6,CVE-2007-5701,(no title),0.782251
14,race condition in temporary file creation,Cosine,7,CVE-2018-14597,(no title),0.780314
14,race condition in temporary file creation,Cosine,8,CVE-2018-13821,(no title),0.779448
14,race condition in temporary file creation,Cosine,9,CVE-2018-9028,(no title),0.778259
14,race condition in temporary file creation,Cosine,10,CVE-2008-3068,(no title),0.777502
14,race condition in temporary file creation,Cosine,11,CVE-2017-9590,(no title),0.777459
14,race condition in temporary file creation,Cosine,12,CVE-2011-1386,(no title),0.776722
14,race condition in temporary file creation,Cosine,13,CVE-2017-6338,(no title),0.776186
14,race condition in temporary file creation,Cosine,14,CVE-2018-1380,(no title),0.775742
14,race condition in temporary file creation,Cosine,15,CVE-2012-0078,(no title),0.775207
14,race condition in temporary file creation,Cosine,16,CVE-2012-4546,(no title),0.775021
14,race condition in temporary file creation,Cosine,17,CVE-2017-2208,(no title),0.774877
14,race condition in temporary file creation,Cosine,18,CVE-2015-4664,(no title),0.774840
14,race condition in temporary file creation,Cosine,19,CVE-2013-2255,(no title),0.774605
14,race condition in temporary file creation,Cosine,20,CVE-2024-23674,(no title),0.774345
14,race condition in temporary file creation,Cosine,21,CVE-2018-9021,(no title),0.774139
14,race condition in temporary file creation,Cosine,22,CVE-2018-1443,(no title),0.773769
14,race condition in temporary file creation,Cosine,23,CVE-2020-6362,(no title),0.773723
14,race condition in temporary file creation,Cosine,24,CVE-2020-6311,(no title),0.772849
14,race condition in temporary file creation,Cosine,25,CVE-2019-0379,(no title),0.772631
14,race condition in temporary file creation,hybrid,1,CVE-2021-40495,(no title),0.846626
14,race condition in temporary file creation,hybrid,2,CVE-2004-2558,(no title),0.845053
14,race condition in temporary file creation,hybrid,3,CVE-2016-9795,(no title),0.843344
14,race condition in temporary file creation,hybrid,4,CVE-2018-13821,(no title),0.841089
14,race condition in temporary file creation,hybrid,5,CVE-2018-9028,(no title),0.840208
14,race condition in temporary file creation,hybrid,6,CVE-2011-1386,(no title),0.839104
14,race condition in temporary file creation,hybrid,7,CVE-2017-6338,(no title),0.838663
14,race condition in temporary file creation,hybrid,8,CVE-2018-1380,(no title),0.838291
14,race condition in temporary file creation,hybrid,9,CVE-2012-0078,(no title),0.837974
14,race condition in temporary file creation,hybrid,10,CVE-2012-4546,(no title),0.837916
14,race condition in temporary file creation,hybrid,11,CVE-2015-4664,(no title),0.837765
14,race condition in temporary file creation,hybrid,12,CVE-2017-2208,(no title),0.837711
14,race condition in temporary file creation,hybrid,13,CVE-2013-2255,(no title),0.837498
14,race condition in temporary file creation,hybrid,14,CVE-2024-23674,(no title),0.837375
14,race condition in temporary file creation,hybrid,15,CVE-2018-9021,(no title),0.837230
14,race condition in temporary file creation,hybrid,16,CVE-2018-1443,(no title),0.836845
14,race condition in temporary file creation,hybrid,17,CVE-2020-6362,(no title),0.836744
14,race condition in temporary file creation,hybrid,18,CVE-2020-6311,(no title),0.836296
14,race condition in temporary file creation,hybrid,19,CVE-2019-0379,(no title),0.836044
14,race condition in temporary file creation,hybrid,20,CVE-2019-5280,(no title),0.835695
14,race condition in temporary file creation,hybrid,21,CVE-2025-24506,(no title),0.834924
14,race condition in temporary file creation,hybrid,22,CVE-2019-6504,(no title),0.834603
14,race condition in temporary file creation,hybrid,23,CVE-2017-9601,(no title),0.834202
14,race condition in temporary file creation,hybrid,24,CVE-2021-27613,(no title),0.834178
14,race condition in temporary file creation,hybrid,25,CVE-2012-4838,(no title),0.833950
14,race condition in temporary file creation,taumode,1,CVE-2021-40495,(no title),0.910275
14,race condition in temporary file creation,taumode,2,CVE-2004-2558,(no title),0.909201
14,race condition in temporary file creation,taumode,3,CVE-2016-9795,(no title),0.908455
14,race condition in temporary file creation,taumode,4,CVE-2018-13821,(no title),0.907133
14,race condition in temporary file creation,taumode,5,CVE-2018-9028,(no title),0.906582
14,race condition in temporary file creation,taumode,6,CVE-2011-1386,(no title),0.905941
14,race condition in temporary file creation,taumode,7,CVE-2017-6338,(no title),0.905603
14,race condition in temporary file creation,taumode,8,CVE-2018-1380,(no title),0.905308
14,race condition in temporary file creation,taumode,9,CVE-2012-4546,(no title),0.905304
14,race condition in temporary file creation,taumode,10,CVE-2012-0078,(no title),0.905224
14,race condition in temporary file creation,taumode,11,CVE-2015-4664,(no title),0.905184
14,race condition in temporary file creation,taumode,12,CVE-2017-2208,(no title),0.905033
14,race condition in temporary file creation,taumode,13,CVE-2024-23674,(no title),0.904907
14,race condition in temporary file creation,taumode,14,CVE-2013-2255,(no title),0.904884
14,race condition in temporary file creation,taumode,15,CVE-2018-9021,(no title),0.904828
14,race condition in temporary file creation,taumode,16,CVE-2018-1443,(no title),0.904426
14,race condition in temporary file creation,taumode,17,CVE-2020-6311,(no title),0.904274
14,race condition in temporary file creation,taumode,18,CVE-2020-6362,(no title),0.904266
14,race condition in temporary file creation,taumode,19,CVE-2019-0379,(no title),0.903987
14,race condition in temporary file creation,taumode,20,CVE-2019-5280,(no title),0.903879
14,race condition in temporary file creation,taumode,21,CVE-2025-24506,(no title),0.903255
14,race condition in temporary file creation,taumode,22,CVE-2017-9601,(no title),0.903120
14,race condition in temporary file creation,taumode,23,CVE-2019-6504,(no title),0.903001
14,race condition in temporary file creation,taumode,24,CVE-2021-27613,(no title),0.902943
14,race condition in temporary file creation,taumode,25,CVE-2012-4838,(no title),0.902918
15,path canonicalization bypass in file download servlet,Cosine,1,CVE-2006-3172,(no title),0.843571
15,path canonicalization bypass in file download servlet,Cosine,2,CVE-2013-4883,(no title),0.843032
15,path canonicalization bypass in file download servlet,Cosine,3,CVE-2009-1553,(no title),0.841626
15,path canonicalization bypass in file download servlet,Cosine,4,CVE-2015-6509,(no title),0.839720
15,path canonicalization bypass in file download servlet,Cosine,5,CVE-2015-7391,(no title),0.839402
15,path canonicalization bypass in file download servlet,Cosine,6,CVE-2022-40145,Apache Karaf: JDBC JAAS LDAP injection,0.837685
15,path canonicalization bypass in file download servlet,Cosine,7,CVE-2023-27296,Apache InLong: JDBC Deserialization Vulnerability in InLong,0.836165
15,path canonicalization bypass in file download servlet,Cosine,8,CVE-2015-6929,(no title),0.835581
15,path canonicalization bypass in file download servlet,Cosine,9,CVE-2016-9554,(no title),0.833516
15,path canonicalization bypass in file download servlet,Cosine,10,CVE-2008-6840,(no title),0.833484
15,path canonicalization bypass in file download servlet,Cosine,11,CVE-2008-1969,(no title),0.832347
15,path canonicalization bypass in file download servlet,Cosine,12,CVE-2009-4237,(no title),0.832213
15,path canonicalization bypass in file download servlet,Cosine,13,CVE-2007-5642,(no title),0.831091
15,path canonicalization bypass in file download servlet,Cosine,14,CVE-2015-2351,(no title),0.829408
15,path canonicalization bypass in file download servlet,Cosine,15,CVE-2008-7092,(no title),0.828519
15,path canonicalization bypass in file download servlet,Cosine,16,CVE-2025-23203,Icinga has rest API endpoints accessible to restricted users,0.828317
15,path canonicalization bypass in file download servlet,Cosine,17,CVE-2009-4571,(no title),0.828222
15,path canonicalization bypass in file download servlet,Cosine,18,CVE-2007-0056,(no title),0.828213
15,path canonicalization bypass in file download servlet,Cosine,19,CVE-2011-5287,(no title),0.827152
15,path canonicalization bypass in file download servlet,Cosine,20,CVE-2016-4350,(no title),0.826746
15,path canonicalization bypass in file download servlet,Cosine,21,CVE-2023-46302,Apache Submarine: Fix CVE-2022-1471 SnakeYaml unsafe deserialization,0.826645
15,path canonicalization bypass in file download servlet,Cosine,22,CVE-2010-0432,(no title),0.826294
15,path canonicalization bypass in file download servlet,Cosine,23,CVE-2007-3594,(no title),0.826216
15,path canonicalization bypass in file download servlet,Cosine,24,CVE-2011-5073,(no title),0.825494
15,path canonicalization bypass in file download servlet,Cosine,25,CVE-2017-12761,(no title),0.825074
15,path canonicalization bypass in file download servlet,hybrid,1,CVE-2013-4883,(no title),0.886775
15,path canonicalization bypass in file download servlet,hybrid,2,CVE-2009-1553,(no title),0.885840
15,path canonicalization bypass in file download servlet,hybrid,3,CVE-2015-6509,(no title),0.884562
15,path canonicalization bypass in file download servlet,hybrid,4,CVE-2022-40145,Apache Karaf: JDBC JAAS LDAP injection,0.883131
15,path canonicalization bypass in file download servlet,hybrid,5,CVE-2023-27296,Apache InLong: JDBC Deserialization Vulnerability in InLong,0.882009
15,path canonicalization bypass in file download servlet,hybrid,6,CVE-2015-6929,(no title),0.881408
15,path canonicalization bypass in file download servlet,hybrid,7,CVE-2016-9554,(no title),0.880106
15,path canonicalization bypass in file download servlet,hybrid,8,CVE-2009-4237,(no title),0.879172
15,path canonicalization bypass in file download servlet,hybrid,9,CVE-2023-46302,Apache Submarine: Fix CVE-2022-1471 SnakeYaml unsafe deserialization,0.875169
15,path canonicalization bypass in file download servlet,hybrid,10,CVE-2016-4350,(no title),0.875166
15,path canonicalization bypass in file download servlet,hybrid,11,CVE-2007-3594,(no title),0.874806
15,path canonicalization bypass in file download servlet,hybrid,12,CVE-2007-5642,(no title),0.874056
15,path canonicalization bypass in file download servlet,hybrid,13,CVE-2017-12761,(no title),0.874005
15,path canonicalization bypass in file download servlet,hybrid,14,CVE-2012-4396,(no title),0.873965
15,path canonicalization bypass in file download servlet,hybrid,15,CVE-2023-30465,Apache InLong: SQL injection in apache inLong 1.5.0,0.873757
15,path canonicalization bypass in file download servlet,hybrid,16,CVE-2007-1723,(no title),0.872546
15,path canonicalization bypass in file download servlet,hybrid,17,CVE-2022-31195,Path traversal vulnerability in Simple Archive Format package import in DSpace,0.872469
15,path canonicalization bypass in file download servlet,hybrid,18,CVE-2014-4312,(no title),0.872131
15,path canonicalization bypass in file download servlet,hybrid,19,CVE-2023-5123,Improper Path Sanitization in JSON Datasource Plugin,0.871074
15,path canonicalization bypass in file download servlet,hybrid,20,CVE-2025-63390,(no title),0.870110
15,path canonicalization bypass in file download servlet,hybrid,21,CVE-2013-7216,(no title),0.869975
15,path canonicalization bypass in file download servlet,hybrid,22,CVE-2020-21524,(no title),0.869896
15,path canonicalization bypass in file download servlet,hybrid,23,CVE-2017-14142,(no title),0.869185
15,path canonicalization bypass in file download servlet,hybrid,24,CVE-2009-3439,(no title),0.869111
15,path canonicalization bypass in file download servlet,hybrid,25,CVE-2007-1628,(no title),0.868770
15,path canonicalization bypass in file download servlet,taumode,1,CVE-2013-4883,(no title),0.933643
15,path canonicalization bypass in file download servlet,taumode,2,CVE-2009-1553,(no title),0.933211
15,path canonicalization bypass in file download servlet,taumode,3,CVE-2015-6509,(no title),0.932606
15,path canonicalization bypass in file download servlet,taumode,4,CVE-2022-40145,Apache Karaf: JDBC JAAS LDAP injection,0.931823
15,path canonicalization bypass in file download servlet,taumode,5,CVE-2023-27296,Apache InLong: JDBC Deserialization Vulnerability in InLong,0.931128
15,path canonicalization bypass in file download servlet,taumode,6,CVE-2015-6929,(no title),0.930508
15,path canonicalization bypass in file download servlet,taumode,7,CVE-2016-9554,(no title),0.930024
15,path canonicalization bypass in file download servlet,taumode,8,CVE-2009-4237,(no title),0.929485
15,path canonicalization bypass in file download servlet,taumode,9,CVE-2023-46302,Apache Submarine: Fix CVE-2022-1471 SnakeYaml unsafe deserialization,0.927158
15,path canonicalization bypass in file download servlet,taumode,10,CVE-2016-4350,(no title),0.927044
15,path canonicalization bypass in file download servlet,taumode,11,CVE-2007-3594,(no title),0.926867
15,path canonicalization bypass in file download servlet,taumode,12,CVE-2017-12761,(no title),0.926431
15,path canonicalization bypass in file download servlet,taumode,13,CVE-2012-4396,(no title),0.926358
15,path canonicalization bypass in file download servlet,taumode,14,CVE-2023-30465,Apache InLong: SQL injection in apache inLong 1.5.0,0.926357
15,path canonicalization bypass in file download servlet,taumode,15,CVE-2022-31195,Path traversal vulnerability in Simple Archive Format package import in DSpace,0.925595
15,path canonicalization bypass in file download servlet,taumode,16,CVE-2007-1723,(no title),0.925374
15,path canonicalization bypass in file download servlet,taumode,17,CVE-2014-4312,(no title),0.925296
15,path canonicalization bypass in file download servlet,taumode,18,CVE-2023-5123,Improper Path Sanitization in JSON Datasource Plugin,0.924786
15,path canonicalization bypass in file download servlet,taumode,19,CVE-2025-63390,(no title),0.924095
15,path canonicalization bypass in file download servlet,taumode,20,CVE-2020-21524,(no title),0.924061
15,path canonicalization bypass in file download servlet,taumode,21,CVE-2013-7216,(no title),0.923898
15,path canonicalization bypass in file download servlet,taumode,22,CVE-2017-14142,(no title),0.923567
15,path canonicalization bypass in file download servlet,taumode,23,CVE-2009-3439,(no title),0.923550
15,path canonicalization bypass in file download servlet,taumode,24,CVE-2007-1628,(no title),0.923418
15,path canonicalization bypass in file download servlet,taumode,25,CVE-2012-1062,(no title),0.923297
16,sandbox escape in browser extension messaging interface,Cosine,1,CVE-2024-10125,Lack of JWT issuer and signer validation,0.849279
16,sandbox escape in browser extension messaging interface,Cosine,2,CVE-2026-5234,LatePoint <= 5.3.2 - Insecure Direct Object Reference to Unauthenticated Sensitive Financial Data Exposure via Sequential Invoice ID,0.847450
16,sandbox escape in browser extension messaging interface,Cosine,3,CVE-2025-63390,(no title),0.843133
16,sandbox escape in browser extension messaging interface,Cosine,4,CVE-2008-6706,(no title),0.843053
16,sandbox escape in browser extension messaging interface,Cosine,5,CVE-2020-26212,Any GLPI CalDAV calendars is read-only for every authenticated user,0.840870
16,sandbox escape in browser extension messaging interface,Cosine,6,CVE-2018-15758,Privilege Escalation in spring-security-oauth2,0.840123
16,sandbox escape in browser extension messaging interface,Cosine,7,CVE-2024-8535,Authenticated user can access unintended user capabilities,0.838054
16,sandbox escape in browser extension messaging interface,Cosine,8,CVE-2011-3684,(no title),0.837635
16,sandbox escape in browser extension messaging interface,Cosine,9,CVE-2009-3487,(no title),0.837491
16,sandbox escape in browser extension messaging interface,Cosine,10,CVE-2016-4350,(no title),0.836994
16,sandbox escape in browser extension messaging interface,Cosine,11,CVE-2026-31820,Sylius affected by IDOR in Cart and Checkout LiveComponents,0.836942
16,sandbox escape in browser extension messaging interface,Cosine,12,CVE-2014-4309,(no title),0.836857
16,sandbox escape in browser extension messaging interface,Cosine,13,CVE-2021-30648,(no title),0.836774
16,sandbox escape in browser extension messaging interface,Cosine,14,CVE-2015-6509,(no title),0.835362
16,sandbox escape in browser extension messaging interface,Cosine,15,CVE-2025-34234,Vasion Print (formerly PrinterLogic) Hardcoded Encryption Private Keys,0.835287
16,sandbox escape in browser extension messaging interface,Cosine,16,CVE-2024-45164,(no title),0.835103
16,sandbox escape in browser extension messaging interface,Cosine,17,CVE-2016-4948,(no title),0.834214
16,sandbox escape in browser extension messaging interface,Cosine,18,CVE-2012-3805,(no title),0.834081
16,sandbox escape in browser extension messaging interface,Cosine,19,CVE-2025-34062,OneLogin AD Connector API Credential and Signing Key Exposure,0.833495
16,sandbox escape in browser extension messaging interface,Cosine,20,CVE-2015-7494,(no title),0.833208
16,sandbox escape in browser extension messaging interface,Cosine,21,CVE-2008-3081,(no title),0.832644
16,sandbox escape in browser extension messaging interface,Cosine,22,CVE-2026-33990,Docker Model Runner OCI Registry Client Vulnerable to Server-Side Request Forgery (SSRF),0.832373
16,sandbox escape in browser extension messaging interface,Cosine,23,CVE-2021-40261,(no title),0.831899
16,sandbox escape in browser extension messaging interface,Cosine,24,CVE-2026-33726,Cilium L7 proxy may bypass Kubernetes NetworkPolicy for same-node traffic,0.831484
16,sandbox escape in browser extension messaging interface,Cosine,25,CVE-2021-43271,(no title),0.831302
16,sandbox escape in browser extension messaging interface,hybrid,1,CVE-2024-13301,OAuth & OpenID Connect Single Sign On – SSO (OAuth/OIDC Client) - Critical - Cross Site Scripting - SA-CONTRIB-2024-067,0.874539
16,sandbox escape in browser extension messaging interface,hybrid,2,CVE-2026-31820,Sylius affected by IDOR in Cart and Checkout LiveComponents,0.873114
16,sandbox escape in browser extension messaging interface,hybrid,3,CVE-2026-25045,Budibase Critical Privilege Escalation & IDOR via Missing RBAC on User Role Management (Creator-Role),0.869787
16,sandbox escape in browser extension messaging interface,hybrid,4,CVE-2024-10125,Lack of JWT issuer and signer validation,0.862142
16,sandbox escape in browser extension messaging interface,hybrid,5,CVE-2026-24516,(no title),0.861842
16,sandbox escape in browser extension messaging interface,hybrid,6,CVE-2026-5234,LatePoint <= 5.3.2 - Insecure Direct Object Reference to Unauthenticated Sensitive Financial Data Exposure via Sequential Invoice ID,0.860995
16,sandbox escape in browser extension messaging interface,hybrid,7,CVE-2006-6031,(no title),0.860583
16,sandbox escape in browser extension messaging interface,hybrid,8,CVE-2006-4118,(no title),0.860248
16,sandbox escape in browser extension messaging interface,hybrid,9,CVE-2014-4309,(no title),0.859323
16,sandbox escape in browser extension messaging interface,hybrid,10,CVE-2015-6005,(no title),0.859044
16,sandbox escape in browser extension messaging interface,hybrid,11,CVE-2025-63390,(no title),0.857799
16,sandbox escape in browser extension messaging interface,hybrid,12,CVE-2008-6706,(no title),0.857705
16,sandbox escape in browser extension messaging interface,hybrid,13,CVE-2023-50291,Apache Solr: System Property redaction logic inconsistency can lead to leaked passwords,0.856394
16,sandbox escape in browser extension messaging interface,hybrid,14,CVE-2020-26212,Any GLPI CalDAV calendars is read-only for every authenticated user,0.856092
16,sandbox escape in browser extension messaging interface,hybrid,15,CVE-2018-15758,Privilege Escalation in spring-security-oauth2,0.855562
16,sandbox escape in browser extension messaging interface,hybrid,16,CVE-2019-9753,(no title),0.854914
16,sandbox escape in browser extension messaging interface,hybrid,17,CVE-2025-53663,(no title),0.854138
16,sandbox escape in browser extension messaging interface,hybrid,18,CVE-2024-8535,Authenticated user can access unintended user capabilities,0.854084
16,sandbox escape in browser extension messaging interface,hybrid,19,CVE-2025-47849,Apache CloudStack: Insecure access of user's API/Secret Keys in the same domain,0.853806
16,sandbox escape in browser extension messaging interface,hybrid,20,CVE-2011-3684,(no title),0.853787
16,sandbox escape in browser extension messaging interface,hybrid,21,CVE-2009-3487,(no title),0.853700
16,sandbox escape in browser extension messaging interface,hybrid,22,CVE-2016-4350,(no title),0.853378
16,sandbox escape in browser extension messaging interface,hybrid,23,CVE-2021-30648,(no title),0.853175
16,sandbox escape in browser extension messaging interface,hybrid,24,CVE-2025-4235,User-ID Credential Agent: Cleartext Exposure of Service Account password,0.852772
16,sandbox escape in browser extension messaging interface,hybrid,25,CVE-2026-4880,Barcode Scanner (+Mobile App) <= 1.11.0 - Unauthenticated Privilege Escalation via Insecure Token Authentication,0.852340
16,sandbox escape in browser extension messaging interface,taumode,1,CVE-2024-13301,OAuth & OpenID Connect Single Sign On – SSO (OAuth/OIDC Client) - Critical - Cross Site Scripting - SA-CONTRIB-2024-067,0.925363
16,sandbox escape in browser extension messaging interface,taumode,2,CVE-2026-25045,Budibase Critical Privilege Escalation & IDOR via Missing RBAC on User Role Management (Creator-Role),0.915887
16,sandbox escape in browser extension messaging interface,taumode,3,CVE-2006-6031,(no title),0.915436
16,sandbox escape in browser extension messaging interface,taumode,4,CVE-2026-31820,Sylius affected by IDOR in Cart and Checkout LiveComponents,0.911869
16,sandbox escape in browser extension messaging interface,taumode,5,CVE-2009-4037,(no title),0.910178
16,sandbox escape in browser extension messaging interface,taumode,6,CVE-2020-10372,(no title),0.909705
16,sandbox escape in browser extension messaging interface,taumode,7,CVE-2014-8487,(no title),0.909206
16,sandbox escape in browser extension messaging interface,taumode,8,CVE-2022-26323,Incorrect Use of Privileged vulnerability has been discovered on OpenText™ UCMDB and Operation Bridge Manager product.,0.909155
16,sandbox escape in browser extension messaging interface,taumode,9,CVE-2025-47849,Apache CloudStack: Insecure access of user's API/Secret Keys in the same domain,0.908557
16,sandbox escape in browser extension messaging interface,taumode,10,CVE-2007-0186,(no title),0.908094
16,sandbox escape in browser extension messaging interface,taumode,11,CVE-2022-41252,(no title),0.907494
16,sandbox escape in browser extension messaging interface,taumode,12,CVE-2026-25726,Cloudreve is vulnerable to Account Takeover via Weak Cryptographic Token Generation (Insecure PRNG Seeding),0.907393
16,sandbox escape in browser extension messaging interface,taumode,13,CVE-2016-6190,(no title),0.907251
16,sandbox escape in browser extension messaging interface,taumode,14,CVE-2026-1906,PDF Invoices & Packing Slips for WooCommerce <= 5.6.0 - Missing Authorization to Authenticated (Subscriber+) Peppol Identifier Modification,0.907068
16,sandbox escape in browser extension messaging interface,taumode,15,CVE-2021-39270,(no title),0.906638
16,sandbox escape in browser extension messaging interface,taumode,16,CVE-2019-9753,(no title),0.906595
16,sandbox escape in browser extension messaging interface,taumode,17,CVE-2012-1664,(no title),0.906311
16,sandbox escape in browser extension messaging interface,taumode,18,CVE-2007-6366,(no title),0.906065
16,sandbox escape in browser extension messaging interface,taumode,19,CVE-2014-3111,(no title),0.905961
16,sandbox escape in browser extension messaging interface,taumode,20,CVE-2024-53355,(no title),0.905879
16,sandbox escape in browser extension messaging interface,taumode,21,CVE-2026-1916,WPGSI: Spreadsheet Integration <= 3.8.3 - Missing Authorization to Unauthenticated Arbitrary Post Creation and Deletion via Forged Base64 Token,0.905865
16,sandbox escape in browser extension messaging interface,taumode,22,CVE-2015-6005,(no title),0.905753
16,sandbox escape in browser extension messaging interface,taumode,23,CVE-2026-0759,Katana Network Development Starter Kit executeCommand Command Injection Remote Code Execution Vulnerability,0.904989
16,sandbox escape in browser extension messaging interface,taumode,24,CVE-2026-4880,Barcode Scanner (+Mobile App) <= 1.11.0 - Unauthenticated Privilege Escalation via Insecure Token Authentication,0.904807
16,sandbox escape in browser extension messaging interface,taumode,25,CVE-2022-20620,(no title),0.904664
17,prototype pollution in Node.js configuration merge utility,Cosine,1,CVE-2026-24046,Backstage has a Possible Symlink Path Traversal in Scaffolder Actions,0.872817
17,prototype pollution in Node.js configuration merge utility,Cosine,2,CVE-2021-47176,s390/dasd: add missing discipline function,0.871387
17,prototype pollution in Node.js configuration merge utility,Cosine,3,CVE-2025-40362,ceph: fix multifs mds auth caps issue,0.868466
17,prototype pollution in Node.js configuration merge utility,Cosine,4,CVE-2025-62156,argo-workflows Zip Slip path traversal allows arbitrary file write and container configuration overwrite,0.866549
17,prototype pollution in Node.js configuration merge utility,Cosine,5,CVE-2023-35165,AWS CDK EKS overly permissive trust policies,0.866499
17,prototype pollution in Node.js configuration merge utility,Cosine,6,CVE-2017-8411,(no title),0.866029
17,prototype pollution in Node.js configuration merge utility,Cosine,7,CVE-2026-24056,pnpm has symlink traversal in file:/git dependencies,0.865378
17,prototype pollution in Node.js configuration merge utility,Cosine,8,CVE-2022-50255,tracing: Fix reading strings from synthetic events,0.865377
17,prototype pollution in Node.js configuration merge utility,Cosine,9,CVE-2017-8404,(no title),0.865067
17,prototype pollution in Node.js configuration merge utility,Cosine,10,CVE-2024-56514,Karmada Tar Slips in CRDs archive extraction,0.864762
17,prototype pollution in Node.js configuration merge utility,Cosine,11,CVE-2023-24827,Credential disclosure in syft when SYFT_ATTEST_PASSWORD environment variable set in syft,0.864224
17,prototype pollution in Node.js configuration merge utility,Cosine,12,CVE-2026-40159,PraisonAI Exposes Sensitive Environment Variable via Untrusted MCP Subprocess Execution,0.862985
17,prototype pollution in Node.js configuration merge utility,Cosine,13,CVE-2025-67091,(no title),0.862869
17,prototype pollution in Node.js configuration merge utility,Cosine,14,CVE-2024-43803,BMO can expose particularly named secrets from other namespaces via BMH CRD,0.862313
17,prototype pollution in Node.js configuration merge utility,Cosine,15,CVE-2024-31457,gin-vue-admin background arbitrary code coverage vulnerability,0.862090
17,prototype pollution in Node.js configuration merge utility,Cosine,16,CVE-2020-14004,(no title),0.862011
17,prototype pollution in Node.js configuration merge utility,Cosine,17,CVE-2021-35975,(no title),0.861772
17,prototype pollution in Node.js configuration merge utility,Cosine,18,CVE-2024-42099,s390/dasd: Fix invalid dereferencing of indirect CCW data pointer,0.861354
17,prototype pollution in Node.js configuration merge utility,Cosine,19,CVE-2017-16690,(no title),0.860993
17,prototype pollution in Node.js configuration merge utility,Cosine,20,CVE-2026-32146,Improper Path Validation in Git Dependency Handling Allows Arbitrary File System Modification,0.860947
17,prototype pollution in Node.js configuration merge utility,Cosine,21,CVE-2025-40069,drm/msm: Fix obj leak in VM_BIND error path,0.860733
17,prototype pollution in Node.js configuration merge utility,Cosine,22,CVE-2022-28658,(no title),0.860696
17,prototype pollution in Node.js configuration merge utility,Cosine,23,CVE-2021-47366,afs: Fix corruption in reads at fpos 2G-4G from an OpenAFS server,0.860575
17,prototype pollution in Node.js configuration merge utility,Cosine,24,CVE-2025-34234,Vasion Print (formerly PrinterLogic) Hardcoded Encryption Private Keys,0.860256
17,prototype pollution in Node.js configuration merge utility,Cosine,25,CVE-2022-29184,Command Injection/Argument Injection in GoCD,0.860196
17,prototype pollution in Node.js configuration merge utility,hybrid,1,CVE-2026-24046,Backstage has a Possible Symlink Path Traversal in Scaffolder Actions,0.908356
17,prototype pollution in Node.js configuration merge utility,hybrid,2,CVE-2021-47176,s390/dasd: add missing discipline function,0.907386
17,prototype pollution in Node.js configuration merge utility,hybrid,3,CVE-2025-40362,ceph: fix multifs mds auth caps issue,0.905241
17,prototype pollution in Node.js configuration merge utility,hybrid,4,CVE-2025-62156,argo-workflows Zip Slip path traversal allows arbitrary file write and container configuration overwrite,0.903899
17,prototype pollution in Node.js configuration merge utility,hybrid,5,CVE-2023-35165,AWS CDK EKS overly permissive trust policies,0.903849
17,prototype pollution in Node.js configuration merge utility,hybrid,6,CVE-2017-8411,(no title),0.903493
17,prototype pollution in Node.js configuration merge utility,hybrid,7,CVE-2026-24056,pnpm has symlink traversal in file:/git dependencies,0.903023
17,prototype pollution in Node.js configuration merge utility,hybrid,8,CVE-2022-50255,tracing: Fix reading strings from synthetic events,0.903020
17,prototype pollution in Node.js configuration merge utility,hybrid,9,CVE-2017-8404,(no title),0.902801
17,prototype pollution in Node.js configuration merge utility,hybrid,10,CVE-2024-56514,Karmada Tar Slips in CRDs archive extraction,0.902615
17,prototype pollution in Node.js configuration merge utility,hybrid,11,CVE-2026-40159,PraisonAI Exposes Sensitive Environment Variable via Untrusted MCP Subprocess Execution,0.901277
17,prototype pollution in Node.js configuration merge utility,hybrid,12,CVE-2025-67091,(no title),0.901260
17,prototype pollution in Node.js configuration merge utility,hybrid,13,CVE-2024-43803,BMO can expose particularly named secrets from other namespaces via BMH CRD,0.900825
17,prototype pollution in Node.js configuration merge utility,hybrid,14,CVE-2024-31457,gin-vue-admin background arbitrary code coverage vulnerability,0.900668
17,prototype pollution in Node.js configuration merge utility,hybrid,15,CVE-2020-14004,(no title),0.900601
17,prototype pollution in Node.js configuration merge utility,hybrid,16,CVE-2021-35975,(no title),0.900426
17,prototype pollution in Node.js configuration merge utility,hybrid,17,CVE-2024-42099,s390/dasd: Fix invalid dereferencing of indirect CCW data pointer,0.900163
17,prototype pollution in Node.js configuration merge utility,hybrid,18,CVE-2026-32146,Improper Path Validation in Git Dependency Handling Allows Arbitrary File System Modification,0.899882
17,prototype pollution in Node.js configuration merge utility,hybrid,19,CVE-2017-16690,(no title),0.899843
17,prototype pollution in Node.js configuration merge utility,hybrid,20,CVE-2022-28658,(no title),0.899684
17,prototype pollution in Node.js configuration merge utility,hybrid,21,CVE-2021-47366,afs: Fix corruption in reads at fpos 2G-4G from an OpenAFS server,0.899575
17,prototype pollution in Node.js configuration merge utility,hybrid,22,CVE-2022-29184,Command Injection/Argument Injection in GoCD,0.899290
17,prototype pollution in Node.js configuration merge utility,hybrid,23,CVE-2025-34234,Vasion Print (formerly PrinterLogic) Hardcoded Encryption Private Keys,0.899213
17,prototype pollution in Node.js configuration merge utility,hybrid,24,CVE-2025-14287,Command Injection in mlflow/mlflow,0.899060
17,prototype pollution in Node.js configuration merge utility,hybrid,25,CVE-2025-37950,ocfs2: fix panic in failed foilio allocation,0.898835
17,prototype pollution in Node.js configuration merge utility,taumode,1,CVE-2026-24046,Backstage has a Possible Symlink Path Traversal in Scaffolder Actions,0.946433
17,prototype pollution in Node.js configuration merge utility,taumode,2,CVE-2021-47176,s390/dasd: add missing discipline function,0.945956
17,prototype pollution in Node.js configuration merge utility,taumode,3,CVE-2025-40362,ceph: fix multifs mds auth caps issue,0.944643
17,prototype pollution in Node.js configuration merge utility,taumode,4,CVE-2025-62156,argo-workflows Zip Slip path traversal allows arbitrary file write and container configuration overwrite,0.943917
17,prototype pollution in Node.js configuration merge utility,taumode,5,CVE-2023-35165,AWS CDK EKS overly permissive trust policies,0.943866
17,prototype pollution in Node.js configuration merge utility,taumode,6,CVE-2017-8411,(no title),0.943633
17,prototype pollution in Node.js configuration merge utility,taumode,7,CVE-2026-24056,pnpm has symlink traversal in file:/git dependencies,0.943358
17,prototype pollution in Node.js configuration merge utility,taumode,8,CVE-2022-50255,tracing: Fix reading strings from synthetic events,0.943352
17,prototype pollution in Node.js configuration merge utility,taumode,9,CVE-2017-8404,(no title),0.943231
17,prototype pollution in Node.js configuration merge utility,taumode,10,CVE-2024-56514,Karmada Tar Slips in CRDs archive extraction,0.943173
17,prototype pollution in Node.js configuration merge utility,taumode,11,CVE-2025-67091,(no title),0.942394
17,prototype pollution in Node.js configuration merge utility,taumode,12,CVE-2026-40159,PraisonAI Exposes Sensitive Environment Variable via Untrusted MCP Subprocess Execution,0.942304
17,prototype pollution in Node.js configuration merge utility,taumode,13,CVE-2024-43803,BMO can expose particularly named secrets from other namespaces via BMH CRD,0.942087
17,prototype pollution in Node.js configuration merge utility,taumode,14,CVE-2024-31457,gin-vue-admin background arbitrary code coverage vulnerability,0.942002
17,prototype pollution in Node.js configuration merge utility,taumode,15,CVE-2020-14004,(no title),0.941947
17,prototype pollution in Node.js configuration merge utility,taumode,16,CVE-2021-35975,(no title),0.941842
17,prototype pollution in Node.js configuration merge utility,taumode,17,CVE-2024-42099,s390/dasd: Fix invalid dereferencing of indirect CCW data pointer,0.941744
17,prototype pollution in Node.js configuration merge utility,taumode,18,CVE-2026-32146,Improper Path Validation in Git Dependency Handling Allows Arbitrary File System Modification,0.941597
17,prototype pollution in Node.js configuration merge utility,taumode,19,CVE-2017-16690,(no title),0.941468
17,prototype pollution in Node.js configuration merge utility,taumode,20,CVE-2022-28658,(no title),0.941457
17,prototype pollution in Node.js configuration merge utility,taumode,21,CVE-2021-47366,afs: Fix corruption in reads at fpos 2G-4G from an OpenAFS server,0.941361
17,prototype pollution in Node.js configuration merge utility,taumode,22,CVE-2022-29184,Command Injection/Argument Injection in GoCD,0.941176
17,prototype pollution in Node.js configuration merge utility,taumode,23,CVE-2025-14287,Command Injection in mlflow/mlflow,0.941082
17,prototype pollution in Node.js configuration merge utility,taumode,24,CVE-2025-34234,Vasion Print (formerly PrinterLogic) Hardcoded Encryption Private Keys,0.940952
17,prototype pollution in Node.js configuration merge utility,taumode,25,CVE-2025-38416,NFC: nci: uart: Set tty->disc_data only in success path,0.940926
18,request smuggling in reverse proxy parser,Cosine,1,CVE-2026-40179,Prometheus: Stored XSS via metric names and label values in web UI tooltips and metrics explorer,0.855381
18,request smuggling in reverse proxy parser,Cosine,2,CVE-2026-33311,@dicebear/core and @dicebear/initials Vulnerable to SVG Injection via Unsanitized Options,0.854885
18,request smuggling in reverse proxy parser,Cosine,3,CVE-2025-59154,Openfire allows potential identity spoofing via unsafe CN parsing,0.851320
18,request smuggling in reverse proxy parser,Cosine,4,CVE-2026-33672,Picomatch: Method Injection in POSIX Character Classes causes incorrect Glob Matching,0.848818
18,request smuggling in reverse proxy parser,Cosine,5,CVE-2013-2583,(no title),0.848602
18,request smuggling in reverse proxy parser,Cosine,6,CVE-2026-35565,Apache Storm UI: Stored Cross-Site Scripting (XSS) via Unsanitized Topology Metadata in Storm UI,0.848089
18,request smuggling in reverse proxy parser,Cosine,7,CVE-2009-4780,(no title),0.847581
18,request smuggling in reverse proxy parser,Cosine,8,CVE-2009-3487,(no title),0.846187
18,request smuggling in reverse proxy parser,Cosine,9,CVE-2025-66258,Stored Cross-Site Scripting via XML Injection,0.846044
18,request smuggling in reverse proxy parser,Cosine,10,CVE-2025-24813,Apache Tomcat: Potential RCE and/or information disclosure and/or information corruption with partial PUT,0.845921
18,request smuggling in reverse proxy parser,Cosine,11,CVE-2026-24048,Backstage has a Possible SSRF when reading from allowed URL's in `backend.reading.allow`,0.845246
18,request smuggling in reverse proxy parser,Cosine,12,CVE-2013-1646,(no title),0.843747
18,request smuggling in reverse proxy parser,Cosine,13,CVE-2008-6945,(no title),0.843629
18,request smuggling in reverse proxy parser,Cosine,14,CVE-2026-40858,Apache Camel: Camel-Infinispan: Unsafe Deserialization in Remote Aggregation Repository,0.843160
18,request smuggling in reverse proxy parser,Cosine,15,CVE-2020-25205,(no title),0.842601
18,request smuggling in reverse proxy parser,Cosine,16,CVE-2023-22456,ViewVC XSS vulnerability in revision view changed paths,0.842224
18,request smuggling in reverse proxy parser,Cosine,17,CVE-2006-2349,(no title),0.841768
18,request smuggling in reverse proxy parser,Cosine,18,CVE-2020-5217,Directive injection when using dynamic overrides with user input in RubyGems secure_headers,0.841593
18,request smuggling in reverse proxy parser,Cosine,19,CVE-2026-25143,melange affected by potential host command execution via license-check YAML mode patch pipeline,0.840854
18,request smuggling in reverse proxy parser,Cosine,20,CVE-2026-24749,Silverstripe Assets Module has a DBFile::getURL() permission bypass,0.840676
18,request smuggling in reverse proxy parser,Cosine,21,CVE-2013-4235,(no title),0.840653
18,request smuggling in reverse proxy parser,Cosine,22,CVE-2026-39315,Unhead has a hasDangerousProtocol() bypass via leading-zero padded HTML entities in useHeadSafe(),0.840458
18,request smuggling in reverse proxy parser,Cosine,23,CVE-2009-3237,(no title),0.840327
18,request smuggling in reverse proxy parser,Cosine,24,CVE-2026-40473,Apache Camel Mina: Unsafe Deserialization in MinaConverter.toObjectInput() via TCP/UDP,0.840257
18,request smuggling in reverse proxy parser,Cosine,25,CVE-2016-9938,(no title),0.839959
18,request smuggling in reverse proxy parser,hybrid,1,CVE-2026-40179,Prometheus: Stored XSS via metric names and label values in web UI tooltips and metrics explorer,0.895857
18,request smuggling in reverse proxy parser,hybrid,2,CVE-2026-33311,@dicebear/core and @dicebear/initials Vulnerable to SVG Injection via Unsanitized Options,0.895511
18,request smuggling in reverse proxy parser,hybrid,3,CVE-2025-59154,Openfire allows potential identity spoofing via unsafe CN parsing,0.892930
18,request smuggling in reverse proxy parser,hybrid,4,CVE-2026-33672,Picomatch: Method Injection in POSIX Character Classes causes incorrect Glob Matching,0.891111
18,request smuggling in reverse proxy parser,hybrid,5,CVE-2013-2583,(no title),0.890923
18,request smuggling in reverse proxy parser,hybrid,6,CVE-2026-35565,Apache Storm UI: Stored Cross-Site Scripting (XSS) via Unsanitized Topology Metadata in Storm UI,0.890610
18,request smuggling in reverse proxy parser,hybrid,7,CVE-2009-4780,(no title),0.890160
18,request smuggling in reverse proxy parser,hybrid,8,CVE-2009-3487,(no title),0.889228
18,request smuggling in reverse proxy parser,hybrid,9,CVE-2025-66258,Stored Cross-Site Scripting via XML Injection,0.889104
18,request smuggling in reverse proxy parser,hybrid,10,CVE-2025-24813,Apache Tomcat: Potential RCE and/or information disclosure and/or information corruption with partial PUT,0.888968
18,request smuggling in reverse proxy parser,hybrid,11,CVE-2026-24048,Backstage has a Possible SSRF when reading from allowed URL's in `backend.reading.allow`,0.888536
18,request smuggling in reverse proxy parser,hybrid,12,CVE-2013-1646,(no title),0.887454
18,request smuggling in reverse proxy parser,hybrid,13,CVE-2008-6945,(no title),0.887367
18,request smuggling in reverse proxy parser,hybrid,14,CVE-2026-40858,Apache Camel: Camel-Infinispan: Unsafe Deserialization in Remote Aggregation Repository,0.887056
18,request smuggling in reverse proxy parser,hybrid,15,CVE-2020-25205,(no title),0.886594
18,request smuggling in reverse proxy parser,hybrid,16,CVE-2023-22456,ViewVC XSS vulnerability in revision view changed paths,0.886365
18,request smuggling in reverse proxy parser,hybrid,17,CVE-2006-2349,(no title),0.886048
18,request smuggling in reverse proxy parser,hybrid,18,CVE-2020-5217,Directive injection when using dynamic overrides with user input in RubyGems secure_headers,0.885880
18,request smuggling in reverse proxy parser,hybrid,19,CVE-2026-25143,melange affected by potential host command execution via license-check YAML mode patch pipeline,0.885343
18,request smuggling in reverse proxy parser,hybrid,20,CVE-2026-24749,Silverstripe Assets Module has a DBFile::getURL() permission bypass,0.885215
18,request smuggling in reverse proxy parser,hybrid,21,CVE-2013-4235,(no title),0.885172
18,request smuggling in reverse proxy parser,hybrid,22,CVE-2026-39315,Unhead has a hasDangerousProtocol() bypass via leading-zero padded HTML entities in useHeadSafe(),0.885079
18,request smuggling in reverse proxy parser,hybrid,23,CVE-2026-40473,Apache Camel Mina: Unsafe Deserialization in MinaConverter.toObjectInput() via TCP/UDP,0.884983
18,request smuggling in reverse proxy parser,hybrid,24,CVE-2009-3237,(no title),0.884939
18,request smuggling in reverse proxy parser,hybrid,25,CVE-2016-9938,(no title),0.884653
18,request smuggling in reverse proxy parser,taumode,1,CVE-2026-40179,Prometheus: Stored XSS via metric names and label values in web UI tooltips and metrics explorer,0.939225
18,request smuggling in reverse proxy parser,taumode,2,CVE-2026-33311,@dicebear/core and @dicebear/initials Vulnerable to SVG Injection via Unsanitized Options,0.939038
18,request smuggling in reverse proxy parser,taumode,3,CVE-2025-59154,Openfire allows potential identity spoofing via unsafe CN parsing,0.937513
18,request smuggling in reverse proxy parser,taumode,4,CVE-2026-33672,Picomatch: Method Injection in POSIX Character Classes causes incorrect Glob Matching,0.936425
18,request smuggling in reverse proxy parser,taumode,5,CVE-2013-2583,(no title),0.936267
18,request smuggling in reverse proxy parser,taumode,6,CVE-2026-35565,Apache Storm UI: Stored Cross-Site Scripting (XSS) via Unsanitized Topology Metadata in Storm UI,0.936169
18,request smuggling in reverse proxy parser,taumode,7,CVE-2009-4780,(no title),0.935780
18,request smuggling in reverse proxy parser,taumode,8,CVE-2009-3487,(no title),0.935344
18,request smuggling in reverse proxy parser,taumode,9,CVE-2025-66258,Stored Cross-Site Scripting via XML Injection,0.935240
18,request smuggling in reverse proxy parser,taumode,10,CVE-2025-24813,Apache Tomcat: Potential RCE and/or information disclosure and/or information corruption with partial PUT,0.935090
18,request smuggling in reverse proxy parser,taumode,11,CVE-2026-24048,Backstage has a Possible SSRF when reading from allowed URL's in `backend.reading.allow`,0.934918
18,request smuggling in reverse proxy parser,taumode,12,CVE-2013-1646,(no title),0.934284
18,request smuggling in reverse proxy parser,taumode,13,CVE-2008-6945,(no title),0.934229
18,request smuggling in reverse proxy parser,taumode,14,CVE-2026-40858,Apache Camel: Camel-Infinispan: Unsafe Deserialization in Remote Aggregation Repository,0.934088
18,request smuggling in reverse proxy parser,taumode,15,CVE-2020-25205,(no title),0.933729
18,request smuggling in reverse proxy parser,taumode,16,CVE-2023-22456,ViewVC XSS vulnerability in revision view changed paths,0.933659
18,request smuggling in reverse proxy parser,taumode,17,CVE-2006-2349,(no title),0.933490
18,request smuggling in reverse proxy parser,taumode,18,CVE-2020-5217,Directive injection when using dynamic overrides with user input in RubyGems secure_headers,0.933329
18,request smuggling in reverse proxy parser,taumode,19,CVE-2026-25143,melange affected by potential host command execution via license-check YAML mode patch pipeline,0.933011
18,request smuggling in reverse proxy parser,taumode,20,CVE-2026-24749,Silverstripe Assets Module has a DBFile::getURL() permission bypass,0.932936
18,request smuggling in reverse proxy parser,taumode,21,CVE-2026-40473,Apache Camel Mina: Unsafe Deserialization in MinaConverter.toObjectInput() via TCP/UDP,0.932905
18,request smuggling in reverse proxy parser,taumode,22,CVE-2026-39315,Unhead has a hasDangerousProtocol() bypass via leading-zero padded HTML entities in useHeadSafe(),0.932888
18,request smuggling in reverse proxy parser,taumode,23,CVE-2013-4235,(no title),0.932870
18,request smuggling in reverse proxy parser,taumode,24,CVE-2009-3237,(no title),0.932738
18,request smuggling in reverse proxy parser,taumode,25,CVE-2025-65955,ImageMagick has a use-after-free/double-free risk in Options::fontFamily when clearing family,0.932611
19,insecure default permissions in container runtime socket,Cosine,1,CVE-2022-30313,(no title),0.852531
19,insecure default permissions in container runtime socket,Cosine,2,CVE-2006-0023,(no title),0.845496
19,insecure default permissions in container runtime socket,Cosine,3,CVE-2008-7238,(no title),0.844947
19,insecure default permissions in container runtime socket,Cosine,4,CVE-2018-12182,(no title),0.843780
19,insecure default permissions in container runtime socket,Cosine,5,CVE-2012-3314,(no title),0.843150
19,insecure default permissions in container runtime socket,Cosine,6,CVE-2019-5981,(no title),0.841181
19,insecure default permissions in container runtime socket,Cosine,7,CVE-2012-4838,(no title),0.840705
19,insecure default permissions in container runtime socket,Cosine,8,CVE-2020-5906,(no title),0.840518
19,insecure default permissions in container runtime socket,Cosine,9,CVE-2019-7225,(no title),0.839659
19,insecure default permissions in container runtime socket,Cosine,10,CVE-2019-9950,(no title),0.839476
19,insecure default permissions in container runtime socket,Cosine,11,CVE-2022-28382,(no title),0.839202
19,insecure default permissions in container runtime socket,Cosine,12,CVE-2008-6706,(no title),0.838468
19,insecure default permissions in container runtime socket,Cosine,13,CVE-2025-62506,MinIO vulnerable to privilege escalation via session policy bypass in service accounts and STS,0.838439
19,insecure default permissions in container runtime socket,Cosine,14,CVE-2017-6338,(no title),0.838135
19,insecure default permissions in container runtime socket,Cosine,15,CVE-2014-2541,(no title),0.837248
19,insecure default permissions in container runtime socket,Cosine,16,CVE-2018-12179,(no title),0.836794
19,insecure default permissions in container runtime socket,Cosine,17,CVE-2018-18328,(no title),0.836714
19,insecure default permissions in container runtime socket,Cosine,18,CVE-2007-1057,(no title),0.836644
19,insecure default permissions in container runtime socket,Cosine,19,CVE-2025-70994,(no title),0.836481
19,insecure default permissions in container runtime socket,Cosine,20,CVE-2018-20193,(no title),0.836414
19,insecure default permissions in container runtime socket,Cosine,21,CVE-2020-8145,(no title),0.836163
19,insecure default permissions in container runtime socket,Cosine,22,CVE-2017-2208,(no title),0.836088
19,insecure default permissions in container runtime socket,Cosine,23,CVE-2025-66005,Lack of Authentication in the InputManager D-Bus interface,0.836022
19,insecure default permissions in container runtime socket,Cosine,24,CVE-2013-6922,(no title),0.835975
19,insecure default permissions in container runtime socket,Cosine,25,CVE-2022-30262,(no title),0.835447
19,insecure default permissions in container runtime socket,hybrid,1,CVE-2022-30313,(no title),0.893817
19,insecure default permissions in container runtime socket,hybrid,2,CVE-2018-12182,(no title),0.887467
19,insecure default permissions in container runtime socket,hybrid,3,CVE-2012-3314,(no title),0.887045
19,insecure default permissions in container runtime socket,hybrid,4,CVE-2019-5981,(no title),0.885512
19,insecure default permissions in container runtime socket,hybrid,5,CVE-2012-4838,(no title),0.885265
19,insecure default permissions in container runtime socket,hybrid,6,CVE-2020-5906,(no title),0.885163
19,insecure default permissions in container runtime socket,hybrid,7,CVE-2019-7225,(no title),0.884512
19,insecure default permissions in container runtime socket,hybrid,8,CVE-2019-9950,(no title),0.884384
19,insecure default permissions in container runtime socket,hybrid,9,CVE-2008-6706,(no title),0.883658
19,insecure default permissions in container runtime socket,hybrid,10,CVE-2025-62506,MinIO vulnerable to privilege escalation via session policy bypass in service accounts and STS,0.883575
19,insecure default permissions in container runtime socket,hybrid,11,CVE-2017-6338,(no title),0.883371
19,insecure default permissions in container runtime socket,hybrid,12,CVE-2014-2541,(no title),0.882801
19,insecure default permissions in container runtime socket,hybrid,13,CVE-2018-12179,(no title),0.882446
19,insecure default permissions in container runtime socket,hybrid,14,CVE-2007-1057,(no title),0.882375
19,insecure default permissions in container runtime socket,hybrid,15,CVE-2018-18328,(no title),0.882335
19,insecure default permissions in container runtime socket,hybrid,16,CVE-2025-70994,(no title),0.882227
19,insecure default permissions in container runtime socket,hybrid,17,CVE-2018-20193,(no title),0.882158
19,insecure default permissions in container runtime socket,hybrid,18,CVE-2020-8145,(no title),0.881953
19,insecure default permissions in container runtime socket,hybrid,19,CVE-2017-2208,(no title),0.881888
19,insecure default permissions in container runtime socket,hybrid,20,CVE-2025-66005,Lack of Authentication in the InputManager D-Bus interface,0.881856
19,insecure default permissions in container runtime socket,hybrid,21,CVE-2013-6922,(no title),0.881739
19,insecure default permissions in container runtime socket,hybrid,22,CVE-2022-30262,(no title),0.881493
19,insecure default permissions in container runtime socket,hybrid,23,CVE-2025-68724,crypto: asymmetric_keys - prevent overflow in asymmetric_key_generate_id,0.881354
19,insecure default permissions in container runtime socket,hybrid,24,CVE-2019-11162,(no title),0.881177
19,insecure default permissions in container runtime socket,hybrid,25,CVE-2022-30315,(no title),0.881067
19,insecure default permissions in container runtime socket,taumode,1,CVE-2022-30313,(no title),0.938052
19,insecure default permissions in container runtime socket,taumode,2,CVE-2018-12182,(no title),0.934274
19,insecure default permissions in container runtime socket,taumode,3,CVE-2012-3314,(no title),0.934076
19,insecure default permissions in container runtime socket,taumode,4,CVE-2019-5981,(no title),0.933009
19,insecure default permissions in container runtime socket,taumode,5,CVE-2012-4838,(no title),0.933008
19,insecure default permissions in container runtime socket,taumode,6,CVE-2020-5906,(no title),0.932997
19,insecure default permissions in container runtime socket,taumode,7,CVE-2019-7225,(no title),0.932568
19,insecure default permissions in container runtime socket,taumode,8,CVE-2019-9950,(no title),0.932499
19,insecure default permissions in container runtime socket,taumode,9,CVE-2008-6706,(no title),0.932076
19,insecure default permissions in container runtime socket,taumode,10,CVE-2025-62506,MinIO vulnerable to privilege escalation via session policy bypass in service accounts and STS,0.931935
19,insecure default permissions in container runtime socket,taumode,11,CVE-2017-6338,(no title),0.931839
19,insecure default permissions in container runtime socket,taumode,12,CVE-2014-2541,(no title),0.931607
19,insecure default permissions in container runtime socket,taumode,13,CVE-2007-1057,(no title),0.931371
19,insecure default permissions in container runtime socket,taumode,14,CVE-2018-12179,(no title),0.931358
19,insecure default permissions in container runtime socket,taumode,15,CVE-2025-70994,(no title),0.931240
19,insecure default permissions in container runtime socket,taumode,16,CVE-2018-18328,(no title),0.931216
19,insecure default permissions in container runtime socket,taumode,17,CVE-2018-20193,(no title),0.931170
19,insecure default permissions in container runtime socket,taumode,18,CVE-2020-8145,(no title),0.931015
19,insecure default permissions in container runtime socket,taumode,19,CVE-2025-66005,Lack of Authentication in the InputManager D-Bus interface,0.930964
19,insecure default permissions in container runtime socket,taumode,20,CVE-2017-2208,(no title),0.930959
19,insecure default permissions in container runtime socket,taumode,21,CVE-2022-30262,(no title),0.930829
19,insecure default permissions in container runtime socket,taumode,22,CVE-2013-6922,(no title),0.930772
19,insecure default permissions in container runtime socket,taumode,23,CVE-2025-68724,crypto: asymmetric_keys - prevent overflow in asymmetric_key_generate_id,0.930674
19,insecure default permissions in container runtime socket,taumode,24,CVE-2019-11162,(no title),0.930655
19,insecure default permissions in container runtime socket,taumode,25,CVE-2022-30315,(no title),0.930600
20,heap use-after-free in media streaming server,Cosine,1,CVE-2021-35975,(no title),0.880512
20,heap use-after-free in media streaming server,Cosine,2,CVE-2024-52006,Newline confusion in credential helpers can lead to credential exfiltration in git,0.872288
20,heap use-after-free in media streaming server,Cosine,3,CVE-2017-8230,(no title),0.867522
20,heap use-after-free in media streaming server,Cosine,4,CVE-2023-0587,(no title),0.866744
20,heap use-after-free in media streaming server,Cosine,5,CVE-2025-67091,(no title),0.865794
20,heap use-after-free in media streaming server,Cosine,6,CVE-2019-1000008,(no title),0.864968
20,heap use-after-free in media streaming server,Cosine,7,CVE-2022-49269,can: isotp: sanitize CAN ID checks in isotp_bind(),0.864946
20,heap use-after-free in media streaming server,Cosine,8,CVE-2008-6178,(no title),0.864464
20,heap use-after-free in media streaming server,Cosine,9,CVE-2006-0448,(no title),0.863015
20,heap use-after-free in media streaming server,Cosine,10,CVE-2023-43744,(no title),0.862438
20,heap use-after-free in media streaming server,Cosine,11,CVE-2026-33672,Picomatch: Method Injection in POSIX Character Classes causes incorrect Glob Matching,0.862102
20,heap use-after-free in media streaming server,Cosine,12,CVE-2009-3974,(no title),0.861212
20,heap use-after-free in media streaming server,Cosine,13,CVE-2025-40069,drm/msm: Fix obj leak in VM_BIND error path,0.860838
20,heap use-after-free in media streaming server,Cosine,14,CVE-2018-1000043,(no title),0.860545
20,heap use-after-free in media streaming server,Cosine,15,CVE-2012-1452,(no title),0.860059
20,heap use-after-free in media streaming server,Cosine,16,CVE-2025-39839,batman-adv: fix OOB read/write in network-coding decode,0.859989
20,heap use-after-free in media streaming server,Cosine,17,CVE-2022-28005,(no title),0.859572
20,heap use-after-free in media streaming server,Cosine,18,CVE-2020-27485,(no title),0.859046
20,heap use-after-free in media streaming server,Cosine,19,CVE-2024-53161,EDAC/bluefield: Fix potential integer overflow,0.858789
20,heap use-after-free in media streaming server,Cosine,20,CVE-2018-6857,(no title),0.858206
20,heap use-after-free in media streaming server,Cosine,21,CVE-2017-8404,(no title),0.857952
20,heap use-after-free in media streaming server,Cosine,22,CVE-2022-37122,(no title),0.857917
20,heap use-after-free in media streaming server,Cosine,23,CVE-2026-27710,NanaZip .NET Single-File Parser Integer Underflow Leads to Unbounded Allocation (DoS),0.857681
20,heap use-after-free in media streaming server,Cosine,24,CVE-2007-6366,(no title),0.857603
20,heap use-after-free in media streaming server,Cosine,25,CVE-2017-8411,(no title),0.857524
20,heap use-after-free in media streaming server,hybrid,1,CVE-2018-8897,(no title),0.890523
20,heap use-after-free in media streaming server,hybrid,2,CVE-2002-0901,(no title),0.887212
20,heap use-after-free in media streaming server,hybrid,3,CVE-2010-4337,(no title),0.886698
20,heap use-after-free in media streaming server,hybrid,4,CVE-2008-5728,(no title),0.884734
20,heap use-after-free in media streaming server,hybrid,5,CVE-2005-0994,(no title),0.882027
20,heap use-after-free in media streaming server,hybrid,6,CVE-2007-5098,(no title),0.881866
20,heap use-after-free in media streaming server,hybrid,7,CVE-2025-37822,riscv: uprobes: Add missing fence.i after building the XOL buffer,0.881632
20,heap use-after-free in media streaming server,hybrid,8,CVE-2008-2023,(no title),0.881559
20,heap use-after-free in media streaming server,hybrid,9,CVE-2012-1421,(no title),0.880493
20,heap use-after-free in media streaming server,hybrid,10,CVE-2008-4394,(no title),0.880241
20,heap use-after-free in media streaming server,hybrid,11,CVE-2025-40069,drm/msm: Fix obj leak in VM_BIND error path,0.877856
20,heap use-after-free in media streaming server,hybrid,12,CVE-2022-34810,(no title),0.877301
20,heap use-after-free in media streaming server,hybrid,13,CVE-2025-67274,(no title),0.876950
20,heap use-after-free in media streaming server,hybrid,14,CVE-2020-12886,(no title),0.876617
20,heap use-after-free in media streaming server,hybrid,15,CVE-2007-6584,(no title),0.876128
20,heap use-after-free in media streaming server,hybrid,16,CVE-2003-1487,(no title),0.876106
20,heap use-after-free in media streaming server,hybrid,17,CVE-2025-40046,io_uring/zcrx: fix overshooting recv limit,0.875479
20,heap use-after-free in media streaming server,hybrid,18,CVE-2025-21674,net/mlx5e: Fix inversion dependency warning while enabling IPsec tunnel,0.874901
20,heap use-after-free in media streaming server,hybrid,19,CVE-2023-46049,(no title),0.874606
20,heap use-after-free in media streaming server,hybrid,20,CVE-2017-8396,(no title),0.874391
20,heap use-after-free in media streaming server,hybrid,21,CVE-2007-1165,(no title),0.874364
20,heap use-after-free in media streaming server,hybrid,22,CVE-2013-2179,(no title),0.874319
20,heap use-after-free in media streaming server,hybrid,23,CVE-2021-41090,Instance config inline secret exposure,0.873822
20,heap use-after-free in media streaming server,hybrid,24,CVE-2009-2359,(no title),0.872716
20,heap use-after-free in media streaming server,hybrid,25,CVE-2017-16642,(no title),0.872631
20,heap use-after-free in media streaming server,taumode,1,CVE-2018-8897,(no title),0.933674
20,heap use-after-free in media streaming server,taumode,2,CVE-2010-4337,(no title),0.931960
20,heap use-after-free in media streaming server,taumode,3,CVE-2005-0994,(no title),0.930445
20,heap use-after-free in media streaming server,taumode,4,CVE-2012-1421,(no title),0.928290
20,heap use-after-free in media streaming server,taumode,5,CVE-2022-34810,(no title),0.927149
20,heap use-after-free in media streaming server,taumode,6,CVE-2007-5098,(no title),0.926704
20,heap use-after-free in media streaming server,taumode,7,CVE-2008-5728,(no title),0.926383
20,heap use-after-free in media streaming server,taumode,8,CVE-2023-46049,(no title),0.926134
20,heap use-after-free in media streaming server,taumode,9,CVE-2025-21674,net/mlx5e: Fix inversion dependency warning while enabling IPsec tunnel,0.925920
20,heap use-after-free in media streaming server,taumode,10,CVE-2009-2359,(no title),0.925415
20,heap use-after-free in media streaming server,taumode,11,CVE-2007-1165,(no title),0.924989
20,heap use-after-free in media streaming server,taumode,12,CVE-2006-6390,(no title),0.924951
20,heap use-after-free in media streaming server,taumode,13,CVE-2002-0901,(no title),0.924651
20,heap use-after-free in media streaming server,taumode,14,CVE-2017-16642,(no title),0.923720
20,heap use-after-free in media streaming server,taumode,15,CVE-2008-4394,(no title),0.923633
20,heap use-after-free in media streaming server,taumode,16,CVE-2008-0238,(no title),0.923340
20,heap use-after-free in media streaming server,taumode,17,CVE-2020-12886,(no title),0.922742
20,heap use-after-free in media streaming server,taumode,18,CVE-2007-6584,(no title),0.922637
20,heap use-after-free in media streaming server,taumode,19,CVE-2005-0855,(no title),0.922436
20,heap use-after-free in media streaming server,taumode,20,CVE-2023-43355,(no title),0.922037
20,heap use-after-free in media streaming server,taumode,21,CVE-2007-0056,(no title),0.921475
20,heap use-after-free in media streaming server,taumode,22,CVE-2018-11479,(no title),0.921449
20,heap use-after-free in media streaming server,taumode,23,CVE-2021-37679,Heap OOB in nested `tf.map_fn` with `RaggedTensor`s in TensorFlow,0.921329
20,heap use-after-free in media streaming server,taumode,24,CVE-2011-3623,(no title),0.920063
20,heap use-after-free in media streaming server,taumode,25,CVE-2023-31851,(no title),0.919904
21,business logic bypass in coupon redemption API,Cosine,1,CVE-2022-3918,(no title),0.851457
21,business logic bypass in coupon redemption API,Cosine,2,CVE-2026-32871,FastMCP OpenAPI Provider has an SSRF & Path Traversal Vulnerability,0.850324
21,business logic bypass in coupon redemption API,Cosine,3,CVE-2025-62603,FastDDS has Out-of-memory while parsing GenericMessage when DDS Security is enabled,0.841253
21,business logic bypass in coupon redemption API,Cosine,4,CVE-2018-19986,(no title),0.840271
21,business logic bypass in coupon redemption API,Cosine,5,CVE-2026-40072,web3.py affected by SSRF via CCIP Read (EIP-3668) OffchainLookup URL handling,0.839274
21,business logic bypass in coupon redemption API,Cosine,6,CVE-2026-30227,MimeKit: CRLF Injection in Quoted Local-Part Enables SMTP Command Injection and Email Forgery,0.838128
21,business logic bypass in coupon redemption API,Cosine,7,CVE-2026-34526,SillyTavern: Incomplete IP validation in /api/search/visit allows SSRF via localhost and IPv6,0.838106
21,business logic bypass in coupon redemption API,Cosine,8,CVE-2025-47928,Spotipy repo vulnerable to secrets exfiltration via `pull_request_target`,0.837887
21,business logic bypass in coupon redemption API,Cosine,9,CVE-2022-31022,Missing Role Based Access Control for the REST handlers in bleve/http package,0.837533
21,business logic bypass in coupon redemption API,Cosine,10,CVE-2026-3125,SSRF vulnerability in opennextjs-cloudflare via /cdn-cgi/ path normalization bypass,0.836518
21,business logic bypass in coupon redemption API,Cosine,11,CVE-2023-53103,bonding: restore bond's IFF_SLAVE flag if a non-eth dev enslave fails,0.835168
21,business logic bypass in coupon redemption API,Cosine,12,CVE-2026-2835,HTTP Request Smuggling via HTTP/1.0 and Transfer-Encoding Misparsing,0.833702
21,business logic bypass in coupon redemption API,Cosine,13,CVE-2026-33534,EspoCRM has authenticated SSRF via internal-host validation bypass using alternative IPv4 notation,0.833586
21,business logic bypass in coupon redemption API,Cosine,14,CVE-2026-23990,Flux Operator Web UI Impersonation Bypass via Empty OIDC Claims,0.833287
21,business logic bypass in coupon redemption API,Cosine,15,CVE-2021-21295,Possible request smuggling in HTTP/2 due missing validation,0.831896
21,business logic bypass in coupon redemption API,Cosine,16,CVE-2024-1410,"Unbounded storage of information related to connection ID retirement, in quiche ",0.829895
21,business logic bypass in coupon redemption API,Cosine,17,CVE-2017-17662,(no title),0.828478
21,business logic bypass in coupon redemption API,Cosine,18,CVE-2024-43803,BMO can expose particularly named secrets from other namespaces via BMH CRD,0.828405
21,business logic bypass in coupon redemption API,Cosine,19,CVE-2026-41173,Unbounded HTTP response body read in OpenTelemetry.Sampler.AWS,0.828090
21,business logic bypass in coupon redemption API,Cosine,20,CVE-2026-40566,FreeScout vulnerable to SSRF via IMAP/SMTP Connection Test Endpoints,0.827882
21,business logic bypass in coupon redemption API,Cosine,21,CVE-2022-50255,tracing: Fix reading strings from synthetic events,0.827731
21,business logic bypass in coupon redemption API,Cosine,22,CVE-2024-51501,"CRLF injection in Refit's [Header], [HeaderCollection] and [Authorize] attributes",0.827729
21,business logic bypass in coupon redemption API,Cosine,23,CVE-2026-31842,Tinyproxy HTTP request parsing desynchronization via case-sensitive Transfer-Encoding handling,0.827337
21,business logic bypass in coupon redemption API,Cosine,24,CVE-2026-5710,Drag and Drop Multiple File Upload for Contact Form 7 <= 1.3.9.6 - Unauthenticated Limited Arbitrary File Read via mfile Field,0.827232
21,business logic bypass in coupon redemption API,Cosine,25,CVE-2023-5123,Improper Path Sanitization in JSON Datasource Plugin,0.827231
21,business logic bypass in coupon redemption API,hybrid,1,CVE-2022-3918,(no title),0.892994
21,business logic bypass in coupon redemption API,hybrid,2,CVE-2026-32871,FastMCP OpenAPI Provider has an SSRF & Path Traversal Vulnerability,0.892193
21,business logic bypass in coupon redemption API,hybrid,3,CVE-2025-62603,FastDDS has Out-of-memory while parsing GenericMessage when DDS Security is enabled,0.885592
21,business logic bypass in coupon redemption API,hybrid,4,CVE-2026-40072,web3.py affected by SSRF via CCIP Read (EIP-3668) OffchainLookup URL handling,0.884215
21,business logic bypass in coupon redemption API,hybrid,5,CVE-2026-30227,MimeKit: CRLF Injection in Quoted Local-Part Enables SMTP Command Injection and Email Forgery,0.883392
21,business logic bypass in coupon redemption API,hybrid,6,CVE-2025-47928,Spotipy repo vulnerable to secrets exfiltration via `pull_request_target`,0.883212
21,business logic bypass in coupon redemption API,hybrid,7,CVE-2022-31022,Missing Role Based Access Control for the REST handlers in bleve/http package,0.882974
21,business logic bypass in coupon redemption API,hybrid,8,CVE-2026-3125,SSRF vulnerability in opennextjs-cloudflare via /cdn-cgi/ path normalization bypass,0.882199
21,business logic bypass in coupon redemption API,hybrid,9,CVE-2023-53103,bonding: restore bond's IFF_SLAVE flag if a non-eth dev enslave fails,0.881243
21,business logic bypass in coupon redemption API,hybrid,10,CVE-2026-2835,HTTP Request Smuggling via HTTP/1.0 and Transfer-Encoding Misparsing,0.880181
21,business logic bypass in coupon redemption API,hybrid,11,CVE-2026-33534,EspoCRM has authenticated SSRF via internal-host validation bypass using alternative IPv4 notation,0.880113
21,business logic bypass in coupon redemption API,hybrid,12,CVE-2026-23990,Flux Operator Web UI Impersonation Bypass via Empty OIDC Claims,0.879891
21,business logic bypass in coupon redemption API,hybrid,13,CVE-2021-21295,Possible request smuggling in HTTP/2 due missing validation,0.878896
21,business logic bypass in coupon redemption API,hybrid,14,CVE-2024-1410,"Unbounded storage of information related to connection ID retirement, in quiche ",0.877409
21,business logic bypass in coupon redemption API,hybrid,15,CVE-2024-43803,BMO can expose particularly named secrets from other namespaces via BMH CRD,0.876389
21,business logic bypass in coupon redemption API,hybrid,16,CVE-2026-41173,Unbounded HTTP response body read in OpenTelemetry.Sampler.AWS,0.876125
21,business logic bypass in coupon redemption API,hybrid,17,CVE-2024-51501,"CRLF injection in Refit's [Header], [HeaderCollection] and [Authorize] attributes",0.875932
21,business logic bypass in coupon redemption API,hybrid,18,CVE-2022-50255,tracing: Fix reading strings from synthetic events,0.875893
21,business logic bypass in coupon redemption API,hybrid,19,CVE-2026-31842,Tinyproxy HTTP request parsing desynchronization via case-sensitive Transfer-Encoding handling,0.875580
21,business logic bypass in coupon redemption API,hybrid,20,CVE-2026-5710,Drag and Drop Multiple File Upload for Contact Form 7 <= 1.3.9.6 - Unauthenticated Limited Arbitrary File Read via mfile Field,0.875536
21,business logic bypass in coupon redemption API,hybrid,21,CVE-2023-5123,Improper Path Sanitization in JSON Datasource Plugin,0.875531
21,business logic bypass in coupon redemption API,hybrid,22,CVE-2025-22870,HTTP Proxy bypass using IPv6 Zone IDs in golang.org/x/net,0.875248
21,business logic bypass in coupon redemption API,hybrid,23,CVE-2023-41330,Unsafe deserialization in knplabs/knp-snappy,0.875136
21,business logic bypass in coupon redemption API,hybrid,24,CVE-2026-40569,FreeScout's Mass Assignment in Mailbox Connection Settings Enables Silent Email Exfiltration,0.874937
21,business logic bypass in coupon redemption API,hybrid,25,CVE-2026-33454,Apache Camel: Inbound Header Filter Missing in MailHeaderFilterStrategy Allows Remote Code Execution via MIME Header Injection (CVE-2025-30177 Variant),0.874886
21,business logic bypass in coupon redemption API,taumode,1,CVE-2022-3918,(no title),0.937497
21,business logic bypass in coupon redemption API,taumode,2,CVE-2026-32871,FastMCP OpenAPI Provider has an SSRF & Path Traversal Vulnerability,0.937053
21,business logic bypass in coupon redemption API,taumode,3,CVE-2025-62603,FastDDS has Out-of-memory while parsing GenericMessage when DDS Security is enabled,0.933097
21,business logic bypass in coupon redemption API,taumode,4,CVE-2026-40072,web3.py affected by SSRF via CCIP Read (EIP-3668) OffchainLookup URL handling,0.932367
21,business logic bypass in coupon redemption API,taumode,5,CVE-2026-30227,MimeKit: CRLF Injection in Quoted Local-Part Enables SMTP Command Injection and Email Forgery,0.931890
21,business logic bypass in coupon redemption API,taumode,6,CVE-2025-47928,Spotipy repo vulnerable to secrets exfiltration via `pull_request_target`,0.931775
21,business logic bypass in coupon redemption API,taumode,7,CVE-2022-31022,Missing Role Based Access Control for the REST handlers in bleve/http package,0.931661
21,business logic bypass in coupon redemption API,taumode,8,CVE-2026-3125,SSRF vulnerability in opennextjs-cloudflare via /cdn-cgi/ path normalization bypass,0.931143
21,business logic bypass in coupon redemption API,taumode,9,CVE-2023-53103,bonding: restore bond's IFF_SLAVE flag if a non-eth dev enslave fails,0.930610
21,business logic bypass in coupon redemption API,taumode,10,CVE-2026-2835,HTTP Request Smuggling via HTTP/1.0 and Transfer-Encoding Misparsing,0.929981
21,business logic bypass in coupon redemption API,taumode,11,CVE-2026-33534,EspoCRM has authenticated SSRF via internal-host validation bypass using alternative IPv4 notation,0.929963
21,business logic bypass in coupon redemption API,taumode,12,CVE-2026-23990,Flux Operator Web UI Impersonation Bypass via Empty OIDC Claims,0.929824
21,business logic bypass in coupon redemption API,taumode,13,CVE-2021-21295,Possible request smuggling in HTTP/2 due missing validation,0.929253
21,business logic bypass in coupon redemption API,taumode,14,CVE-2024-1410,"Unbounded storage of information related to connection ID retirement, in quiche ",0.928317
21,business logic bypass in coupon redemption API,taumode,15,CVE-2024-43803,BMO can expose particularly named secrets from other namespaces via BMH CRD,0.927800
21,business logic bypass in coupon redemption API,taumode,16,CVE-2026-41173,Unbounded HTTP response body read in OpenTelemetry.Sampler.AWS,0.927590
21,business logic bypass in coupon redemption API,taumode,17,CVE-2024-51501,"CRLF injection in Refit's [Header], [HeaderCollection] and [Authorize] attributes",0.927578
21,business logic bypass in coupon redemption API,taumode,18,CVE-2022-50255,tracing: Fix reading strings from synthetic events,0.927495
21,business logic bypass in coupon redemption API,taumode,19,CVE-2026-5710,Drag and Drop Multiple File Upload for Contact Form 7 <= 1.3.9.6 - Unauthenticated Limited Arbitrary File Read via mfile Field,0.927291
21,business logic bypass in coupon redemption API,taumode,20,CVE-2023-5123,Improper Path Sanitization in JSON Datasource Plugin,0.927280
21,business logic bypass in coupon redemption API,taumode,21,CVE-2026-31842,Tinyproxy HTTP request parsing desynchronization via case-sensitive Transfer-Encoding handling,0.927270
21,business logic bypass in coupon redemption API,taumode,22,CVE-2025-22870,HTTP Proxy bypass using IPv6 Zone IDs in golang.org/x/net,0.927170
21,business logic bypass in coupon redemption API,taumode,23,CVE-2023-41330,Unsafe deserialization in knplabs/knp-snappy,0.927071
21,business logic bypass in coupon redemption API,taumode,24,CVE-2026-40569,FreeScout's Mass Assignment in Mailbox Connection Settings Enables Silent Email Exfiltration,0.926980
21,business logic bypass in coupon redemption API,taumode,25,CVE-2026-33454,Apache Camel: Inbound Header Filter Missing in MailHeaderFilterStrategy Allows Remote Code Execution via MIME Header Injection (CVE-2025-30177 Variant),0.926901
22,heap buffer overflow in image processing library,Cosine,1,CVE-2025-40362,ceph: fix multifs mds auth caps issue,0.832282
22,heap buffer overflow in image processing library,Cosine,2,CVE-2023-22958,(no title),0.824541
22,heap buffer overflow in image processing library,Cosine,3,CVE-2023-0286,X.400 address type confusion in X.509 GeneralName,0.822816
22,heap buffer overflow in image processing library,Cosine,4,CVE-2024-50281,KEYS: trusted: dcp: fix NULL dereference in AEAD crypto operation,0.822249
22,heap buffer overflow in image processing library,Cosine,5,CVE-2019-7225,(no title),0.822100
22,heap buffer overflow in image processing library,Cosine,6,CVE-2026-29054,"Traefik: lowercase `Connection` tokens can delete traefik-managed forwarded identity headers (for example, `X-Real-Ip`)",0.821715
22,heap buffer overflow in image processing library,Cosine,7,CVE-2017-8411,(no title),0.820344
22,heap buffer overflow in image processing library,Cosine,8,CVE-2017-8331,(no title),0.820269
22,heap buffer overflow in image processing library,Cosine,9,CVE-2017-8404,(no title),0.819677
22,heap buffer overflow in image processing library,Cosine,10,CVE-2023-53103,bonding: restore bond's IFF_SLAVE flag if a non-eth dev enslave fails,0.818153
22,heap buffer overflow in image processing library,Cosine,11,CVE-2025-67112,(no title),0.816806
22,heap buffer overflow in image processing library,Cosine,12,CVE-2005-0488,(no title),0.816374
22,heap buffer overflow in image processing library,Cosine,13,CVE-2021-35975,(no title),0.816225
22,heap buffer overflow in image processing library,Cosine,14,CVE-2001-1078,(no title),0.814852
22,heap buffer overflow in image processing library,Cosine,15,CVE-2023-54013,interconnect: Fix locking for runpm vs reclaim,0.814712
22,heap buffer overflow in image processing library,Cosine,16,CVE-2026-31611,ksmbd: require 3 sub-authorities before reading sub_auth[2],0.814593
22,heap buffer overflow in image processing library,Cosine,17,CVE-2024-41014,xfs: add bounds checking to xlog_recover_process_data,0.814585
22,heap buffer overflow in image processing library,Cosine,18,CVE-2024-56514,Karmada Tar Slips in CRDs archive extraction,0.814393
22,heap buffer overflow in image processing library,Cosine,19,CVE-2026-23990,Flux Operator Web UI Impersonation Bypass via Empty OIDC Claims,0.814094
22,heap buffer overflow in image processing library,Cosine,20,CVE-2023-30589,(no title),0.813514
22,heap buffer overflow in image processing library,Cosine,21,CVE-2026-30227,MimeKit: CRLF Injection in Quoted Local-Part Enables SMTP Command Injection and Email Forgery,0.813379
22,heap buffer overflow in image processing library,Cosine,22,CVE-2008-5417,(no title),0.812864
22,heap buffer overflow in image processing library,Cosine,23,CVE-2003-0148,(no title),0.812426
22,heap buffer overflow in image processing library,Cosine,24,CVE-2011-4515,(no title),0.811983
22,heap buffer overflow in image processing library,Cosine,25,CVE-2019-6648,(no title),0.811741
22,heap buffer overflow in image processing library,hybrid,1,CVE-2000-0733,(no title),0.852479
22,heap buffer overflow in image processing library,hybrid,2,CVE-2002-1783,(no title),0.843094
22,heap buffer overflow in image processing library,hybrid,3,CVE-2025-21674,net/mlx5e: Fix inversion dependency warning while enabling IPsec tunnel,0.841089
22,heap buffer overflow in image processing library,hybrid,4,CVE-2020-12446,(no title),0.840467
22,heap buffer overflow in image processing library,hybrid,5,CVE-2002-0218,(no title),0.840102
22,heap buffer overflow in image processing library,hybrid,6,CVE-2021-41090,Instance config inline secret exposure,0.837971
22,heap buffer overflow in image processing library,hybrid,7,CVE-2019-12776,(no title),0.837907
22,heap buffer overflow in image processing library,hybrid,8,CVE-2008-0884,(no title),0.837468
22,heap buffer overflow in image processing library,hybrid,9,CVE-2002-0901,(no title),0.837460
22,heap buffer overflow in image processing library,hybrid,10,CVE-2012-2090,(no title),0.837428
22,heap buffer overflow in image processing library,hybrid,11,CVE-2024-35924,usb: typec: ucsi: Limit read size on v1.2,0.836689
22,heap buffer overflow in image processing library,hybrid,12,CVE-2014-3570,(no title),0.835271
22,heap buffer overflow in image processing library,hybrid,13,CVE-2003-1487,(no title),0.834919
22,heap buffer overflow in image processing library,hybrid,14,CVE-2006-6634,(no title),0.834817
22,heap buffer overflow in image processing library,hybrid,15,CVE-2004-1161,(no title),0.834396
22,heap buffer overflow in image processing library,hybrid,16,CVE-2023-48654,(no title),0.833934
22,heap buffer overflow in image processing library,hybrid,17,CVE-2011-0343,(no title),0.832778
22,heap buffer overflow in image processing library,hybrid,18,CVE-2002-0639,(no title),0.832545
22,heap buffer overflow in image processing library,hybrid,19,CVE-2002-0703,(no title),0.831969
22,heap buffer overflow in image processing library,hybrid,20,CVE-2001-1078,(no title),0.831941
22,heap buffer overflow in image processing library,hybrid,21,CVE-2025-22069,riscv: fgraph: Fix stack layout to match __arch_ftrace_regs argument of ftrace_return_to_handler,0.831535
22,heap buffer overflow in image processing library,hybrid,22,CVE-2024-28328,(no title),0.831518
22,heap buffer overflow in image processing library,hybrid,23,CVE-2015-7560,(no title),0.830854
22,heap buffer overflow in image processing library,hybrid,24,CVE-2020-24053,(no title),0.830228
22,heap buffer overflow in image processing library,hybrid,25,CVE-2004-2405,(no title),0.829839
22,heap buffer overflow in image processing library,taumode,1,CVE-2002-0218,(no title),0.904885
22,heap buffer overflow in image processing library,taumode,2,CVE-2019-12776,(no title),0.904343
22,heap buffer overflow in image processing library,taumode,3,CVE-2004-1161,(no title),0.903268
22,heap buffer overflow in image processing library,taumode,4,CVE-2000-0733,(no title),0.902656
22,heap buffer overflow in image processing library,taumode,5,CVE-2002-1783,(no title),0.902232
22,heap buffer overflow in image processing library,taumode,6,CVE-2023-48654,(no title),0.901477
22,heap buffer overflow in image processing library,taumode,7,CVE-2014-3570,(no title),0.901117
22,heap buffer overflow in image processing library,taumode,8,CVE-2020-12446,(no title),0.901103
22,heap buffer overflow in image processing library,taumode,9,CVE-2006-6634,(no title),0.900720
22,heap buffer overflow in image processing library,taumode,10,CVE-2007-6548,(no title),0.900144
22,heap buffer overflow in image processing library,taumode,11,CVE-2020-24053,(no title),0.900018
22,heap buffer overflow in image processing library,taumode,12,CVE-2011-0343,(no title),0.899069
22,heap buffer overflow in image processing library,taumode,13,CVE-2024-28328,(no title),0.898904
22,heap buffer overflow in image processing library,taumode,14,CVE-2024-46937,(no title),0.898890
22,heap buffer overflow in image processing library,taumode,15,CVE-2025-22069,riscv: fgraph: Fix stack layout to match __arch_ftrace_regs argument of ftrace_return_to_handler,0.898581
22,heap buffer overflow in image processing library,taumode,16,CVE-2007-5786,(no title),0.897611
22,heap buffer overflow in image processing library,taumode,17,CVE-2002-0639,(no title),0.897430
22,heap buffer overflow in image processing library,taumode,18,CVE-2024-35924,usb: typec: ucsi: Limit read size on v1.2,0.897234
22,heap buffer overflow in image processing library,taumode,19,CVE-2008-0645,(no title),0.897224
22,heap buffer overflow in image processing library,taumode,20,CVE-2005-1946,(no title),0.896621
22,heap buffer overflow in image processing library,taumode,21,CVE-2008-0884,(no title),0.896474
22,heap buffer overflow in image processing library,taumode,22,CVE-2004-2405,(no title),0.896253
22,heap buffer overflow in image processing library,taumode,23,CVE-2015-0523,(no title),0.895598
22,heap buffer overflow in image processing library,taumode,24,CVE-2008-3703,(no title),0.895171
22,heap buffer overflow in image processing library,taumode,25,CVE-1999-1382,(no title),0.895129
23,double free vulnerability in archive extraction library,Cosine,1,CVE-2014-7864,(no title),0.841434
23,double free vulnerability in archive extraction library,Cosine,2,CVE-2026-5234,LatePoint <= 5.3.2 - Insecure Direct Object Reference to Unauthenticated Sensitive Financial Data Exposure via Sequential Invoice ID,0.839067
23,double free vulnerability in archive extraction library,Cosine,3,CVE-2023-45503,(no title),0.838990
23,double free vulnerability in archive extraction library,Cosine,4,CVE-2005-2865,(no title),0.837860
23,double free vulnerability in archive extraction library,Cosine,5,CVE-2019-19034,(no title),0.834496
23,double free vulnerability in archive extraction library,Cosine,6,CVE-2012-4347,(no title),0.832503
23,double free vulnerability in archive extraction library,Cosine,7,CVE-2015-9226,(no title),0.832000
23,double free vulnerability in archive extraction library,Cosine,8,CVE-2019-6716,(no title),0.830758
23,double free vulnerability in archive extraction library,Cosine,9,CVE-2023-46350,(no title),0.830623
23,double free vulnerability in archive extraction library,Cosine,10,CVE-2012-1289,(no title),0.830047
23,double free vulnerability in archive extraction library,Cosine,11,CVE-2013-7216,(no title),0.829915
23,double free vulnerability in archive extraction library,Cosine,12,CVE-2025-63390,(no title),0.829451
23,double free vulnerability in archive extraction library,Cosine,13,CVE-2006-5303,(no title),0.829080
23,double free vulnerability in archive extraction library,Cosine,14,CVE-2025-40659,Insecure Direct Object Reference (IDOR) vulnerability in DM Corporative CMS,0.828624
23,double free vulnerability in archive extraction library,Cosine,15,CVE-2012-3469,(no title),0.828520
23,double free vulnerability in archive extraction library,Cosine,16,CVE-2019-13382,(no title),0.828228
23,double free vulnerability in archive extraction library,Cosine,17,CVE-2025-40660,Insecure Direct Object Reference (IDOR) vulnerability in DM Corporative CMS,0.828008
23,double free vulnerability in archive extraction library,Cosine,18,CVE-2014-9145,(no title),0.827896
23,double free vulnerability in archive extraction library,Cosine,19,CVE-2006-3172,(no title),0.827489
23,double free vulnerability in archive extraction library,Cosine,20,CVE-2009-1553,(no title),0.827229
23,double free vulnerability in archive extraction library,Cosine,21,CVE-2013-4882,(no title),0.826445
23,double free vulnerability in archive extraction library,Cosine,22,CVE-2009-4666,(no title),0.826320
23,double free vulnerability in archive extraction library,Cosine,23,CVE-2025-40658,Insecure Direct Object Reference (IDOR) vulnerability in DM Corporative CMS,0.825234
23,double free vulnerability in archive extraction library,Cosine,24,CVE-2019-8927,(no title),0.824498
23,double free vulnerability in archive extraction library,Cosine,25,CVE-2008-1969,(no title),0.824312
23,double free vulnerability in archive extraction library,hybrid,1,CVE-2026-5234,LatePoint <= 5.3.2 - Insecure Direct Object Reference to Unauthenticated Sensitive Financial Data Exposure via Sequential Invoice ID,0.884034
23,double free vulnerability in archive extraction library,hybrid,2,CVE-2023-45503,(no title),0.883980
23,double free vulnerability in archive extraction library,hybrid,3,CVE-2012-4347,(no title),0.879379
23,double free vulnerability in archive extraction library,hybrid,4,CVE-2023-46350,(no title),0.877961
23,double free vulnerability in archive extraction library,hybrid,5,CVE-2012-1289,(no title),0.877629
23,double free vulnerability in archive extraction library,hybrid,6,CVE-2013-7216,(no title),0.877454
23,double free vulnerability in archive extraction library,hybrid,7,CVE-2025-63390,(no title),0.877199
23,double free vulnerability in archive extraction library,hybrid,8,CVE-2019-19034,(no title),0.877053
23,double free vulnerability in archive extraction library,hybrid,9,CVE-2006-5303,(no title),0.876922
23,double free vulnerability in archive extraction library,hybrid,10,CVE-2025-40659,Insecure Direct Object Reference (IDOR) vulnerability in DM Corporative CMS,0.876417
23,double free vulnerability in archive extraction library,hybrid,11,CVE-2019-13382,(no title),0.876286
23,double free vulnerability in archive extraction library,hybrid,12,CVE-2025-40660,Insecure Direct Object Reference (IDOR) vulnerability in DM Corporative CMS,0.876008
23,double free vulnerability in archive extraction library,hybrid,13,CVE-2009-1553,(no title),0.875560
23,double free vulnerability in archive extraction library,hybrid,14,CVE-2025-40658,Insecure Direct Object Reference (IDOR) vulnerability in DM Corporative CMS,0.873950
23,double free vulnerability in archive extraction library,hybrid,15,CVE-2017-5965,(no title),0.873417
23,double free vulnerability in archive extraction library,hybrid,16,CVE-2016-0492,(no title),0.873294
23,double free vulnerability in archive extraction library,hybrid,17,CVE-2022-29597,(no title),0.872697
23,double free vulnerability in archive extraction library,hybrid,18,CVE-2025-40661,Insecure Direct Object Reference (IDOR) vulnerability in DM Corporative CMS,0.872604
23,double free vulnerability in archive extraction library,hybrid,19,CVE-2019-11030,(no title),0.872289
23,double free vulnerability in archive extraction library,hybrid,20,CVE-2006-5600,(no title),0.872094
23,double free vulnerability in archive extraction library,hybrid,21,CVE-2024-36495,Read/Write Permissions for Everyone on Configuration File,0.871935
23,double free vulnerability in archive extraction library,hybrid,22,CVE-2022-31662,(no title),0.871895
23,double free vulnerability in archive extraction library,hybrid,23,CVE-2021-44877,(no title),0.871735
23,double free vulnerability in archive extraction library,hybrid,24,CVE-2013-4883,(no title),0.871615
23,double free vulnerability in archive extraction library,hybrid,25,CVE-2006-6974,(no title),0.871429
23,double free vulnerability in archive extraction library,taumode,1,CVE-2026-5234,LatePoint <= 5.3.2 - Insecure Direct Object Reference to Unauthenticated Sensitive Financial Data Exposure via Sequential Invoice ID,0.932213
23,double free vulnerability in archive extraction library,taumode,2,CVE-2023-45503,(no title),0.932184
23,double free vulnerability in archive extraction library,taumode,3,CVE-2012-4347,(no title),0.929604
23,double free vulnerability in archive extraction library,taumode,4,CVE-2023-46350,(no title),0.928680
23,double free vulnerability in archive extraction library,taumode,5,CVE-2012-1289,(no title),0.928610
23,double free vulnerability in archive extraction library,taumode,6,CVE-2013-7216,(no title),0.928388
23,double free vulnerability in archive extraction library,taumode,7,CVE-2025-63390,(no title),0.928357
23,double free vulnerability in archive extraction library,taumode,8,CVE-2006-5303,(no title),0.928182
23,double free vulnerability in archive extraction library,taumode,9,CVE-2019-13382,(no title),0.927776
23,double free vulnerability in archive extraction library,taumode,10,CVE-2025-40659,Insecure Direct Object Reference (IDOR) vulnerability in DM Corporative CMS,0.927623
23,double free vulnerability in archive extraction library,taumode,11,CVE-2025-40660,Insecure Direct Object Reference (IDOR) vulnerability in DM Corporative CMS,0.927436
23,double free vulnerability in archive extraction library,taumode,12,CVE-2009-1553,(no title),0.927342
23,double free vulnerability in archive extraction library,taumode,13,CVE-2025-40658,Insecure Direct Object Reference (IDOR) vulnerability in DM Corporative CMS,0.926146
23,double free vulnerability in archive extraction library,taumode,14,CVE-2017-5965,(no title),0.926036
23,double free vulnerability in archive extraction library,taumode,15,CVE-2016-0492,(no title),0.925932
23,double free vulnerability in archive extraction library,taumode,16,CVE-2022-29597,(no title),0.925646
23,double free vulnerability in archive extraction library,taumode,17,CVE-2019-11030,(no title),0.925481
23,double free vulnerability in archive extraction library,taumode,18,CVE-2025-40661,Insecure Direct Object Reference (IDOR) vulnerability in DM Corporative CMS,0.925411
23,double free vulnerability in archive extraction library,taumode,19,CVE-2006-5600,(no title),0.925350
23,double free vulnerability in archive extraction library,taumode,20,CVE-2024-36495,Read/Write Permissions for Everyone on Configuration File,0.925249
23,double free vulnerability in archive extraction library,taumode,21,CVE-2022-31662,(no title),0.925137
23,double free vulnerability in archive extraction library,taumode,22,CVE-2021-44877,(no title),0.925046
23,double free vulnerability in archive extraction library,taumode,23,CVE-2006-4575,(no title),0.924966
23,double free vulnerability in archive extraction library,taumode,24,CVE-2013-4883,(no title),0.924927
23,double free vulnerability in archive extraction library,taumode,25,CVE-2006-6974,(no title),0.924916
24,improper signature verification in software update channel,Cosine,1,CVE-2023-53768,regmap-irq: Fix out-of-bounds access when allocating config buffers,0.865522
24,improper signature verification in software update channel,Cosine,2,CVE-2023-52768,wifi: wilc1000: use vmm_table as array in wilc struct,0.864255
24,improper signature verification in software update channel,Cosine,3,CVE-2024-47741,btrfs: fix race setting file private on concurrent lseek using same fd,0.862748
24,improper signature verification in software update channel,Cosine,4,CVE-2023-53474,x86/MCE/AMD: Use an u64 for bank_map,0.861943
24,improper signature verification in software update channel,Cosine,5,CVE-2025-70083,(no title),0.861372
24,improper signature verification in software update channel,Cosine,6,CVE-2024-46734,btrfs: fix race between direct IO write and fsync when using same fd,0.861304
24,improper signature verification in software update channel,Cosine,7,CVE-2025-34297,KissFFT Integer Overflow Heap Buffer Overflow via kiss_fft_alloc,0.860575
24,improper signature verification in software update channel,Cosine,8,CVE-2020-12884,(no title),0.859672
24,improper signature verification in software update channel,Cosine,9,CVE-2023-53024,bpf: Fix pointer-leak due to insufficient speculative store bypass mitigation,0.859298
24,improper signature verification in software update channel,Cosine,10,CVE-2026-23181,btrfs: sync read disk super and set block size,0.858971
24,improper signature verification in software update channel,Cosine,11,CVE-2020-12885,(no title),0.858634
24,improper signature verification in software update channel,Cosine,12,CVE-2022-26495,(no title),0.858172
24,improper signature verification in software update channel,Cosine,13,CVE-2026-30656,(no title),0.857940
24,improper signature verification in software update channel,Cosine,14,CVE-2025-39713,media: rainshadow-cec: fix TOCTOU race condition in rain_interrupt(),0.857793
24,improper signature verification in software update channel,Cosine,15,CVE-2018-1000200,(no title),0.857615
24,improper signature verification in software update channel,Cosine,16,CVE-2021-47182,scsi: core: Fix scsi_mode_sense() buffer length handling,0.857583
24,improper signature verification in software update channel,Cosine,17,CVE-2019-6488,(no title),0.856898
24,improper signature verification in software update channel,Cosine,18,CVE-2022-30630,Stack exhaustion in Glob on certain paths in io/fs,0.856346
24,improper signature verification in software update channel,Cosine,19,CVE-2023-53095,drm/ttm: Fix a NULL pointer dereference,0.856242
24,improper signature verification in software update channel,Cosine,20,CVE-2020-12886,(no title),0.856100
24,improper signature verification in software update channel,Cosine,21,CVE-2021-47475,comedi: vmk80xx: fix transfer-buffer overflows,0.855741
24,improper signature verification in software update channel,Cosine,22,CVE-2026-23361,PCI: dwc: ep: Flush MSI-X write before unmapping its ATU entry,0.855381
24,improper signature verification in software update channel,Cosine,23,CVE-2013-6382,(no title),0.855217
24,improper signature verification in software update channel,Cosine,24,CVE-2019-11555,(no title),0.855061
24,improper signature verification in software update channel,Cosine,25,CVE-2022-49961,bpf: Do mark_chain_precision for ARG_CONST_ALLOC_SIZE_OR_ZERO,0.854900
24,improper signature verification in software update channel,hybrid,1,CVE-2020-12886,(no title),0.892628
24,improper signature verification in software update channel,hybrid,2,CVE-2025-60692,(no title),0.892454
24,improper signature verification in software update channel,hybrid,3,CVE-2020-12884,(no title),0.887892
24,improper signature verification in software update channel,hybrid,4,CVE-2010-2942,(no title),0.881836
24,improper signature verification in software update channel,hybrid,5,CVE-2008-2812,(no title),0.881734
24,improper signature verification in software update channel,hybrid,6,CVE-2006-1502,(no title),0.880825
24,improper signature verification in software update channel,hybrid,7,CVE-2022-49961,bpf: Do mark_chain_precision for ARG_CONST_ALLOC_SIZE_OR_ZERO,0.880402
24,improper signature verification in software update channel,hybrid,8,CVE-2002-1503,(no title),0.879391
24,improper signature verification in software update channel,hybrid,9,CVE-2020-25221,(no title),0.878231
24,improper signature verification in software update channel,hybrid,10,CVE-2008-1482,(no title),0.878089
24,improper signature verification in software update channel,hybrid,11,CVE-2025-60695,(no title),0.877984
24,improper signature verification in software update channel,hybrid,12,CVE-2017-8396,(no title),0.876918
24,improper signature verification in software update channel,hybrid,13,CVE-2023-33250,(no title),0.876590
24,improper signature verification in software update channel,hybrid,14,CVE-2010-4073,(no title),0.875344
24,improper signature verification in software update channel,hybrid,15,CVE-2019-17211,(no title),0.874045
24,improper signature verification in software update channel,hybrid,16,CVE-2025-71090,nfsd: fix nfsd_file reference leak in nfsd4_add_rdaccess_to_wrdeleg(),0.873994
24,improper signature verification in software update channel,hybrid,17,CVE-2024-40974,powerpc/pseries: Enforce hcall result buffer validity and size,0.872474
24,improper signature verification in software update channel,hybrid,18,CVE-2019-19449,(no title),0.872133
24,improper signature verification in software update channel,hybrid,19,CVE-2018-10254,(no title),0.871997
24,improper signature verification in software update channel,hybrid,20,CVE-2024-42148,bnx2x: Fix multiple UBSAN array-index-out-of-bounds,0.871669
24,improper signature verification in software update channel,hybrid,21,CVE-2010-0296,(no title),0.871522
24,improper signature verification in software update channel,hybrid,22,CVE-2004-0883,(no title),0.871232
24,improper signature verification in software update channel,hybrid,23,CVE-2025-60693,(no title),0.869946
24,improper signature verification in software update channel,hybrid,24,CVE-2022-43281,(no title),0.869586
24,improper signature verification in software update channel,hybrid,25,CVE-2026-31452,ext4: convert inline data to extents when truncate exceeds inline size,0.869286
24,improper signature verification in software update channel,taumode,1,CVE-2025-60692,(no title),0.935620
24,improper signature verification in software update channel,taumode,2,CVE-2020-12886,(no title),0.931765
24,improper signature verification in software update channel,taumode,3,CVE-2008-2812,(no title),0.929455
24,improper signature verification in software update channel,taumode,4,CVE-2002-1503,(no title),0.928038
24,improper signature verification in software update channel,taumode,5,CVE-2008-1482,(no title),0.927060
24,improper signature verification in software update channel,taumode,6,CVE-2017-8396,(no title),0.926437
24,improper signature verification in software update channel,taumode,7,CVE-2023-33250,(no title),0.925488
24,improper signature verification in software update channel,taumode,8,CVE-2019-19241,(no title),0.921512
24,improper signature verification in software update channel,taumode,9,CVE-2010-2942,(no title),0.921335
24,improper signature verification in software update channel,taumode,10,CVE-2006-1502,(no title),0.920882
24,improper signature verification in software update channel,taumode,11,CVE-2025-38152,remoteproc: core: Clear table_sz when rproc_shutdown,0.920762
24,improper signature verification in software update channel,taumode,12,CVE-2002-0901,(no title),0.920738
24,improper signature verification in software update channel,taumode,13,CVE-2018-10254,(no title),0.920671
24,improper signature verification in software update channel,taumode,14,CVE-2002-0703,(no title),0.920547
24,improper signature verification in software update channel,taumode,15,CVE-2013-7264,(no title),0.919945
24,improper signature verification in software update channel,taumode,16,CVE-2019-9021,(no title),0.919611
24,improper signature verification in software update channel,taumode,17,CVE-2020-14409,(no title),0.919420
24,improper signature verification in software update channel,taumode,18,CVE-2026-23032,null_blk: fix kmemleak by releasing references to fault configfs items,0.918967
24,improper signature verification in software update channel,taumode,19,CVE-2007-2352,(no title),0.918541
24,improper signature verification in software update channel,taumode,20,CVE-2022-27819,(no title),0.918469
24,improper signature verification in software update channel,taumode,21,CVE-2020-12884,(no title),0.918128
24,improper signature verification in software update channel,taumode,22,CVE-2023-26253,(no title),0.918028
24,improper signature verification in software update channel,taumode,23,CVE-2011-2500,(no title),0.917938
24,improper signature verification in software update channel,taumode,24,CVE-2010-0296,(no title),0.917383
24,improper signature verification in software update channel,taumode,25,CVE-2017-15190,(no title),0.917382
25,authentication brute force due to missing rate limiting,Cosine,1,CVE-2021-44877,(no title),0.848096
25,authentication brute force due to missing rate limiting,Cosine,2,CVE-2008-3081,(no title),0.846037
25,authentication brute force due to missing rate limiting,Cosine,3,CVE-2020-21524,(no title),0.840079
25,authentication brute force due to missing rate limiting,Cosine,4,CVE-2022-31662,(no title),0.839233
25,authentication brute force due to missing rate limiting,Cosine,5,CVE-2006-0732,(no title),0.837986
25,authentication brute force due to missing rate limiting,Cosine,6,CVE-2019-20437,(no title),0.836804
25,authentication brute force due to missing rate limiting,Cosine,7,CVE-2019-1003037,(no title),0.836687
25,authentication brute force due to missing rate limiting,Cosine,8,CVE-2023-1203,(no title),0.836655
25,authentication brute force due to missing rate limiting,Cosine,9,CVE-2018-20091,(no title),0.834275
25,authentication brute force due to missing rate limiting,Cosine,10,CVE-2022-22959,(no title),0.834001
25,authentication brute force due to missing rate limiting,Cosine,11,CVE-2026-4317,SQL inyection in Umami Software application,0.833956
25,authentication brute force due to missing rate limiting,Cosine,12,CVE-2024-37293,aws-deployment-framework's potential risk can lead to privilege escalation,0.833533
25,authentication brute force due to missing rate limiting,Cosine,13,CVE-2024-10125,Lack of JWT issuer and signer validation,0.833426
25,authentication brute force due to missing rate limiting,Cosine,14,CVE-2025-53663,(no title),0.833246
25,authentication brute force due to missing rate limiting,Cosine,15,CVE-2026-29597,(no title),0.833168
25,authentication brute force due to missing rate limiting,Cosine,16,CVE-2022-22954,(no title),0.832167
25,authentication brute force due to missing rate limiting,Cosine,17,CVE-2008-6706,(no title),0.831217
25,authentication brute force due to missing rate limiting,Cosine,18,CVE-2026-30573,(no title),0.830947
25,authentication brute force due to missing rate limiting,Cosine,19,CVE-2023-7307,Sangfor Behavior Management System XML External Entity Injection,0.830890
25,authentication brute force due to missing rate limiting,Cosine,20,CVE-2016-9554,(no title),0.830580
25,authentication brute force due to missing rate limiting,Cosine,21,CVE-2024-45037,AWS CDK RestApi not generating authorizationScope correctly in resultant CFN template,0.830454
25,authentication brute force due to missing rate limiting,Cosine,22,CVE-2022-23083,(no title),0.830443
25,authentication brute force due to missing rate limiting,Cosine,23,CVE-2021-44874,(no title),0.830191
25,authentication brute force due to missing rate limiting,Cosine,24,CVE-2024-7835,Reflected XSS in Exnet Informatics Software's Ferry Reservation System,0.830012
25,authentication brute force due to missing rate limiting,Cosine,25,CVE-2021-41744,(no title),0.829893
25,authentication brute force due to missing rate limiting,hybrid,1,CVE-2012-3469,(no title),0.858845
25,authentication brute force due to missing rate limiting,hybrid,2,CVE-2019-1003067,(no title),0.857696
25,authentication brute force due to missing rate limiting,hybrid,3,CVE-2006-2768,(no title),0.855044
25,authentication brute force due to missing rate limiting,hybrid,4,CVE-2006-3172,(no title),0.852447
25,authentication brute force due to missing rate limiting,hybrid,5,CVE-2015-0010,(no title),0.850351
25,authentication brute force due to missing rate limiting,hybrid,6,CVE-2023-7307,Sangfor Behavior Management System XML External Entity Injection,0.850346
25,authentication brute force due to missing rate limiting,hybrid,7,CVE-2008-0567,(no title),0.846934
25,authentication brute force due to missing rate limiting,hybrid,8,CVE-2012-5367,(no title),0.845120
25,authentication brute force due to missing rate limiting,hybrid,9,CVE-2009-4465,(no title),0.844420
25,authentication brute force due to missing rate limiting,hybrid,10,CVE-2014-9229,(no title),0.843539
25,authentication brute force due to missing rate limiting,hybrid,11,CVE-2006-0581,(no title),0.842781
25,authentication brute force due to missing rate limiting,hybrid,12,CVE-2008-6777,(no title),0.841495
25,authentication brute force due to missing rate limiting,hybrid,13,CVE-2014-3119,(no title),0.841200
25,authentication brute force due to missing rate limiting,hybrid,14,CVE-2024-7873,Stored XSS in Veribilim Software's Veribase Order Management,0.840709
25,authentication brute force due to missing rate limiting,hybrid,15,CVE-2012-3791,(no title),0.839699
25,authentication brute force due to missing rate limiting,hybrid,16,CVE-2024-7248,Comodo Internet Security Pro Directory Traversal Local Privilege Escalation Vulnerability,0.839308
25,authentication brute force due to missing rate limiting,hybrid,17,CVE-2010-3209,(no title),0.839013
25,authentication brute force due to missing rate limiting,hybrid,18,CVE-2012-5900,(no title),0.838807
25,authentication brute force due to missing rate limiting,hybrid,19,CVE-2009-3754,(no title),0.837951
25,authentication brute force due to missing rate limiting,hybrid,20,CVE-2014-7137,(no title),0.837908
25,authentication brute force due to missing rate limiting,hybrid,21,CVE-2012-2054,(no title),0.837816
25,authentication brute force due to missing rate limiting,hybrid,22,CVE-2019-0996,Azure DevOps Server Spoofing Vulnerability,0.837374
25,authentication brute force due to missing rate limiting,hybrid,23,CVE-2021-26837,(no title),0.837340
25,authentication brute force due to missing rate limiting,hybrid,24,CVE-2006-3009,(no title),0.836976
25,authentication brute force due to missing rate limiting,hybrid,25,CVE-2006-2864,(no title),0.836480
25,authentication brute force due to missing rate limiting,taumode,1,CVE-2019-1003067,(no title),0.912318
25,authentication brute force due to missing rate limiting,taumode,2,CVE-2015-0010,(no title),0.911280
25,authentication brute force due to missing rate limiting,taumode,3,CVE-2006-2768,(no title),0.907814
25,authentication brute force due to missing rate limiting,taumode,4,CVE-2014-3119,(no title),0.907057
25,authentication brute force due to missing rate limiting,taumode,5,CVE-2009-4465,(no title),0.906135
25,authentication brute force due to missing rate limiting,taumode,6,CVE-2006-0581,(no title),0.905369
25,authentication brute force due to missing rate limiting,taumode,7,CVE-2014-7137,(no title),0.904875
25,authentication brute force due to missing rate limiting,taumode,8,CVE-2012-3469,(no title),0.904653
25,authentication brute force due to missing rate limiting,taumode,9,CVE-2006-3172,(no title),0.903880
25,authentication brute force due to missing rate limiting,taumode,10,CVE-2014-9229,(no title),0.903155
25,authentication brute force due to missing rate limiting,taumode,11,CVE-2024-7248,Comodo Internet Security Pro Directory Traversal Local Privilege Escalation Vulnerability,0.902387
25,authentication brute force due to missing rate limiting,taumode,12,CVE-2024-7873,Stored XSS in Veribilim Software's Veribase Order Management,0.902271
25,authentication brute force due to missing rate limiting,taumode,13,CVE-2019-0996,Azure DevOps Server Spoofing Vulnerability,0.900979
25,authentication brute force due to missing rate limiting,taumode,14,CVE-2006-5928,(no title),0.900874
25,authentication brute force due to missing rate limiting,taumode,15,CVE-2021-26837,(no title),0.900567
25,authentication brute force due to missing rate limiting,taumode,16,CVE-2009-3754,(no title),0.900274
25,authentication brute force due to missing rate limiting,taumode,17,CVE-2024-12038,Frontend Content Forms for User Submissions (UGC) <= 2.8.15 - Authenticated (Contributor+) Stored Cross-Site Scripting via 'buddyforms_nav' Shortcode,0.899673
25,authentication brute force due to missing rate limiting,taumode,18,CVE-2017-9276,XSS Vulnerability in iManager,0.899376
25,authentication brute force due to missing rate limiting,taumode,19,CVE-2013-3527,(no title),0.898843
25,authentication brute force due to missing rate limiting,taumode,20,CVE-2012-1897,(no title),0.898832
25,authentication brute force due to missing rate limiting,taumode,21,CVE-2006-6478,(no title),0.898589
25,authentication brute force due to missing rate limiting,taumode,22,CVE-2010-3209,(no title),0.898244
25,authentication brute force due to missing rate limiting,taumode,23,CVE-2012-5367,(no title),0.898217
25,authentication brute force due to missing rate limiting,taumode,24,CVE-2006-2864,(no title),0.897509
25,authentication brute force due to missing rate limiting,taumode,25,CVE-2008-5060,(no title),0.897456
26,authentication bypass via JWT token manipulation,Cosine,1,CVE-2018-19204,(no title),0.821600
26,authentication bypass via JWT token manipulation,Cosine,2,CVE-2022-39959,(no title),0.820588
26,authentication bypass via JWT token manipulation,Cosine,3,CVE-2008-6931,(no title),0.818509
26,authentication bypass via JWT token manipulation,Cosine,4,CVE-2020-5846,(no title),0.817565
26,authentication bypass via JWT token manipulation,Cosine,5,CVE-2019-14969,(no title),0.817204
26,authentication bypass via JWT token manipulation,Cosine,6,CVE-2019-9745,(no title),0.816874
26,authentication bypass via JWT token manipulation,Cosine,7,CVE-2011-5161,(no title),0.814659
26,authentication bypass via JWT token manipulation,Cosine,8,CVE-2019-17190,(no title),0.812826
26,authentication bypass via JWT token manipulation,Cosine,9,CVE-2020-15843,(no title),0.811770
26,authentication bypass via JWT token manipulation,Cosine,10,CVE-2025-67084,(no title),0.810966
26,authentication bypass via JWT token manipulation,Cosine,11,CVE-2018-14911,(no title),0.810906
26,authentication bypass via JWT token manipulation,Cosine,12,CVE-2023-45503,(no title),0.810249
26,authentication bypass via JWT token manipulation,Cosine,13,CVE-2025-65806,(no title),0.810130
26,authentication bypass via JWT token manipulation,Cosine,14,CVE-2003-0937,(no title),0.810117
26,authentication bypass via JWT token manipulation,Cosine,15,CVE-2024-40520,(no title),0.808792
26,authentication bypass via JWT token manipulation,Cosine,16,CVE-2025-66480,Wildfire has Arbitrary File Upload via Directory Traversal in UploadFileAction,0.808427
26,authentication bypass via JWT token manipulation,Cosine,17,CVE-2018-12026,(no title),0.808363
26,authentication bypass via JWT token manipulation,Cosine,18,CVE-2022-40721,(no title),0.808080
26,authentication bypass via JWT token manipulation,Cosine,19,CVE-2006-6974,(no title),0.807944
26,authentication bypass via JWT token manipulation,Cosine,20,CVE-2020-27643,(no title),0.806486
26,authentication bypass via JWT token manipulation,Cosine,21,CVE-2021-35523,(no title),0.806297
26,authentication bypass via JWT token manipulation,Cosine,22,CVE-2005-2782,(no title),0.806195
26,authentication bypass via JWT token manipulation,Cosine,23,CVE-2012-2658,(no title),0.805970
26,authentication bypass via JWT token manipulation,Cosine,24,CVE-2025-40362,ceph: fix multifs mds auth caps issue,0.805916
26,authentication bypass via JWT token manipulation,Cosine,25,CVE-2023-22809,(no title),0.805818
26,authentication bypass via JWT token manipulation,hybrid,1,CVE-2019-14969,(no title),0.853265
26,authentication bypass via JWT token manipulation,hybrid,2,CVE-2006-2768,(no title),0.848733
26,authentication bypass via JWT token manipulation,hybrid,3,CVE-2010-3209,(no title),0.848582
26,authentication bypass via JWT token manipulation,hybrid,4,CVE-2010-2241,(no title),0.843959
26,authentication bypass via JWT token manipulation,hybrid,5,CVE-2006-4423,(no title),0.840509
26,authentication bypass via JWT token manipulation,hybrid,6,CVE-2017-7884,(no title),0.840232
26,authentication bypass via JWT token manipulation,hybrid,7,CVE-2012-3469,(no title),0.839698
26,authentication bypass via JWT token manipulation,hybrid,8,CVE-2009-2399,(no title),0.838492
26,authentication bypass via JWT token manipulation,hybrid,9,CVE-2008-6914,(no title),0.836394
26,authentication bypass via JWT token manipulation,hybrid,10,CVE-2006-5507,(no title),0.835650
26,authentication bypass via JWT token manipulation,hybrid,11,CVE-2007-2609,(no title),0.835423
26,authentication bypass via JWT token manipulation,hybrid,12,CVE-2011-4734,(no title),0.835282
26,authentication bypass via JWT token manipulation,hybrid,13,CVE-2006-4750,(no title),0.835272
26,authentication bypass via JWT token manipulation,hybrid,14,CVE-2001-1079,(no title),0.834924
26,authentication bypass via JWT token manipulation,hybrid,15,CVE-2018-10642,(no title),0.833294
26,authentication bypass via JWT token manipulation,hybrid,16,CVE-2006-2864,(no title),0.832982
26,authentication bypass via JWT token manipulation,hybrid,17,CVE-2008-5789,(no title),0.832302
26,authentication bypass via JWT token manipulation,hybrid,18,CVE-2009-3055,(no title),0.832099
26,authentication bypass via JWT token manipulation,hybrid,19,CVE-2008-3166,(no title),0.831289
26,authentication bypass via JWT token manipulation,hybrid,20,CVE-2013-7190,(no title),0.831274
26,authentication bypass via JWT token manipulation,hybrid,21,CVE-2007-6105,(no title),0.829749
26,authentication bypass via JWT token manipulation,hybrid,22,CVE-2005-1361,(no title),0.829715
26,authentication bypass via JWT token manipulation,hybrid,23,CVE-2019-6713,(no title),0.829186
26,authentication bypass via JWT token manipulation,hybrid,24,CVE-2007-3081,(no title),0.829105
26,authentication bypass via JWT token manipulation,hybrid,25,CVE-2015-0010,(no title),0.828303
26,authentication bypass via JWT token manipulation,taumode,1,CVE-2010-3209,(no title),0.907034
26,authentication bypass via JWT token manipulation,taumode,2,CVE-2006-2768,(no title),0.906903
26,authentication bypass via JWT token manipulation,taumode,3,CVE-2012-3469,(no title),0.905971
26,authentication bypass via JWT token manipulation,taumode,4,CVE-2006-5507,(no title),0.901940
26,authentication bypass via JWT token manipulation,taumode,5,CVE-2009-3055,(no title),0.901922
26,authentication bypass via JWT token manipulation,taumode,6,CVE-2008-5789,(no title),0.901174
26,authentication bypass via JWT token manipulation,taumode,7,CVE-2007-2609,(no title),0.900981
26,authentication bypass via JWT token manipulation,taumode,8,CVE-2011-4734,(no title),0.900871
26,authentication bypass via JWT token manipulation,taumode,9,CVE-2008-3166,(no title),0.900384
26,authentication bypass via JWT token manipulation,taumode,10,CVE-2001-1079,(no title),0.899106
26,authentication bypass via JWT token manipulation,taumode,11,CVE-2006-6295,(no title),0.898336
26,authentication bypass via JWT token manipulation,taumode,12,CVE-2007-6105,(no title),0.897870
26,authentication bypass via JWT token manipulation,taumode,13,CVE-2007-3081,(no title),0.897578
26,authentication bypass via JWT token manipulation,taumode,14,CVE-2012-5367,(no title),0.897436
26,authentication bypass via JWT token manipulation,taumode,15,CVE-2018-10642,(no title),0.897275
26,authentication bypass via JWT token manipulation,taumode,16,CVE-2009-4769,(no title),0.896224
26,authentication bypass via JWT token manipulation,taumode,17,CVE-2005-1361,(no title),0.896166
26,authentication bypass via JWT token manipulation,taumode,18,CVE-2010-2241,(no title),0.895872
26,authentication bypass via JWT token manipulation,taumode,19,CVE-2000-0663,(no title),0.895731
26,authentication bypass via JWT token manipulation,taumode,20,CVE-2012-5900,(no title),0.895194
26,authentication bypass via JWT token manipulation,taumode,21,CVE-2006-3009,(no title),0.894872
26,authentication bypass via JWT token manipulation,taumode,22,CVE-2012-3791,(no title),0.894643
26,authentication bypass via JWT token manipulation,taumode,23,CVE-2005-1205,(no title),0.894051
26,authentication bypass via JWT token manipulation,taumode,24,CVE-2010-3313,(no title),0.893728
26,authentication bypass via JWT token manipulation,taumode,25,CVE-2005-4779,(no title),0.893031
27,use-after-free vulnerability in browser rendering engine,Cosine,1,CVE-2026-24047,@backstage/cli-common has a possible `resolveSafeChildPath` Symlink Chain Bypass,0.867093
27,use-after-free vulnerability in browser rendering engine,Cosine,2,CVE-2026-24046,Backstage has a Possible Symlink Path Traversal in Scaffolder Actions,0.860195
27,use-after-free vulnerability in browser rendering engine,Cosine,3,CVE-2026-25152,@backstage/plugin-techdocs-node vulnerable to possible Path Traversal in TechDocs Local Generator,0.857887
27,use-after-free vulnerability in browser rendering engine,Cosine,4,CVE-2025-27092,Path Traversal Vulnerability in GHOSTS Photo Retrieval Endpoint,0.857657
27,use-after-free vulnerability in browser rendering engine,Cosine,5,CVE-2023-38490,Kirby XML External Entity (XXE) vulnerability in the XML data handler,0.856877
27,use-after-free vulnerability in browser rendering engine,Cosine,6,CVE-2026-33726,Cilium L7 proxy may bypass Kubernetes NetworkPolicy for same-node traffic,0.854931
27,use-after-free vulnerability in browser rendering engine,Cosine,7,CVE-2016-4948,(no title),0.853417
27,use-after-free vulnerability in browser rendering engine,Cosine,8,CVE-2026-25125,October CMS: Environment Variable Exfiltration via INI Parser Interpolation,0.853091
27,use-after-free vulnerability in browser rendering engine,Cosine,9,CVE-2025-63690,(no title),0.851685
27,use-after-free vulnerability in browser rendering engine,Cosine,10,CVE-2026-41246,Contour: Lua code injection via Cookie Path Rewrite Policy,0.851172
27,use-after-free vulnerability in browser rendering engine,Cosine,11,CVE-2025-54306,(no title),0.850729
27,use-after-free vulnerability in browser rendering engine,Cosine,12,CVE-2009-3487,(no title),0.850628
27,use-after-free vulnerability in browser rendering engine,Cosine,13,CVE-2025-8516,Kingdee Cloud-Starry-Sky Enterprise Edition IIS-K3CloudMiniApp FileUploadAction.class path traversal,0.850004
27,use-after-free vulnerability in browser rendering engine,Cosine,14,CVE-2025-69256,serverless MCP Server vulnerable to command injection in list-projects tool,0.849863
27,use-after-free vulnerability in browser rendering engine,Cosine,15,CVE-2024-55950,Tabby has a TCC Bypass via Unnecessary Permissive Entitlements in Tabby,0.849769
27,use-after-free vulnerability in browser rendering engine,Cosine,16,CVE-2007-0186,(no title),0.849313
27,use-after-free vulnerability in browser rendering engine,Cosine,17,CVE-2025-24813,Apache Tomcat: Potential RCE and/or information disclosure and/or information corruption with partial PUT,0.849294
27,use-after-free vulnerability in browser rendering engine,Cosine,18,CVE-2026-33990,Docker Model Runner OCI Registry Client Vulnerable to Server-Side Request Forgery (SSRF),0.849036
27,use-after-free vulnerability in browser rendering engine,Cosine,19,CVE-2026-26189,Trivy Action has a script injection via sourced env file in composite action,0.847607
27,use-after-free vulnerability in browser rendering engine,Cosine,20,CVE-2025-62427,Server-Side Request Forgery (SSRF) in Angular SSR,0.847495
27,use-after-free vulnerability in browser rendering engine,Cosine,21,CVE-2026-32870,Kirby has XML injection in its XML creator toolkit,0.847298
27,use-after-free vulnerability in browser rendering engine,Cosine,22,CVE-2023-28444,angular-server-side-configuration information disclosure vulnerability in monorepo with node.js backend,0.847105
27,use-after-free vulnerability in browser rendering engine,Cosine,23,CVE-2026-33672,Picomatch: Method Injection in POSIX Character Classes causes incorrect Glob Matching,0.846842
27,use-after-free vulnerability in browser rendering engine,Cosine,24,CVE-2019-10695,(no title),0.846559
27,use-after-free vulnerability in browser rendering engine,Cosine,25,CVE-2026-28400,Docker Model Runner Unauthenticated Runtime Flag Injection via _configure Endpoint,0.846375
27,use-after-free vulnerability in browser rendering engine,hybrid,1,CVE-2026-24047,@backstage/cli-common has a possible `resolveSafeChildPath` Symlink Chain Bypass,0.904275
27,use-after-free vulnerability in browser rendering engine,hybrid,2,CVE-2026-24046,Backstage has a Possible Symlink Path Traversal in Scaffolder Actions,0.899324
27,use-after-free vulnerability in browser rendering engine,hybrid,3,CVE-2026-25152,@backstage/plugin-techdocs-node vulnerable to possible Path Traversal in TechDocs Local Generator,0.897676
27,use-after-free vulnerability in browser rendering engine,hybrid,4,CVE-2025-27092,Path Traversal Vulnerability in GHOSTS Photo Retrieval Endpoint,0.897509
27,use-after-free vulnerability in browser rendering engine,hybrid,5,CVE-2023-38490,Kirby XML External Entity (XXE) vulnerability in the XML data handler,0.896911
27,use-after-free vulnerability in browser rendering engine,hybrid,6,CVE-2026-33726,Cilium L7 proxy may bypass Kubernetes NetworkPolicy for same-node traffic,0.895543
27,use-after-free vulnerability in browser rendering engine,hybrid,7,CVE-2016-4948,(no title),0.894460
27,use-after-free vulnerability in browser rendering engine,hybrid,8,CVE-2026-25125,October CMS: Environment Variable Exfiltration via INI Parser Interpolation,0.894226
27,use-after-free vulnerability in browser rendering engine,hybrid,9,CVE-2025-63690,(no title),0.893210
27,use-after-free vulnerability in browser rendering engine,hybrid,10,CVE-2026-41246,Contour: Lua code injection via Cookie Path Rewrite Policy,0.892836
27,use-after-free vulnerability in browser rendering engine,hybrid,11,CVE-2025-54306,(no title),0.892488
27,use-after-free vulnerability in browser rendering engine,hybrid,12,CVE-2009-3487,(no title),0.892404
27,use-after-free vulnerability in browser rendering engine,hybrid,13,CVE-2025-8516,Kingdee Cloud-Starry-Sky Enterprise Edition IIS-K3CloudMiniApp FileUploadAction.class path traversal,0.891964
27,use-after-free vulnerability in browser rendering engine,hybrid,14,CVE-2025-69256,serverless MCP Server vulnerable to command injection in list-projects tool,0.891875
27,use-after-free vulnerability in browser rendering engine,hybrid,15,CVE-2024-55950,Tabby has a TCC Bypass via Unnecessary Permissive Entitlements in Tabby,0.891833
27,use-after-free vulnerability in browser rendering engine,hybrid,16,CVE-2025-24813,Apache Tomcat: Potential RCE and/or information disclosure and/or information corruption with partial PUT,0.891472
27,use-after-free vulnerability in browser rendering engine,hybrid,17,CVE-2026-33990,Docker Model Runner OCI Registry Client Vulnerable to Server-Side Request Forgery (SSRF),0.891286
27,use-after-free vulnerability in browser rendering engine,hybrid,18,CVE-2026-26189,Trivy Action has a script injection via sourced env file in composite action,0.890237
27,use-after-free vulnerability in browser rendering engine,hybrid,19,CVE-2025-62427,Server-Side Request Forgery (SSRF) in Angular SSR,0.890183
27,use-after-free vulnerability in browser rendering engine,hybrid,20,CVE-2026-32870,Kirby has XML injection in its XML creator toolkit,0.890050
27,use-after-free vulnerability in browser rendering engine,hybrid,21,CVE-2023-28444,angular-server-side-configuration information disclosure vulnerability in monorepo with node.js backend,0.889880
27,use-after-free vulnerability in browser rendering engine,hybrid,22,CVE-2026-33672,Picomatch: Method Injection in POSIX Character Classes causes incorrect Glob Matching,0.889690
27,use-after-free vulnerability in browser rendering engine,hybrid,23,CVE-2026-28400,Docker Model Runner Unauthenticated Runtime Flag Injection via _configure Endpoint,0.889375
27,use-after-free vulnerability in browser rendering engine,hybrid,24,CVE-2026-35209,defu: Prototype pollution via `__proto__` key in defaults argument,0.889230
27,use-after-free vulnerability in browser rendering engine,hybrid,25,CVE-2023-52137,GitHub Action tj-actions/verify-changed-files is vulnerable to command injection in output filenames,0.889114
27,use-after-free vulnerability in browser rendering engine,taumode,1,CVE-2026-24047,@backstage/cli-common has a possible `resolveSafeChildPath` Symlink Chain Bypass,0.944112
27,use-after-free vulnerability in browser rendering engine,taumode,2,CVE-2026-24046,Backstage has a Possible Symlink Path Traversal in Scaffolder Actions,0.941248
27,use-after-free vulnerability in browser rendering engine,taumode,3,CVE-2026-25152,@backstage/plugin-techdocs-node vulnerable to possible Path Traversal in TechDocs Local Generator,0.940308
27,use-after-free vulnerability in browser rendering engine,taumode,4,CVE-2025-27092,Path Traversal Vulnerability in GHOSTS Photo Retrieval Endpoint,0.940207
27,use-after-free vulnerability in browser rendering engine,taumode,5,CVE-2023-38490,Kirby XML External Entity (XXE) vulnerability in the XML data handler,0.939804
27,use-after-free vulnerability in browser rendering engine,taumode,6,CVE-2026-33726,Cilium L7 proxy may bypass Kubernetes NetworkPolicy for same-node traffic,0.939057
27,use-after-free vulnerability in browser rendering engine,taumode,7,CVE-2016-4948,(no title),0.938434
27,use-after-free vulnerability in browser rendering engine,taumode,8,CVE-2026-25125,October CMS: Environment Variable Exfiltration via INI Parser Interpolation,0.938298
27,use-after-free vulnerability in browser rendering engine,taumode,9,CVE-2025-63690,(no title),0.937702
27,use-after-free vulnerability in browser rendering engine,taumode,10,CVE-2026-41246,Contour: Lua code injection via Cookie Path Rewrite Policy,0.937476
27,use-after-free vulnerability in browser rendering engine,taumode,11,CVE-2025-54306,(no title),0.937230
27,use-after-free vulnerability in browser rendering engine,taumode,12,CVE-2009-3487,(no title),0.937163
27,use-after-free vulnerability in browser rendering engine,taumode,13,CVE-2025-8516,Kingdee Cloud-Starry-Sky Enterprise Edition IIS-K3CloudMiniApp FileUploadAction.class path traversal,0.936920
27,use-after-free vulnerability in browser rendering engine,taumode,14,CVE-2024-55950,Tabby has a TCC Bypass via Unnecessary Permissive Entitlements in Tabby,0.936901
27,use-after-free vulnerability in browser rendering engine,taumode,15,CVE-2025-69256,serverless MCP Server vulnerable to command injection in list-projects tool,0.936889
27,use-after-free vulnerability in browser rendering engine,taumode,16,CVE-2025-24813,Apache Tomcat: Potential RCE and/or information disclosure and/or information corruption with partial PUT,0.936663
27,use-after-free vulnerability in browser rendering engine,taumode,17,CVE-2026-33990,Docker Model Runner OCI Registry Client Vulnerable to Server-Side Request Forgery (SSRF),0.936555
27,use-after-free vulnerability in browser rendering engine,taumode,18,CVE-2025-62427,Server-Side Request Forgery (SSRF) in Angular SSR,0.935920
27,use-after-free vulnerability in browser rendering engine,taumode,19,CVE-2026-26189,Trivy Action has a script injection via sourced env file in composite action,0.935911
27,use-after-free vulnerability in browser rendering engine,taumode,20,CVE-2026-32870,Kirby has XML injection in its XML creator toolkit,0.935855
27,use-after-free vulnerability in browser rendering engine,taumode,21,CVE-2023-28444,angular-server-side-configuration information disclosure vulnerability in monorepo with node.js backend,0.935710
27,use-after-free vulnerability in browser rendering engine,taumode,22,CVE-2026-33672,Picomatch: Method Injection in POSIX Character Classes causes incorrect Glob Matching,0.935597
27,use-after-free vulnerability in browser rendering engine,taumode,23,CVE-2026-28400,Docker Model Runner Unauthenticated Runtime Flag Injection via _configure Endpoint,0.935447
27,use-after-free vulnerability in browser rendering engine,taumode,24,CVE-2026-35209,defu: Prototype pollution via `__proto__` key in defaults argument,0.935313
27,use-after-free vulnerability in browser rendering engine,taumode,25,CVE-2022-31692,(no title),0.935275
28,hardcoded credentials in firmware update mechanism,Cosine,1,CVE-2020-2021,PAN-OS: Authentication Bypass in SAML Authentication,0.842057
28,hardcoded credentials in firmware update mechanism,Cosine,2,CVE-2015-6420,(no title),0.841758
28,hardcoded credentials in firmware update mechanism,Cosine,3,CVE-2024-21796,(no title),0.836968
28,hardcoded credentials in firmware update mechanism,Cosine,4,CVE-2019-0804,(no title),0.835718
28,hardcoded credentials in firmware update mechanism,Cosine,5,CVE-2026-25963,Fleet: Authorization Bypass in certificate template batch deletion for team administrators,0.835202
28,hardcoded credentials in firmware update mechanism,Cosine,6,CVE-2018-1256,(no title),0.835021
28,hardcoded credentials in firmware update mechanism,Cosine,7,CVE-2018-0238,(no title),0.834696
28,hardcoded credentials in firmware update mechanism,Cosine,8,CVE-2008-6706,(no title),0.833542
28,hardcoded credentials in firmware update mechanism,Cosine,9,CVE-2015-7494,(no title),0.832122
28,hardcoded credentials in firmware update mechanism,Cosine,10,CVE-2025-20286,ISE on AWS Static Credential,0.832020
28,hardcoded credentials in firmware update mechanism,Cosine,11,CVE-2022-23670,(no title),0.830778
28,hardcoded credentials in firmware update mechanism,Cosine,12,CVE-2024-45164,(no title),0.830033
28,hardcoded credentials in firmware update mechanism,Cosine,13,CVE-2020-26814,(no title),0.829579
28,hardcoded credentials in firmware update mechanism,Cosine,14,CVE-2022-23671,(no title),0.828902
28,hardcoded credentials in firmware update mechanism,Cosine,15,CVE-2021-22048,(no title),0.828738
28,hardcoded credentials in firmware update mechanism,Cosine,16,CVE-2021-30648,(no title),0.828262
28,hardcoded credentials in firmware update mechanism,Cosine,17,CVE-2022-23675,(no title),0.827572
28,hardcoded credentials in firmware update mechanism,Cosine,18,CVE-2026-5756,Unauthenticated Configuration File Modification Vulnerability in DRC Central Office Services (COS),0.827372
28,hardcoded credentials in firmware update mechanism,Cosine,19,CVE-2022-23659,(no title),0.827181
28,hardcoded credentials in firmware update mechanism,Cosine,20,CVE-2026-29597,(no title),0.826395
28,hardcoded credentials in firmware update mechanism,Cosine,21,CVE-2020-7215,(no title),0.825805
28,hardcoded credentials in firmware update mechanism,Cosine,22,CVE-2024-2552,PAN-OS: Arbitrary File Delete Vulnerability in the Command Line Interface (CLI),0.825667
28,hardcoded credentials in firmware update mechanism,Cosine,23,CVE-2023-20889,(no title),0.825441
28,hardcoded credentials in firmware update mechanism,Cosine,24,CVE-2024-45037,AWS CDK RestApi not generating authorizationScope correctly in resultant CFN template,0.825315
28,hardcoded credentials in firmware update mechanism,Cosine,25,CVE-2022-23674,(no title),0.823997
28,hardcoded credentials in firmware update mechanism,hybrid,1,CVE-2020-2021,PAN-OS: Authentication Bypass in SAML Authentication,0.886146
28,hardcoded credentials in firmware update mechanism,hybrid,2,CVE-2015-6420,(no title),0.885976
28,hardcoded credentials in firmware update mechanism,hybrid,3,CVE-2024-21796,(no title),0.882520
28,hardcoded credentials in firmware update mechanism,hybrid,4,CVE-2019-0804,(no title),0.881662
28,hardcoded credentials in firmware update mechanism,hybrid,5,CVE-2026-25963,Fleet: Authorization Bypass in certificate template batch deletion for team administrators,0.881279
28,hardcoded credentials in firmware update mechanism,hybrid,6,CVE-2018-1256,(no title),0.881129
28,hardcoded credentials in firmware update mechanism,hybrid,7,CVE-2018-0238,(no title),0.880980
28,hardcoded credentials in firmware update mechanism,hybrid,8,CVE-2008-6706,(no title),0.880086
28,hardcoded credentials in firmware update mechanism,hybrid,9,CVE-2015-7494,(no title),0.879054
28,hardcoded credentials in firmware update mechanism,hybrid,10,CVE-2025-20286,ISE on AWS Static Credential,0.879046
28,hardcoded credentials in firmware update mechanism,hybrid,11,CVE-2022-23670,(no title),0.878077
28,hardcoded credentials in firmware update mechanism,hybrid,12,CVE-2024-45164,(no title),0.877525
28,hardcoded credentials in firmware update mechanism,hybrid,13,CVE-2020-26814,(no title),0.877187
28,hardcoded credentials in firmware update mechanism,hybrid,14,CVE-2022-23671,(no title),0.876729
28,hardcoded credentials in firmware update mechanism,hybrid,15,CVE-2021-22048,(no title),0.876688
28,hardcoded credentials in firmware update mechanism,hybrid,16,CVE-2021-30648,(no title),0.876294
28,hardcoded credentials in firmware update mechanism,hybrid,17,CVE-2022-23675,(no title),0.875772
28,hardcoded credentials in firmware update mechanism,hybrid,18,CVE-2022-23659,(no title),0.875518
28,hardcoded credentials in firmware update mechanism,hybrid,19,CVE-2026-29597,(no title),0.874933
28,hardcoded credentials in firmware update mechanism,hybrid,20,CVE-2020-7215,(no title),0.874577
28,hardcoded credentials in firmware update mechanism,hybrid,21,CVE-2023-20889,(no title),0.874289
28,hardcoded credentials in firmware update mechanism,hybrid,22,CVE-2024-2552,PAN-OS: Arbitrary File Delete Vulnerability in the Command Line Interface (CLI),0.874207
28,hardcoded credentials in firmware update mechanism,hybrid,23,CVE-2024-45037,AWS CDK RestApi not generating authorizationScope correctly in resultant CFN template,0.874206
28,hardcoded credentials in firmware update mechanism,hybrid,24,CVE-2026-5756,Unauthenticated Configuration File Modification Vulnerability in DRC Central Office Services (COS),0.873600
28,hardcoded credentials in firmware update mechanism,hybrid,25,CVE-2022-23674,(no title),0.873200
28,hardcoded credentials in firmware update mechanism,taumode,1,CVE-2020-2021,PAN-OS: Authentication Bypass in SAML Authentication,0.933385
28,hardcoded credentials in firmware update mechanism,taumode,2,CVE-2015-6420,(no title),0.933352
28,hardcoded credentials in firmware update mechanism,taumode,3,CVE-2024-21796,(no title),0.931326
28,hardcoded credentials in firmware update mechanism,taumode,4,CVE-2019-0804,(no title),0.930887
28,hardcoded credentials in firmware update mechanism,taumode,5,CVE-2026-25963,Fleet: Authorization Bypass in certificate template batch deletion for team administrators,0.930646
28,hardcoded credentials in firmware update mechanism,taumode,6,CVE-2018-0238,(no title),0.930570
28,hardcoded credentials in firmware update mechanism,taumode,7,CVE-2018-1256,(no title),0.930530
28,hardcoded credentials in firmware update mechanism,taumode,8,CVE-2008-6706,(no title),0.929954
28,hardcoded credentials in firmware update mechanism,taumode,9,CVE-2025-20286,ISE on AWS Static Credential,0.929430
28,hardcoded credentials in firmware update mechanism,taumode,10,CVE-2015-7494,(no title),0.929338
28,hardcoded credentials in firmware update mechanism,taumode,11,CVE-2022-23670,(no title),0.928754
28,hardcoded credentials in firmware update mechanism,taumode,12,CVE-2024-45164,(no title),0.928410
28,hardcoded credentials in firmware update mechanism,taumode,13,CVE-2020-26814,(no title),0.928197
28,hardcoded credentials in firmware update mechanism,taumode,14,CVE-2021-22048,(no title),0.928062
28,hardcoded credentials in firmware update mechanism,taumode,15,CVE-2022-23671,(no title),0.927973
28,hardcoded credentials in firmware update mechanism,taumode,16,CVE-2021-30648,(no title),0.927756
28,hardcoded credentials in firmware update mechanism,taumode,17,CVE-2022-23675,(no title),0.927414
28,hardcoded credentials in firmware update mechanism,taumode,18,CVE-2022-23659,(no title),0.927308
28,hardcoded credentials in firmware update mechanism,taumode,19,CVE-2026-29597,(no title),0.926938
28,hardcoded credentials in firmware update mechanism,taumode,20,CVE-2020-7215,(no title),0.926833
28,hardcoded credentials in firmware update mechanism,taumode,21,CVE-2023-20889,(no title),0.926626
28,hardcoded credentials in firmware update mechanism,taumode,22,CVE-2024-45037,AWS CDK RestApi not generating authorizationScope correctly in resultant CFN template,0.926590
28,hardcoded credentials in firmware update mechanism,taumode,23,CVE-2024-2552,PAN-OS: Arbitrary File Delete Vulnerability in the Command Line Interface (CLI),0.926214
28,hardcoded credentials in firmware update mechanism,taumode,24,CVE-2022-23674,(no title),0.925918
28,hardcoded credentials in firmware update mechanism,taumode,25,CVE-2022-43781,(no title),0.925780
29,authorization bypass in GraphQL mutation resolver,Cosine,1,CVE-2025-20286,ISE on AWS Static Credential,0.835500
29,authorization bypass in GraphQL mutation resolver,Cosine,2,CVE-2015-6420,(no title),0.825448
29,authorization bypass in GraphQL mutation resolver,Cosine,3,CVE-2018-0238,(no title),0.823058
29,authorization bypass in GraphQL mutation resolver,Cosine,4,CVE-2024-10125,Lack of JWT issuer and signer validation,0.820358
29,authorization bypass in GraphQL mutation resolver,Cosine,5,CVE-2008-3081,(no title),0.819729
29,authorization bypass in GraphQL mutation resolver,Cosine,6,CVE-2021-30648,(no title),0.819645
29,authorization bypass in GraphQL mutation resolver,Cosine,7,CVE-2008-6573,(no title),0.815832
29,authorization bypass in GraphQL mutation resolver,Cosine,8,CVE-2008-6706,(no title),0.815763
29,authorization bypass in GraphQL mutation resolver,Cosine,9,CVE-2020-21524,(no title),0.815651
29,authorization bypass in GraphQL mutation resolver,Cosine,10,CVE-2019-5537,(no title),0.814666
29,authorization bypass in GraphQL mutation resolver,Cosine,11,CVE-2017-6147,(no title),0.814123
29,authorization bypass in GraphQL mutation resolver,Cosine,12,CVE-2018-12182,(no title),0.814078
29,authorization bypass in GraphQL mutation resolver,Cosine,13,CVE-2019-14688,(no title),0.813972
29,authorization bypass in GraphQL mutation resolver,Cosine,14,CVE-2015-7494,(no title),0.812510
29,authorization bypass in GraphQL mutation resolver,Cosine,15,CVE-2019-7225,(no title),0.811876
29,authorization bypass in GraphQL mutation resolver,Cosine,16,CVE-2023-29927,(no title),0.811786
29,authorization bypass in GraphQL mutation resolver,Cosine,17,CVE-2019-5538,(no title),0.811464
29,authorization bypass in GraphQL mutation resolver,Cosine,18,CVE-2026-25963,Fleet: Authorization Bypass in certificate template batch deletion for team administrators,0.810514
29,authorization bypass in GraphQL mutation resolver,Cosine,19,CVE-2022-23083,(no title),0.809889
29,authorization bypass in GraphQL mutation resolver,Cosine,20,CVE-2023-20889,(no title),0.809267
29,authorization bypass in GraphQL mutation resolver,Cosine,21,CVE-2024-37293,aws-deployment-framework's potential risk can lead to privilege escalation,0.809118
29,authorization bypass in GraphQL mutation resolver,Cosine,22,CVE-2010-0184,(no title),0.808416
29,authorization bypass in GraphQL mutation resolver,Cosine,23,CVE-2023-20888,(no title),0.808033
29,authorization bypass in GraphQL mutation resolver,Cosine,24,CVE-2021-26988,(no title),0.807396
29,authorization bypass in GraphQL mutation resolver,Cosine,25,CVE-2022-29597,(no title),0.806621
29,authorization bypass in GraphQL mutation resolver,hybrid,1,CVE-2025-20286,ISE on AWS Static Credential,0.881495
29,authorization bypass in GraphQL mutation resolver,hybrid,2,CVE-2015-6420,(no title),0.874159
29,authorization bypass in GraphQL mutation resolver,hybrid,3,CVE-2018-0238,(no title),0.872529
29,authorization bypass in GraphQL mutation resolver,hybrid,4,CVE-2024-10125,Lack of JWT issuer and signer validation,0.870566
29,authorization bypass in GraphQL mutation resolver,hybrid,5,CVE-2008-3081,(no title),0.870135
29,authorization bypass in GraphQL mutation resolver,hybrid,6,CVE-2021-30648,(no title),0.870017
29,authorization bypass in GraphQL mutation resolver,hybrid,7,CVE-2008-6573,(no title),0.867235
29,authorization bypass in GraphQL mutation resolver,hybrid,8,CVE-2020-21524,(no title),0.867217
29,authorization bypass in GraphQL mutation resolver,hybrid,9,CVE-2008-6706,(no title),0.867212
29,authorization bypass in GraphQL mutation resolver,hybrid,10,CVE-2019-5537,(no title),0.866473
29,authorization bypass in GraphQL mutation resolver,hybrid,11,CVE-2017-6147,(no title),0.866162
29,authorization bypass in GraphQL mutation resolver,hybrid,12,CVE-2018-12182,(no title),0.865983
29,authorization bypass in GraphQL mutation resolver,hybrid,13,CVE-2019-14688,(no title),0.865893
29,authorization bypass in GraphQL mutation resolver,hybrid,14,CVE-2015-7494,(no title),0.864860
29,authorization bypass in GraphQL mutation resolver,hybrid,15,CVE-2019-7225,(no title),0.864409
29,authorization bypass in GraphQL mutation resolver,hybrid,16,CVE-2023-29927,(no title),0.864354
29,authorization bypass in GraphQL mutation resolver,hybrid,17,CVE-2019-5538,(no title),0.864172
29,authorization bypass in GraphQL mutation resolver,hybrid,18,CVE-2026-25963,Fleet: Authorization Bypass in certificate template batch deletion for team administrators,0.863430
29,authorization bypass in GraphQL mutation resolver,hybrid,19,CVE-2022-23083,(no title),0.863003
29,authorization bypass in GraphQL mutation resolver,hybrid,20,CVE-2023-20889,(no title),0.862627
29,authorization bypass in GraphQL mutation resolver,hybrid,21,CVE-2024-37293,aws-deployment-framework's potential risk can lead to privilege escalation,0.862495
29,authorization bypass in GraphQL mutation resolver,hybrid,22,CVE-2010-0184,(no title),0.861975
29,authorization bypass in GraphQL mutation resolver,hybrid,23,CVE-2023-20888,(no title),0.861693
29,authorization bypass in GraphQL mutation resolver,hybrid,24,CVE-2021-26988,(no title),0.861258
29,authorization bypass in GraphQL mutation resolver,hybrid,25,CVE-2022-29597,(no title),0.860663
29,authorization bypass in GraphQL mutation resolver,taumode,1,CVE-2025-20286,ISE on AWS Static Credential,0.930777
29,authorization bypass in GraphQL mutation resolver,taumode,2,CVE-2015-6420,(no title),0.926350
29,authorization bypass in GraphQL mutation resolver,taumode,3,CVE-2018-0238,(no title),0.925535
29,authorization bypass in GraphQL mutation resolver,taumode,4,CVE-2024-10125,Lack of JWT issuer and signer validation,0.924361
29,authorization bypass in GraphQL mutation resolver,taumode,5,CVE-2008-3081,(no title),0.924140
29,authorization bypass in GraphQL mutation resolver,taumode,6,CVE-2021-30648,(no title),0.923985
29,authorization bypass in GraphQL mutation resolver,taumode,7,CVE-2020-21524,(no title),0.922467
29,authorization bypass in GraphQL mutation resolver,taumode,8,CVE-2008-6706,(no title),0.922336
29,authorization bypass in GraphQL mutation resolver,taumode,9,CVE-2008-6573,(no title),0.922309
29,authorization bypass in GraphQL mutation resolver,taumode,10,CVE-2019-5537,(no title),0.921980
29,authorization bypass in GraphQL mutation resolver,taumode,11,CVE-2017-6147,(no title),0.921918
29,authorization bypass in GraphQL mutation resolver,taumode,12,CVE-2018-12182,(no title),0.921595
29,authorization bypass in GraphQL mutation resolver,taumode,13,CVE-2019-14688,(no title),0.921524
29,authorization bypass in GraphQL mutation resolver,taumode,14,CVE-2015-7494,(no title),0.920949
29,authorization bypass in GraphQL mutation resolver,taumode,15,CVE-2019-7225,(no title),0.920695
29,authorization bypass in GraphQL mutation resolver,taumode,16,CVE-2023-29927,(no title),0.920677
29,authorization bypass in GraphQL mutation resolver,taumode,17,CVE-2019-5538,(no title),0.920646
29,authorization bypass in GraphQL mutation resolver,taumode,18,CVE-2026-25963,Fleet: Authorization Bypass in certificate template batch deletion for team administrators,0.920125
29,authorization bypass in GraphQL mutation resolver,taumode,19,CVE-2022-23083,(no title),0.919912
29,authorization bypass in GraphQL mutation resolver,taumode,20,CVE-2023-20889,(no title),0.919799
29,authorization bypass in GraphQL mutation resolver,taumode,21,CVE-2024-37293,aws-deployment-framework's potential risk can lead to privilege escalation,0.919685
29,authorization bypass in GraphQL mutation resolver,taumode,22,CVE-2010-0184,(no title),0.919359
29,authorization bypass in GraphQL mutation resolver,taumode,23,CVE-2023-20888,(no title),0.919186
29,authorization bypass in GraphQL mutation resolver,taumode,24,CVE-2021-26988,(no title),0.918967
29,authorization bypass in GraphQL mutation resolver,taumode,25,CVE-2009-0115,(no title),0.918629
30,XML external entity XXE injection in SOAP parser,Cosine,1,CVE-2022-50255,tracing: Fix reading strings from synthetic events,0.813032
30,XML external entity XXE injection in SOAP parser,Cosine,2,CVE-2008-1736,(no title),0.811578
30,XML external entity XXE injection in SOAP parser,Cosine,3,CVE-2007-5042,(no title),0.811060
30,XML external entity XXE injection in SOAP parser,Cosine,4,CVE-2007-4969,(no title),0.810605
30,XML external entity XXE injection in SOAP parser,Cosine,5,CVE-2023-45503,(no title),0.808389
30,XML external entity XXE injection in SOAP parser,Cosine,6,CVE-2012-3000,(no title),0.807924
30,XML external entity XXE injection in SOAP parser,Cosine,7,CVE-2006-7160,(no title),0.806407
30,XML external entity XXE injection in SOAP parser,Cosine,8,CVE-2012-2090,(no title),0.806368
30,XML external entity XXE injection in SOAP parser,Cosine,9,CVE-2006-0120,(no title),0.806021
30,XML external entity XXE injection in SOAP parser,Cosine,10,CVE-2026-24516,(no title),0.804932
30,XML external entity XXE injection in SOAP parser,Cosine,11,CVE-2025-40362,ceph: fix multifs mds auth caps issue,0.804697
30,XML external entity XXE injection in SOAP parser,Cosine,12,CVE-2025-12194,(no title),0.803961
30,XML external entity XXE injection in SOAP parser,Cosine,13,CVE-2024-47141,pinmux: Use sequential access to access desc->pinmux data,0.803514
30,XML external entity XXE injection in SOAP parser,Cosine,14,CVE-2016-9167,(no title),0.803322
30,XML external entity XXE injection in SOAP parser,Cosine,15,CVE-2008-1855,(no title),0.802998
30,XML external entity XXE injection in SOAP parser,Cosine,16,CVE-2007-4970,(no title),0.802972
30,XML external entity XXE injection in SOAP parser,Cosine,17,CVE-2025-38488,smb: client: fix use-after-free in crypt_message when using async crypto,0.802695
30,XML external entity XXE injection in SOAP parser,Cosine,18,CVE-2009-3163,(no title),0.802442
30,XML external entity XXE injection in SOAP parser,Cosine,19,CVE-2016-3968,(no title),0.800488
30,XML external entity XXE injection in SOAP parser,Cosine,20,CVE-2006-5143,(no title),0.800444
30,XML external entity XXE injection in SOAP parser,Cosine,21,CVE-2022-49221,drm/msm/dp: populate connector of struct dp_panel,0.800353
30,XML external entity XXE injection in SOAP parser,Cosine,22,CVE-2007-5040,(no title),0.799152
30,XML external entity XXE injection in SOAP parser,Cosine,23,CVE-2025-62156,argo-workflows Zip Slip path traversal allows arbitrary file write and container configuration overwrite,0.798398
30,XML external entity XXE injection in SOAP parser,Cosine,24,CVE-2006-3838,(no title),0.798196
30,XML external entity XXE injection in SOAP parser,Cosine,25,CVE-2025-38523,cifs: Fix the smbd_response slab to allow usercopy,0.798191
30,XML external entity XXE injection in SOAP parser,hybrid,1,CVE-2009-3163,(no title),0.857424
30,XML external entity XXE injection in SOAP parser,hybrid,2,CVE-2007-5040,(no title),0.844954
30,XML external entity XXE injection in SOAP parser,hybrid,3,CVE-2026-24516,(no title),0.843822
30,XML external entity XXE injection in SOAP parser,hybrid,4,CVE-2008-1855,(no title),0.843820
30,XML external entity XXE injection in SOAP parser,hybrid,5,CVE-2013-6987,(no title),0.842683
30,XML external entity XXE injection in SOAP parser,hybrid,6,CVE-2026-28808,ScriptAlias CGI targets bypass directory auth in inets httpd (mod_auth vs mod_cgi path mismatch),0.841929
30,XML external entity XXE injection in SOAP parser,hybrid,7,CVE-2024-47141,pinmux: Use sequential access to access desc->pinmux data,0.841126
30,XML external entity XXE injection in SOAP parser,hybrid,8,CVE-2011-0959,(no title),0.840867
30,XML external entity XXE injection in SOAP parser,hybrid,9,CVE-2008-1736,(no title),0.839484
30,XML external entity XXE injection in SOAP parser,hybrid,10,CVE-2024-37026,drm/xe: Only use reserved BCS instances for usm migrate exec queue,0.839328
30,XML external entity XXE injection in SOAP parser,hybrid,11,CVE-2025-63604,(no title),0.839247
30,XML external entity XXE injection in SOAP parser,hybrid,12,CVE-2023-53501,iommu/amd/iommu_v2: Fix pasid_state refcount dec hit 0 warning on pasid unbind,0.836887
30,XML external entity XXE injection in SOAP parser,hybrid,13,CVE-2025-12194,(no title),0.836803
30,XML external entity XXE injection in SOAP parser,hybrid,14,CVE-2007-4969,(no title),0.836704
30,XML external entity XXE injection in SOAP parser,hybrid,15,CVE-2007-0709,(no title),0.835889
30,XML external entity XXE injection in SOAP parser,hybrid,16,CVE-2004-2542,(no title),0.835238
30,XML external entity XXE injection in SOAP parser,hybrid,17,CVE-2011-4153,(no title),0.834075
30,XML external entity XXE injection in SOAP parser,hybrid,18,CVE-2025-68726,crypto: aead - Fix reqsize handling,0.833930
30,XML external entity XXE injection in SOAP parser,hybrid,19,CVE-2007-4971,(no title),0.833867
30,XML external entity XXE injection in SOAP parser,hybrid,20,CVE-2024-56539,wifi: mwifiex: Fix memcpy() field-spanning write warning in mwifiex_config_scan(),0.833816
30,XML external entity XXE injection in SOAP parser,hybrid,21,CVE-2024-50281,KEYS: trusted: dcp: fix NULL dereference in AEAD crypto operation,0.833811
30,XML external entity XXE injection in SOAP parser,hybrid,22,CVE-2015-1028,(no title),0.833660
30,XML external entity XXE injection in SOAP parser,hybrid,23,CVE-2022-50255,tracing: Fix reading strings from synthetic events,0.833074
30,XML external entity XXE injection in SOAP parser,hybrid,24,CVE-2023-0482,(no title),0.832638
30,XML external entity XXE injection in SOAP parser,hybrid,25,CVE-2009-3051,(no title),0.832223
30,XML external entity XXE injection in SOAP parser,taumode,1,CVE-2009-3163,(no title),0.916333
30,XML external entity XXE injection in SOAP parser,taumode,2,CVE-2026-28808,ScriptAlias CGI targets bypass directory auth in inets httpd (mod_auth vs mod_cgi path mismatch),0.906490
30,XML external entity XXE injection in SOAP parser,taumode,3,CVE-2023-53501,iommu/amd/iommu_v2: Fix pasid_state refcount dec hit 0 warning on pasid unbind,0.903828
30,XML external entity XXE injection in SOAP parser,taumode,4,CVE-2004-2542,(no title),0.903245
30,XML external entity XXE injection in SOAP parser,taumode,5,CVE-2013-6987,(no title),0.901813
30,XML external entity XXE injection in SOAP parser,taumode,6,CVE-2011-4153,(no title),0.901543
30,XML external entity XXE injection in SOAP parser,taumode,7,CVE-2024-37026,drm/xe: Only use reserved BCS instances for usm migrate exec queue,0.900697
30,XML external entity XXE injection in SOAP parser,taumode,8,CVE-2009-4742,(no title),0.900221
30,XML external entity XXE injection in SOAP parser,taumode,9,CVE-2015-1028,(no title),0.899811
30,XML external entity XXE injection in SOAP parser,taumode,10,CVE-2020-10372,(no title),0.899253
30,XML external entity XXE injection in SOAP parser,taumode,11,CVE-2024-56539,wifi: mwifiex: Fix memcpy() field-spanning write warning in mwifiex_config_scan(),0.899128
30,XML external entity XXE injection in SOAP parser,taumode,12,CVE-2011-0959,(no title),0.898902
30,XML external entity XXE injection in SOAP parser,taumode,13,CVE-2025-68726,crypto: aead - Fix reqsize handling,0.898660
30,XML external entity XXE injection in SOAP parser,taumode,14,CVE-2008-0755,(no title),0.898489
30,XML external entity XXE injection in SOAP parser,taumode,15,CVE-2025-63604,(no title),0.897741
30,XML external entity XXE injection in SOAP parser,taumode,16,CVE-2006-2286,(no title),0.897614
30,XML external entity XXE injection in SOAP parser,taumode,17,CVE-2025-37812,usb: cdns3: Fix deadlock when using NCM gadget,0.897286
30,XML external entity XXE injection in SOAP parser,taumode,18,CVE-2009-3051,(no title),0.897113
30,XML external entity XXE injection in SOAP parser,taumode,19,CVE-2026-29125,IDC SFX2100 Satellite Receiver allows unprivileged modification of DNS configuration due to world-writable `/etc/resolv.conf`,0.897039
30,XML external entity XXE injection in SOAP parser,taumode,20,CVE-2026-31598,ocfs2: fix possible deadlock between unlink and dio_end_io_write,0.897037
30,XML external entity XXE injection in SOAP parser,taumode,21,CVE-2013-3077,(no title),0.896870
30,XML external entity XXE injection in SOAP parser,taumode,22,CVE-2003-1340,(no title),0.896814
30,XML external entity XXE injection in SOAP parser,taumode,23,CVE-2023-22809,(no title),0.896632
30,XML external entity XXE injection in SOAP parser,taumode,24,CVE-2006-1782,(no title),0.896612
30,XML external entity XXE injection in SOAP parser,taumode,25,CVE-2020-10209,(no title),0.895974
31,improper access control in REST API DELETE method,Cosine,1,CVE-2020-21524,(no title),0.876880
31,improper access control in REST API DELETE method,Cosine,2,CVE-2026-40193,Maddy Mail Server: LDAP Filter Injection via Unsanitized Username,0.876182
31,improper access control in REST API DELETE method,Cosine,3,CVE-2021-32779,Incorrectly handling of URI '#fragment' element as part of the path element,0.872313
31,improper access control in REST API DELETE method,Cosine,4,CVE-2006-3172,(no title),0.871016
31,improper access control in REST API DELETE method,Cosine,5,CVE-2023-5123,Improper Path Sanitization in JSON Datasource Plugin,0.870994
31,improper access control in REST API DELETE method,Cosine,6,CVE-2016-4948,(no title),0.868350
31,improper access control in REST API DELETE method,Cosine,7,CVE-2026-24516,(no title),0.867452
31,improper access control in REST API DELETE method,Cosine,8,CVE-2016-9554,(no title),0.866968
31,improper access control in REST API DELETE method,Cosine,9,CVE-2014-9145,(no title),0.866863
31,improper access control in REST API DELETE method,Cosine,10,CVE-2020-5846,(no title),0.865837
31,improper access control in REST API DELETE method,Cosine,11,CVE-2024-10125,Lack of JWT issuer and signer validation,0.864631
31,improper access control in REST API DELETE method,Cosine,12,CVE-2022-23506,Spinnaker's Rosco microservice vulnerable to improper log masking on AWS Packer builds,0.864623
31,improper access control in REST API DELETE method,Cosine,13,CVE-2025-27092,Path Traversal Vulnerability in GHOSTS Photo Retrieval Endpoint,0.863949
31,improper access control in REST API DELETE method,Cosine,14,CVE-2007-5642,(no title),0.863894
31,improper access control in REST API DELETE method,Cosine,15,CVE-2006-0732,(no title),0.863266
31,improper access control in REST API DELETE method,Cosine,16,CVE-2026-24047,@backstage/cli-common has a possible `resolveSafeChildPath` Symlink Chain Bypass,0.863146
31,improper access control in REST API DELETE method,Cosine,17,CVE-2008-6706,(no title),0.862993
31,improper access control in REST API DELETE method,Cosine,18,CVE-2006-6974,(no title),0.862833
31,improper access control in REST API DELETE method,Cosine,19,CVE-2009-1553,(no title),0.862786
31,improper access control in REST API DELETE method,Cosine,20,CVE-2007-0056,(no title),0.862397
31,improper access control in REST API DELETE method,Cosine,21,CVE-2026-40022,Apache Camel Platform HTTP Main: Authentication Bypass on Non-Root Context Paths in camel main runtime,0.861268
31,improper access control in REST API DELETE method,Cosine,22,CVE-2026-24046,Backstage has a Possible Symlink Path Traversal in Scaffolder Actions,0.860352
31,improper access control in REST API DELETE method,Cosine,23,CVE-2022-31195,Path traversal vulnerability in Simple Archive Format package import in DSpace,0.859871
31,improper access control in REST API DELETE method,Cosine,24,CVE-2025-69256,serverless MCP Server vulnerable to command injection in list-projects tool,0.859536
31,improper access control in REST API DELETE method,Cosine,25,CVE-2025-34234,Vasion Print (formerly PrinterLogic) Hardcoded Encryption Private Keys,0.859442
31,improper access control in REST API DELETE method,hybrid,1,CVE-2015-7391,(no title),0.896338
31,improper access control in REST API DELETE method,hybrid,2,CVE-2025-23203,Icinga has rest API endpoints accessible to restricted users,0.888947
31,improper access control in REST API DELETE method,hybrid,3,CVE-2007-0056,(no title),0.888321
31,improper access control in REST API DELETE method,hybrid,4,CVE-2007-1458,(no title),0.887079
31,improper access control in REST API DELETE method,hybrid,5,CVE-2007-6548,(no title),0.886676
31,improper access control in REST API DELETE method,hybrid,6,CVE-2011-5230,(no title),0.882714
31,improper access control in REST API DELETE method,hybrid,7,CVE-2024-53354,(no title),0.882617
31,improper access control in REST API DELETE method,hybrid,8,CVE-2007-5098,(no title),0.882155
31,improper access control in REST API DELETE method,hybrid,9,CVE-2021-41090,Instance config inline secret exposure,0.879070
31,improper access control in REST API DELETE method,hybrid,10,CVE-2017-6086,(no title),0.876014
31,improper access control in REST API DELETE method,hybrid,11,CVE-2012-5328,(no title),0.875829
31,improper access control in REST API DELETE method,hybrid,12,CVE-2014-1671,(no title),0.875765
31,improper access control in REST API DELETE method,hybrid,13,CVE-2009-4571,(no title),0.875482
31,improper access control in REST API DELETE method,hybrid,14,CVE-2026-23942,SFTP root escape via component-agnostic prefix check in ssh_sftpd,0.874217
31,improper access control in REST API DELETE method,hybrid,15,CVE-2007-0373,(no title),0.873699
31,improper access control in REST API DELETE method,hybrid,16,CVE-2010-1515,(no title),0.873606
31,improper access control in REST API DELETE method,hybrid,17,CVE-2020-12446,(no title),0.873436
31,improper access control in REST API DELETE method,hybrid,18,CVE-2007-3620,(no title),0.873302
31,improper access control in REST API DELETE method,hybrid,19,CVE-2008-6551,(no title),0.873277
31,improper access control in REST API DELETE method,hybrid,20,CVE-2007-4636,(no title),0.872262
31,improper access control in REST API DELETE method,hybrid,21,CVE-2024-42472,Flatpak may allow access to files outside sandbox for certain apps,0.872061
31,improper access control in REST API DELETE method,hybrid,22,CVE-2006-4984,(no title),0.871268
31,improper access control in REST API DELETE method,hybrid,23,CVE-2020-26564,(no title),0.870950
31,improper access control in REST API DELETE method,hybrid,24,CVE-2008-1123,(no title),0.870450
31,improper access control in REST API DELETE method,hybrid,25,CVE-2023-48654,(no title),0.870043
31,improper access control in REST API DELETE method,taumode,1,CVE-2015-7391,(no title),0.938958
31,improper access control in REST API DELETE method,taumode,2,CVE-2007-1458,(no title),0.931173
31,improper access control in REST API DELETE method,taumode,3,CVE-2021-41090,Instance config inline secret exposure,0.928261
31,improper access control in REST API DELETE method,taumode,4,CVE-2011-5230,(no title),0.927663
31,improper access control in REST API DELETE method,taumode,5,CVE-2007-3620,(no title),0.925938
31,improper access control in REST API DELETE method,taumode,6,CVE-2007-6548,(no title),0.924740
31,improper access control in REST API DELETE method,taumode,7,CVE-2014-1671,(no title),0.924557
31,improper access control in REST API DELETE method,taumode,8,CVE-2026-23942,SFTP root escape via component-agnostic prefix check in ssh_sftpd,0.924094
31,improper access control in REST API DELETE method,taumode,9,CVE-2012-5328,(no title),0.922962
31,improper access control in REST API DELETE method,taumode,10,CVE-2008-0884,(no title),0.922959
31,improper access control in REST API DELETE method,taumode,11,CVE-2020-12446,(no title),0.922772
31,improper access control in REST API DELETE method,taumode,12,CVE-2008-1123,(no title),0.922292
31,improper access control in REST API DELETE method,taumode,13,CVE-2025-23203,Icinga has rest API endpoints accessible to restricted users,0.921560
31,improper access control in REST API DELETE method,taumode,14,CVE-2007-0881,(no title),0.921523
31,improper access control in REST API DELETE method,taumode,15,CVE-2024-53354,(no title),0.921287
31,improper access control in REST API DELETE method,taumode,16,CVE-2011-5276,(no title),0.921121
31,improper access control in REST API DELETE method,taumode,17,CVE-2007-0373,(no title),0.921038
31,improper access control in REST API DELETE method,taumode,18,CVE-2013-6031,(no title),0.920386
31,improper access control in REST API DELETE method,taumode,19,CVE-2017-6086,(no title),0.919606
31,improper access control in REST API DELETE method,taumode,20,CVE-2008-6097,(no title),0.917766
31,improper access control in REST API DELETE method,taumode,21,CVE-2020-26564,(no title),0.917698
31,improper access control in REST API DELETE method,taumode,22,CVE-2006-4984,(no title),0.917593
31,improper access control in REST API DELETE method,taumode,23,CVE-2023-30605,Multiple SQL injections in sql/instance.py param_edit method in Archery - GHSL-2022-104,0.917443
31,improper access control in REST API DELETE method,taumode,24,CVE-2013-0201,(no title),0.917372
31,improper access control in REST API DELETE method,taumode,25,CVE-2017-9767,(no title),0.916932
32,arbitrary file upload leading to remote code execution,Cosine,1,CVE-2005-0039,(no title),0.879959
32,arbitrary file upload leading to remote code execution,Cosine,2,CVE-2017-8331,(no title),0.873343
32,arbitrary file upload leading to remote code execution,Cosine,3,CVE-2024-50281,KEYS: trusted: dcp: fix NULL dereference in AEAD crypto operation,0.871506
32,arbitrary file upload leading to remote code execution,Cosine,4,CVE-2011-2716,(no title),0.867956
32,arbitrary file upload leading to remote code execution,Cosine,5,CVE-2017-8411,(no title),0.867612
32,arbitrary file upload leading to remote code execution,Cosine,6,CVE-2017-8404,(no title),0.867005
32,arbitrary file upload leading to remote code execution,Cosine,7,CVE-2023-39903,(no title),0.866215
32,arbitrary file upload leading to remote code execution,Cosine,8,CVE-2019-10638,(no title),0.865442
32,arbitrary file upload leading to remote code execution,Cosine,9,CVE-2025-37799,vmxnet3: Fix malformed packet sizing in vmxnet3_process_xdp,0.865396
32,arbitrary file upload leading to remote code execution,Cosine,10,CVE-2007-1057,(no title),0.865223
32,arbitrary file upload leading to remote code execution,Cosine,11,CVE-2019-13269,(no title),0.864270
32,arbitrary file upload leading to remote code execution,Cosine,12,CVE-2009-0416,(no title),0.863738
32,arbitrary file upload leading to remote code execution,Cosine,13,CVE-2023-53103,bonding: restore bond's IFF_SLAVE flag if a non-eth dev enslave fails,0.863614
32,arbitrary file upload leading to remote code execution,Cosine,14,CVE-2021-43784,Overflow in netlink bytemsg length field allows attacker to override netlink-based container configuration,0.862833
32,arbitrary file upload leading to remote code execution,Cosine,15,CVE-2022-36063,USBX Host CDC ECM integer underflow with buffer overflow,0.862158
32,arbitrary file upload leading to remote code execution,Cosine,16,CVE-2022-49272,ALSA: pcm: Fix potential AB/BA lock with buffer_mutex and mmap_lock,0.861976
32,arbitrary file upload leading to remote code execution,Cosine,17,CVE-2017-8330,(no title),0.861877
32,arbitrary file upload leading to remote code execution,Cosine,18,CVE-2011-1930,(no title),0.861625
32,arbitrary file upload leading to remote code execution,Cosine,19,CVE-2026-40159,PraisonAI Exposes Sensitive Environment Variable via Untrusted MCP Subprocess Execution,0.861519
32,arbitrary file upload leading to remote code execution,Cosine,20,CVE-2024-8901,Lack of JWT issuer and signer validation,0.861255
32,arbitrary file upload leading to remote code execution,Cosine,21,CVE-2026-29054,"Traefik: lowercase `Connection` tokens can delete traefik-managed forwarded identity headers (for example, `X-Real-Ip`)",0.861087
32,arbitrary file upload leading to remote code execution,Cosine,22,CVE-2008-1397,(no title),0.860850
32,arbitrary file upload leading to remote code execution,Cosine,23,CVE-2015-4555,(no title),0.860510
32,arbitrary file upload leading to remote code execution,Cosine,24,CVE-2024-47659,"smack: tcp: ipv4, fix incorrect labeling",0.860500
32,arbitrary file upload leading to remote code execution,Cosine,25,CVE-2010-0306,(no title),0.859885
32,arbitrary file upload leading to remote code execution,hybrid,1,CVE-2025-37822,riscv: uprobes: Add missing fence.i after building the XOL buffer,0.891353
32,arbitrary file upload leading to remote code execution,hybrid,2,CVE-2006-0023,(no title),0.885729
32,arbitrary file upload leading to remote code execution,hybrid,3,CVE-2024-42132,bluetooth/hci: disallow setting handle bigger than HCI_CONN_HANDLE_MAX,0.881564
32,arbitrary file upload leading to remote code execution,hybrid,4,CVE-2018-19986,(no title),0.879711
32,arbitrary file upload leading to remote code execution,hybrid,5,CVE-2025-37812,usb: cdns3: Fix deadlock when using NCM gadget,0.877708
32,arbitrary file upload leading to remote code execution,hybrid,6,CVE-2025-68726,crypto: aead - Fix reqsize handling,0.875977
32,arbitrary file upload leading to remote code execution,hybrid,7,CVE-2022-49961,bpf: Do mark_chain_precision for ARG_CONST_ALLOC_SIZE_OR_ZERO,0.875833
32,arbitrary file upload leading to remote code execution,hybrid,8,CVE-2020-12884,(no title),0.875621
32,arbitrary file upload leading to remote code execution,hybrid,9,CVE-2021-35523,(no title),0.873464
32,arbitrary file upload leading to remote code execution,hybrid,10,CVE-2025-40046,io_uring/zcrx: fix overshooting recv limit,0.872742
32,arbitrary file upload leading to remote code execution,hybrid,11,CVE-2024-50281,KEYS: trusted: dcp: fix NULL dereference in AEAD crypto operation,0.872517
32,arbitrary file upload leading to remote code execution,hybrid,12,CVE-2018-8897,(no title),0.872161
32,arbitrary file upload leading to remote code execution,hybrid,13,CVE-2006-5817,(no title),0.871950
32,arbitrary file upload leading to remote code execution,hybrid,14,CVE-2009-1184,(no title),0.871829
32,arbitrary file upload leading to remote code execution,hybrid,15,CVE-2001-0497,(no title),0.871126
32,arbitrary file upload leading to remote code execution,hybrid,16,CVE-2024-40974,powerpc/pseries: Enforce hcall result buffer validity and size,0.870374
32,arbitrary file upload leading to remote code execution,hybrid,17,CVE-2008-5133,(no title),0.869055
32,arbitrary file upload leading to remote code execution,hybrid,18,CVE-2024-27403,netfilter: nft_flow_offload: reset dst in route object after setting up flow,0.868810
32,arbitrary file upload leading to remote code execution,hybrid,19,CVE-2013-2179,(no title),0.868661
32,arbitrary file upload leading to remote code execution,hybrid,20,CVE-2010-2942,(no title),0.868229
32,arbitrary file upload leading to remote code execution,hybrid,21,CVE-2009-3163,(no title),0.868121
32,arbitrary file upload leading to remote code execution,hybrid,22,CVE-2001-1078,(no title),0.867855
32,arbitrary file upload leading to remote code execution,hybrid,23,CVE-2007-4272,(no title),0.867798
32,arbitrary file upload leading to remote code execution,hybrid,24,CVE-2019-18934,(no title),0.867571
32,arbitrary file upload leading to remote code execution,hybrid,25,CVE-2013-2851,(no title),0.867435
32,arbitrary file upload leading to remote code execution,taumode,1,CVE-2025-37822,riscv: uprobes: Add missing fence.i after building the XOL buffer,0.933099
32,arbitrary file upload leading to remote code execution,taumode,2,CVE-2024-42132,bluetooth/hci: disallow setting handle bigger than HCI_CONN_HANDLE_MAX,0.929119
32,arbitrary file upload leading to remote code execution,taumode,3,CVE-2006-0023,(no title),0.927480
32,arbitrary file upload leading to remote code execution,taumode,4,CVE-2022-49961,bpf: Do mark_chain_precision for ARG_CONST_ALLOC_SIZE_OR_ZERO,0.926943
32,arbitrary file upload leading to remote code execution,taumode,5,CVE-2025-40046,io_uring/zcrx: fix overshooting recv limit,0.923703
32,arbitrary file upload leading to remote code execution,taumode,6,CVE-2018-19986,(no title),0.923515
32,arbitrary file upload leading to remote code execution,taumode,7,CVE-2006-5817,(no title),0.923441
32,arbitrary file upload leading to remote code execution,taumode,8,CVE-2020-12884,(no title),0.920785
32,arbitrary file upload leading to remote code execution,taumode,9,CVE-2022-27882,(no title),0.919675
32,arbitrary file upload leading to remote code execution,taumode,10,CVE-2021-35523,(no title),0.919298
32,arbitrary file upload leading to remote code execution,taumode,11,CVE-2008-5133,(no title),0.918872
32,arbitrary file upload leading to remote code execution,taumode,12,CVE-2019-11644,(no title),0.918706
32,arbitrary file upload leading to remote code execution,taumode,13,CVE-2024-40974,powerpc/pseries: Enforce hcall result buffer validity and size,0.918646
32,arbitrary file upload leading to remote code execution,taumode,14,CVE-2019-19449,(no title),0.918288
32,arbitrary file upload leading to remote code execution,taumode,15,CVE-2001-0497,(no title),0.917877
32,arbitrary file upload leading to remote code execution,taumode,16,CVE-2019-18934,(no title),0.917778
32,arbitrary file upload leading to remote code execution,taumode,17,CVE-2017-18269,(no title),0.917274
32,arbitrary file upload leading to remote code execution,taumode,18,CVE-2019-9579,(no title),0.916682
32,arbitrary file upload leading to remote code execution,taumode,19,CVE-2009-1184,(no title),0.916446
32,arbitrary file upload leading to remote code execution,taumode,20,CVE-2026-40489,editorconfig-core-c has incomplete fix for CVE-2023-0341,0.916249
32,arbitrary file upload leading to remote code execution,taumode,21,CVE-2007-4272,(no title),0.916229
32,arbitrary file upload leading to remote code execution,taumode,22,CVE-2013-2179,(no title),0.915723
32,arbitrary file upload leading to remote code execution,taumode,23,CVE-2015-8154,(no title),0.915346
32,arbitrary file upload leading to remote code execution,taumode,24,CVE-2005-1508,(no title),0.915179
32,arbitrary file upload leading to remote code execution,taumode,25,CVE-2008-4987,(no title),0.914420
33,open redirect in single sign-on logout flow,Cosine,1,CVE-2025-45582,(no title),0.891252
33,open redirect in single sign-on logout flow,Cosine,2,CVE-2025-37785,ext4: fix OOB read when checking dotdot dir,0.882748
33,open redirect in single sign-on logout flow,Cosine,3,CVE-2020-14004,(no title),0.880335
33,open redirect in single sign-on logout flow,Cosine,4,CVE-2024-50202,nilfs2: propagate directory read errors from nilfs_find_entry(),0.877837
33,open redirect in single sign-on logout flow,Cosine,5,CVE-2026-32310,Cryptomator: Unverified masterkeyfile key IDs can access arbitrary local or UNC paths,0.875824
33,open redirect in single sign-on logout flow,Cosine,6,CVE-2021-35975,(no title),0.875774
33,open redirect in single sign-on logout flow,Cosine,7,CVE-2025-66002,Local users can perform arbitrary unmounts via smb4k mount helper due to lack of input validation,0.873962
33,open redirect in single sign-on logout flow,Cosine,8,CVE-2018-19988,(no title),0.873713
33,open redirect in single sign-on logout flow,Cosine,9,CVE-2022-50255,tracing: Fix reading strings from synthetic events,0.873565
33,open redirect in single sign-on logout flow,Cosine,10,CVE-2023-29007,Arbitrary configuration injection via `git submodule deinit`,0.873337
33,open redirect in single sign-on logout flow,Cosine,11,CVE-2014-0358,(no title),0.873294
33,open redirect in single sign-on logout flow,Cosine,12,CVE-2018-19986,(no title),0.872904
33,open redirect in single sign-on logout flow,Cosine,13,CVE-2025-40362,ceph: fix multifs mds auth caps issue,0.872813
33,open redirect in single sign-on logout flow,Cosine,14,CVE-2023-4759,Improper handling of case insensitive filesystems in Eclipse JGit allows arbitrary file write,0.872388
33,open redirect in single sign-on logout flow,Cosine,15,CVE-2021-37713,Arbitrary File Creation/Overwrite on Windows via insufficient relative path sanitization,0.871985
33,open redirect in single sign-on logout flow,Cosine,16,CVE-2026-31886,Dagu has a Path Traversal via `dagRunId` in Inline DAG Execution,0.871534
33,open redirect in single sign-on logout flow,Cosine,17,CVE-2008-1606,(no title),0.871295
33,open redirect in single sign-on logout flow,Cosine,18,CVE-2021-38085,(no title),0.871196
33,open redirect in single sign-on logout flow,Cosine,19,CVE-2025-62156,argo-workflows Zip Slip path traversal allows arbitrary file write and container configuration overwrite,0.870909
33,open redirect in single sign-on logout flow,Cosine,20,CVE-2026-32146,Improper Path Validation in Git Dependency Handling Allows Arbitrary File System Modification,0.870761
33,open redirect in single sign-on logout flow,Cosine,21,CVE-2015-4684,(no title),0.870600
33,open redirect in single sign-on logout flow,Cosine,22,CVE-2019-9745,(no title),0.869786
33,open redirect in single sign-on logout flow,Cosine,23,CVE-2025-62511,yt-grabber-tui local arbitrary file overwrite via TOCTOU race in config file creation,0.869241
33,open redirect in single sign-on logout flow,Cosine,24,CVE-2025-70328,(no title),0.869019
33,open redirect in single sign-on logout flow,Cosine,25,CVE-2020-27386,(no title),0.868923
33,open redirect in single sign-on logout flow,hybrid,1,CVE-2006-2864,(no title),0.894982
33,open redirect in single sign-on logout flow,hybrid,2,CVE-2010-3209,(no title),0.888343
33,open redirect in single sign-on logout flow,hybrid,3,CVE-2006-4423,(no title),0.883772
33,open redirect in single sign-on logout flow,hybrid,4,CVE-2006-2768,(no title),0.881582
33,open redirect in single sign-on logout flow,hybrid,5,CVE-2017-7884,(no title),0.878672
33,open redirect in single sign-on logout flow,hybrid,6,CVE-2017-17662,(no title),0.876399
33,open redirect in single sign-on logout flow,hybrid,7,CVE-2026-30785,RustDesk Encrypts Local Passwords with World-Readable Machine ID and Fixed Zero Nonce (XSalsa20-Poly1305),0.876318
33,open redirect in single sign-on logout flow,hybrid,8,CVE-2026-23189,ceph: fix NULL pointer dereference in ceph_mds_auth_match(),0.875148
33,open redirect in single sign-on logout flow,hybrid,9,CVE-2008-5789,(no title),0.871643
33,open redirect in single sign-on logout flow,hybrid,10,CVE-2023-53791,md: fix warning for holder mismatch from export_rdev(),0.870283
33,open redirect in single sign-on logout flow,hybrid,11,CVE-2012-2090,(no title),0.869045
33,open redirect in single sign-on logout flow,hybrid,12,CVE-2018-10642,(no title),0.867356
33,open redirect in single sign-on logout flow,hybrid,13,CVE-2006-4448,(no title),0.867110
33,open redirect in single sign-on logout flow,hybrid,14,CVE-2007-6218,(no title),0.866109
33,open redirect in single sign-on logout flow,hybrid,15,CVE-2020-27992,(no title),0.866017
33,open redirect in single sign-on logout flow,hybrid,16,CVE-2025-68295,smb: client: fix memory leak in cifs_construct_tcon(),0.865778
33,open redirect in single sign-on logout flow,hybrid,17,CVE-2008-1556,(no title),0.864750
33,open redirect in single sign-on logout flow,hybrid,18,CVE-2019-9693,(no title),0.864040
33,open redirect in single sign-on logout flow,hybrid,19,CVE-2006-3172,(no title),0.863714
33,open redirect in single sign-on logout flow,hybrid,20,CVE-2019-18807,(no title),0.863324
33,open redirect in single sign-on logout flow,hybrid,21,CVE-2009-4769,(no title),0.863136
33,open redirect in single sign-on logout flow,hybrid,22,CVE-2014-3828,(no title),0.862934
33,open redirect in single sign-on logout flow,hybrid,23,CVE-2003-1246,(no title),0.862247
33,open redirect in single sign-on logout flow,hybrid,24,CVE-2019-17093,(no title),0.861611
33,open redirect in single sign-on logout flow,hybrid,25,CVE-2009-4666,(no title),0.860445
33,open redirect in single sign-on logout flow,taumode,1,CVE-2006-2864,(no title),0.937161
33,open redirect in single sign-on logout flow,taumode,2,CVE-2017-7884,(no title),0.927649
33,open redirect in single sign-on logout flow,taumode,3,CVE-2006-4423,(no title),0.925924
33,open redirect in single sign-on logout flow,taumode,4,CVE-2006-3172,(no title),0.919135
33,open redirect in single sign-on logout flow,taumode,5,CVE-2019-18807,(no title),0.918595
33,open redirect in single sign-on logout flow,taumode,6,CVE-2023-53791,md: fix warning for holder mismatch from export_rdev(),0.918340
33,open redirect in single sign-on logout flow,taumode,7,CVE-2010-3209,(no title),0.918338
33,open redirect in single sign-on logout flow,taumode,8,CVE-2008-1556,(no title),0.917447
33,open redirect in single sign-on logout flow,taumode,9,CVE-2019-17093,(no title),0.917426
33,open redirect in single sign-on logout flow,taumode,10,CVE-2020-27992,(no title),0.916154
33,open redirect in single sign-on logout flow,taumode,11,CVE-2014-3828,(no title),0.915901
33,open redirect in single sign-on logout flow,taumode,12,CVE-2006-2768,(no title),0.914612
33,open redirect in single sign-on logout flow,taumode,13,CVE-2003-1246,(no title),0.914550
33,open redirect in single sign-on logout flow,taumode,14,CVE-2026-30785,RustDesk Encrypts Local Passwords with World-Readable Machine ID and Fixed Zero Nonce (XSalsa20-Poly1305),0.912044
33,open redirect in single sign-on logout flow,taumode,15,CVE-2025-68295,smb: client: fix memory leak in cifs_construct_tcon(),0.912020
33,open redirect in single sign-on logout flow,taumode,16,CVE-2019-9693,(no title),0.911413
33,open redirect in single sign-on logout flow,taumode,17,CVE-2008-4983,(no title),0.910660
33,open redirect in single sign-on logout flow,taumode,18,CVE-2018-7170,(no title),0.909884
33,open redirect in single sign-on logout flow,taumode,19,CVE-2015-0785,(no title),0.909732
33,open redirect in single sign-on logout flow,taumode,20,CVE-2009-4465,(no title),0.909086
33,open redirect in single sign-on logout flow,taumode,21,CVE-2007-6218,(no title),0.908915
33,open redirect in single sign-on logout flow,taumode,22,CVE-2008-6655,(no title),0.908156
33,open redirect in single sign-on logout flow,taumode,23,CVE-2022-48257,(no title),0.907504
33,open redirect in single sign-on logout flow,taumode,24,CVE-2013-7043,(no title),0.907492
33,open redirect in single sign-on logout flow,taumode,25,CVE-2005-3150,(no title),0.906861
34,cross-tenant data exposure in multi-tenant storage service,Cosine,1,CVE-2026-24516,(no title),0.885193
34,cross-tenant data exposure in multi-tenant storage service,Cosine,2,CVE-2022-23653,B2 Command Line Tool TOCTOU application key disclosure ,0.874691
34,cross-tenant data exposure in multi-tenant storage service,Cosine,3,CVE-2025-34234,Vasion Print (formerly PrinterLogic) Hardcoded Encryption Private Keys,0.872922
34,cross-tenant data exposure in multi-tenant storage service,Cosine,4,CVE-2026-26224,Intego Log Reporter TOCTOU Local Privilege Escalation,0.872101
34,cross-tenant data exposure in multi-tenant storage service,Cosine,5,CVE-2022-30314,(no title),0.871550
34,cross-tenant data exposure in multi-tenant storage service,Cosine,6,CVE-2025-14740,Docker Desktop for Windows Incorrect Permission Assignment Privilege Escalation Vulnerabilities,0.870973
34,cross-tenant data exposure in multi-tenant storage service,Cosine,7,CVE-2025-62156,argo-workflows Zip Slip path traversal allows arbitrary file write and container configuration overwrite,0.870369
34,cross-tenant data exposure in multi-tenant storage service,Cosine,8,CVE-2025-15576,Jail chroot escape via fd exchange with a different jail,0.866421
34,cross-tenant data exposure in multi-tenant storage service,Cosine,9,CVE-2023-37264,Pipelines do not validate child UIDs,0.866282
34,cross-tenant data exposure in multi-tenant storage service,Cosine,10,CVE-2024-50106,nfsd: fix race between laundromat and free_stateid,0.865853
34,cross-tenant data exposure in multi-tenant storage service,Cosine,11,CVE-2025-24376,The kubewarden-controller AdmissionPolicy and AdmissionPolicyGroup policies can be used to alter PolicyReport resources,0.865716
34,cross-tenant data exposure in multi-tenant storage service,Cosine,12,CVE-2021-39155,Authorization Policy Bypass Due to Case Insensitive Host Comparison,0.865533
34,cross-tenant data exposure in multi-tenant storage service,Cosine,13,CVE-2022-30316,(no title),0.864897
34,cross-tenant data exposure in multi-tenant storage service,Cosine,14,CVE-2023-50260,Wazuh's vulnerability in host_deny AR script allows arbitrary command execution,0.864848
34,cross-tenant data exposure in multi-tenant storage service,Cosine,15,CVE-2024-55642,block: Prevent potential deadlocks in zone write plug error recovery,0.864796
34,cross-tenant data exposure in multi-tenant storage service,Cosine,16,CVE-2017-1000411,(no title),0.864014
34,cross-tenant data exposure in multi-tenant storage service,Cosine,17,CVE-2023-39903,(no title),0.863781
34,cross-tenant data exposure in multi-tenant storage service,Cosine,18,CVE-2021-41090,Instance config inline secret exposure,0.863362
34,cross-tenant data exposure in multi-tenant storage service,Cosine,19,CVE-2026-24046,Backstage has a Possible Symlink Path Traversal in Scaffolder Actions,0.863039
34,cross-tenant data exposure in multi-tenant storage service,Cosine,20,CVE-2018-6597,(no title),0.862918
34,cross-tenant data exposure in multi-tenant storage service,Cosine,21,CVE-2026-29054,"Traefik: lowercase `Connection` tokens can delete traefik-managed forwarded identity headers (for example, `X-Real-Ip`)",0.862673
34,cross-tenant data exposure in multi-tenant storage service,Cosine,22,CVE-2023-24827,Credential disclosure in syft when SYFT_ATTEST_PASSWORD environment variable set in syft,0.862452
34,cross-tenant data exposure in multi-tenant storage service,Cosine,23,CVE-2026-32146,Improper Path Validation in Git Dependency Handling Allows Arbitrary File System Modification,0.862423
34,cross-tenant data exposure in multi-tenant storage service,Cosine,24,CVE-2025-21739,scsi: ufs: core: Fix use-after free in init error and remove paths,0.862394
34,cross-tenant data exposure in multi-tenant storage service,Cosine,25,CVE-2025-45582,(no title),0.862110
34,cross-tenant data exposure in multi-tenant storage service,hybrid,1,CVE-2022-23653,B2 Command Line Tool TOCTOU application key disclosure ,0.909730
34,cross-tenant data exposure in multi-tenant storage service,hybrid,2,CVE-2025-34234,Vasion Print (formerly PrinterLogic) Hardcoded Encryption Private Keys,0.908320
34,cross-tenant data exposure in multi-tenant storage service,hybrid,3,CVE-2026-26224,Intego Log Reporter TOCTOU Local Privilege Escalation,0.907792
34,cross-tenant data exposure in multi-tenant storage service,hybrid,4,CVE-2022-30314,(no title),0.907411
34,cross-tenant data exposure in multi-tenant storage service,hybrid,5,CVE-2025-14740,Docker Desktop for Windows Incorrect Permission Assignment Privilege Escalation Vulnerabilities,0.907029
34,cross-tenant data exposure in multi-tenant storage service,hybrid,6,CVE-2025-62156,argo-workflows Zip Slip path traversal allows arbitrary file write and container configuration overwrite,0.906637
34,cross-tenant data exposure in multi-tenant storage service,hybrid,7,CVE-2025-15576,Jail chroot escape via fd exchange with a different jail,0.903809
34,cross-tenant data exposure in multi-tenant storage service,hybrid,8,CVE-2023-37264,Pipelines do not validate child UIDs,0.903648
34,cross-tenant data exposure in multi-tenant storage service,hybrid,9,CVE-2024-50106,nfsd: fix race between laundromat and free_stateid,0.903376
34,cross-tenant data exposure in multi-tenant storage service,hybrid,10,CVE-2025-24376,The kubewarden-controller AdmissionPolicy and AdmissionPolicyGroup policies can be used to alter PolicyReport resources,0.903313
34,cross-tenant data exposure in multi-tenant storage service,hybrid,11,CVE-2021-39155,Authorization Policy Bypass Due to Case Insensitive Host Comparison,0.903108
34,cross-tenant data exposure in multi-tenant storage service,hybrid,12,CVE-2024-55642,block: Prevent potential deadlocks in zone write plug error recovery,0.902639
34,cross-tenant data exposure in multi-tenant storage service,hybrid,13,CVE-2023-50260,Wazuh's vulnerability in host_deny AR script allows arbitrary command execution,0.902634
34,cross-tenant data exposure in multi-tenant storage service,hybrid,14,CVE-2022-30316,(no title),0.902613
34,cross-tenant data exposure in multi-tenant storage service,hybrid,15,CVE-2017-1000411,(no title),0.902059
34,cross-tenant data exposure in multi-tenant storage service,hybrid,16,CVE-2023-39903,(no title),0.901907
34,cross-tenant data exposure in multi-tenant storage service,hybrid,17,CVE-2026-24046,Backstage has a Possible Symlink Path Traversal in Scaffolder Actions,0.901303
34,cross-tenant data exposure in multi-tenant storage service,hybrid,18,CVE-2018-6597,(no title),0.901274
34,cross-tenant data exposure in multi-tenant storage service,hybrid,19,CVE-2026-29054,"Traefik: lowercase `Connection` tokens can delete traefik-managed forwarded identity headers (for example, `X-Real-Ip`)",0.901045
34,cross-tenant data exposure in multi-tenant storage service,hybrid,20,CVE-2026-32146,Improper Path Validation in Git Dependency Handling Allows Arbitrary File System Modification,0.900933
34,cross-tenant data exposure in multi-tenant storage service,hybrid,21,CVE-2025-21739,scsi: ufs: core: Fix use-after free in init error and remove paths,0.900876
34,cross-tenant data exposure in multi-tenant storage service,hybrid,22,CVE-2025-45582,(no title),0.900702
34,cross-tenant data exposure in multi-tenant storage service,hybrid,23,CVE-2026-24516,(no title),0.900695
34,cross-tenant data exposure in multi-tenant storage service,hybrid,24,CVE-2024-46916,(no title),0.900511
34,cross-tenant data exposure in multi-tenant storage service,hybrid,25,CVE-2021-32635,Action Commands (run/shell/exec) Against Library URIs Ignore Configured Remote Endpoint,0.900238
34,cross-tenant data exposure in multi-tenant storage service,taumode,1,CVE-2022-23653,B2 Command Line Tool TOCTOU application key disclosure ,0.947273
34,cross-tenant data exposure in multi-tenant storage service,taumode,2,CVE-2025-34234,Vasion Print (formerly PrinterLogic) Hardcoded Encryption Private Keys,0.946246
34,cross-tenant data exposure in multi-tenant storage service,taumode,3,CVE-2026-26224,Intego Log Reporter TOCTOU Local Privilege Escalation,0.946032
34,cross-tenant data exposure in multi-tenant storage service,taumode,4,CVE-2022-30314,(no title),0.945833
34,cross-tenant data exposure in multi-tenant storage service,taumode,5,CVE-2025-14740,Docker Desktop for Windows Incorrect Permission Assignment Privilege Escalation Vulnerabilities,0.945660
34,cross-tenant data exposure in multi-tenant storage service,taumode,6,CVE-2025-62156,argo-workflows Zip Slip path traversal allows arbitrary file write and container configuration overwrite,0.945496
34,cross-tenant data exposure in multi-tenant storage service,taumode,7,CVE-2025-15576,Jail chroot escape via fd exchange with a different jail,0.943867
34,cross-tenant data exposure in multi-tenant storage service,taumode,8,CVE-2023-37264,Pipelines do not validate child UIDs,0.943682
34,cross-tenant data exposure in multi-tenant storage service,taumode,9,CVE-2025-24376,The kubewarden-controller AdmissionPolicy and AdmissionPolicyGroup policies can be used to alter PolicyReport resources,0.943594
34,cross-tenant data exposure in multi-tenant storage service,taumode,10,CVE-2024-50106,nfsd: fix race between laundromat and free_stateid,0.943580
34,cross-tenant data exposure in multi-tenant storage service,taumode,11,CVE-2021-39155,Authorization Policy Bypass Due to Case Insensitive Host Comparison,0.943367
34,cross-tenant data exposure in multi-tenant storage service,taumode,12,CVE-2024-55642,block: Prevent potential deadlocks in zone write plug error recovery,0.943186
34,cross-tenant data exposure in multi-tenant storage service,taumode,13,CVE-2023-50260,Wazuh's vulnerability in host_deny AR script allows arbitrary command execution,0.943119
34,cross-tenant data exposure in multi-tenant storage service,taumode,14,CVE-2022-30316,(no title),0.943022
34,cross-tenant data exposure in multi-tenant storage service,taumode,15,CVE-2017-1000411,(no title),0.942823
34,cross-tenant data exposure in multi-tenant storage service,taumode,16,CVE-2023-39903,(no title),0.942755
34,cross-tenant data exposure in multi-tenant storage service,taumode,17,CVE-2018-6597,(no title),0.942370
34,cross-tenant data exposure in multi-tenant storage service,taumode,18,CVE-2026-24046,Backstage has a Possible Symlink Path Traversal in Scaffolder Actions,0.942301
34,cross-tenant data exposure in multi-tenant storage service,taumode,19,CVE-2026-32146,Improper Path Validation in Git Dependency Handling Allows Arbitrary File System Modification,0.942193
34,cross-tenant data exposure in multi-tenant storage service,taumode,20,CVE-2026-29054,"Traefik: lowercase `Connection` tokens can delete traefik-managed forwarded identity headers (for example, `X-Real-Ip`)",0.942158
34,cross-tenant data exposure in multi-tenant storage service,taumode,21,CVE-2025-21739,scsi: ufs: core: Fix use-after free in init error and remove paths,0.942106
34,cross-tenant data exposure in multi-tenant storage service,taumode,22,CVE-2025-45582,(no title),0.942050
34,cross-tenant data exposure in multi-tenant storage service,taumode,23,CVE-2024-46916,(no title),0.941909
34,cross-tenant data exposure in multi-tenant storage service,taumode,24,CVE-2021-32635,Action Commands (run/shell/exec) Against Library URIs Ignore Configured Remote Endpoint,0.941748
34,cross-tenant data exposure in multi-tenant storage service,taumode,25,CVE-2021-35975,(no title),0.941499
35,stack-based buffer overflow in DHCP client,Cosine,1,CVE-2009-4003,(no title),0.740581
35,stack-based buffer overflow in DHCP client,Cosine,2,CVE-2016-3945,(no title),0.740248
35,stack-based buffer overflow in DHCP client,Cosine,3,CVE-2012-2665,(no title),0.738847
35,stack-based buffer overflow in DHCP client,Cosine,4,CVE-2025-39806,HID: multitouch: fix slab out-of-bounds access in mt_report_fixup(),0.737575
35,stack-based buffer overflow in DHCP client,Cosine,5,CVE-2009-0583,(no title),0.735250
35,stack-based buffer overflow in DHCP client,Cosine,6,CVE-2012-4405,(no title),0.734470
35,stack-based buffer overflow in DHCP client,Cosine,7,CVE-2009-1869,(no title),0.732884
35,stack-based buffer overflow in DHCP client,Cosine,8,CVE-2022-48978,HID: core: fix shift-out-of-bounds in hid_report_raw_event,0.732881
35,stack-based buffer overflow in DHCP client,Cosine,9,CVE-2006-1540,(no title),0.732429
35,stack-based buffer overflow in DHCP client,Cosine,10,CVE-2012-2795,(no title),0.731873
35,stack-based buffer overflow in DHCP client,Cosine,11,CVE-2009-0690,(no title),0.731697
35,stack-based buffer overflow in DHCP client,Cosine,12,CVE-2007-4344,(no title),0.731421
35,stack-based buffer overflow in DHCP client,Cosine,13,CVE-2014-9670,(no title),0.730981
35,stack-based buffer overflow in DHCP client,Cosine,14,CVE-2010-3000,(no title),0.730615
35,stack-based buffer overflow in DHCP client,Cosine,15,CVE-2009-0792,(no title),0.729070
35,stack-based buffer overflow in DHCP client,Cosine,16,CVE-2013-0003,(no title),0.729030
35,stack-based buffer overflow in DHCP client,Cosine,17,CVE-2026-23406,apparmor: fix side-effect bug in match_char() macro usage,0.728432
35,stack-based buffer overflow in DHCP client,Cosine,18,CVE-2021-47243,sch_cake: Fix out of bounds when parsing TCP options and header,0.727961
35,stack-based buffer overflow in DHCP client,Cosine,19,CVE-2017-8312,(no title),0.727891
35,stack-based buffer overflow in DHCP client,Cosine,20,CVE-2013-0862,(no title),0.727852
35,stack-based buffer overflow in DHCP client,Cosine,21,CVE-2011-1567,(no title),0.727129
35,stack-based buffer overflow in DHCP client,Cosine,22,CVE-2026-23407,apparmor: fix missing bounds check on DEFAULT table in verify_dfa(),0.726893
35,stack-based buffer overflow in DHCP client,Cosine,23,CVE-2025-40114,iio: light: Add check for array bounds in veml6075_read_int_time_ms,0.726327
35,stack-based buffer overflow in DHCP client,Cosine,24,CVE-2025-37761,drm/xe: Fix an out-of-bounds shift when invalidating TLB,0.726272
35,stack-based buffer overflow in DHCP client,Cosine,25,CVE-2013-3940,(no title),0.726014
35,stack-based buffer overflow in DHCP client,hybrid,1,CVE-2009-4003,(no title),0.804333
35,stack-based buffer overflow in DHCP client,hybrid,2,CVE-2016-3945,(no title),0.804084
35,stack-based buffer overflow in DHCP client,hybrid,3,CVE-2012-2665,(no title),0.803052
35,stack-based buffer overflow in DHCP client,hybrid,4,CVE-2025-39806,HID: multitouch: fix slab out-of-bounds access in mt_report_fixup(),0.802180
35,stack-based buffer overflow in DHCP client,hybrid,5,CVE-2009-0583,(no title),0.800475
35,stack-based buffer overflow in DHCP client,hybrid,6,CVE-2012-4405,(no title),0.799877
35,stack-based buffer overflow in DHCP client,hybrid,7,CVE-2022-48978,HID: core: fix shift-out-of-bounds in hid_report_raw_event,0.798873
35,stack-based buffer overflow in DHCP client,hybrid,8,CVE-2009-1869,(no title),0.798787
35,stack-based buffer overflow in DHCP client,hybrid,9,CVE-2006-1540,(no title),0.798493
35,stack-based buffer overflow in DHCP client,hybrid,10,CVE-2009-0690,(no title),0.797942
35,stack-based buffer overflow in DHCP client,hybrid,11,CVE-2007-4344,(no title),0.797734
35,stack-based buffer overflow in DHCP client,hybrid,12,CVE-2014-9670,(no title),0.797424
35,stack-based buffer overflow in DHCP client,hybrid,13,CVE-2010-3000,(no title),0.797207
35,stack-based buffer overflow in DHCP client,hybrid,14,CVE-2009-0136,(no title),0.797179
35,stack-based buffer overflow in DHCP client,hybrid,15,CVE-2009-0792,(no title),0.796028
35,stack-based buffer overflow in DHCP client,hybrid,16,CVE-2013-0003,(no title),0.795990
35,stack-based buffer overflow in DHCP client,hybrid,17,CVE-2026-23406,apparmor: fix side-effect bug in match_char() macro usage,0.795625
35,stack-based buffer overflow in DHCP client,hybrid,18,CVE-2017-8312,(no title),0.795190
35,stack-based buffer overflow in DHCP client,hybrid,19,CVE-2021-47243,sch_cake: Fix out of bounds when parsing TCP options and header,0.795183
35,stack-based buffer overflow in DHCP client,hybrid,20,CVE-2013-0862,(no title),0.795165
35,stack-based buffer overflow in DHCP client,hybrid,21,CVE-2011-1567,(no title),0.794693
35,stack-based buffer overflow in DHCP client,hybrid,22,CVE-2026-23407,apparmor: fix missing bounds check on DEFAULT table in verify_dfa(),0.794547
35,stack-based buffer overflow in DHCP client,hybrid,23,CVE-2025-40114,iio: light: Add check for array bounds in veml6075_read_int_time_ms,0.794063
35,stack-based buffer overflow in DHCP client,hybrid,24,CVE-2025-37761,drm/xe: Fix an out-of-bounds shift when invalidating TLB,0.794026
35,stack-based buffer overflow in DHCP client,hybrid,25,CVE-2013-3940,(no title),0.793830
35,stack-based buffer overflow in DHCP client,taumode,1,CVE-2025-39967,fbcon: fix integer overflow in fbcon_do_set_font,0.876817
35,stack-based buffer overflow in DHCP client,taumode,2,CVE-2009-0136,(no title),0.875353
35,stack-based buffer overflow in DHCP client,taumode,3,CVE-2012-2800,(no title),0.875351
35,stack-based buffer overflow in DHCP client,taumode,4,CVE-2012-1530,(no title),0.874696
35,stack-based buffer overflow in DHCP client,taumode,5,CVE-2009-4003,(no title),0.872639
35,stack-based buffer overflow in DHCP client,taumode,6,CVE-2013-5688,(no title),0.872547
35,stack-based buffer overflow in DHCP client,taumode,7,CVE-2016-3945,(no title),0.872480
35,stack-based buffer overflow in DHCP client,taumode,8,CVE-2012-2665,(no title),0.871844
35,stack-based buffer overflow in DHCP client,taumode,9,CVE-2016-9296,(no title),0.871541
35,stack-based buffer overflow in DHCP client,taumode,10,CVE-2025-39806,HID: multitouch: fix slab out-of-bounds access in mt_report_fixup(),0.871399
35,stack-based buffer overflow in DHCP client,taumode,11,CVE-2012-4944,(no title),0.871347
35,stack-based buffer overflow in DHCP client,taumode,12,CVE-2012-2571,(no title),0.871182
35,stack-based buffer overflow in DHCP client,taumode,13,CVE-2009-0583,(no title),0.870358
35,stack-based buffer overflow in DHCP client,taumode,14,CVE-2009-2548,(no title),0.870279
35,stack-based buffer overflow in DHCP client,taumode,15,CVE-2012-5324,(no title),0.870152
35,stack-based buffer overflow in DHCP client,taumode,16,CVE-2012-4405,(no title),0.869956
35,stack-based buffer overflow in DHCP client,taumode,17,CVE-2021-29568,Reference binding to null in `ParameterizedTruncatedNormal`,0.869584
35,stack-based buffer overflow in DHCP client,taumode,18,CVE-2022-48978,HID: core: fix shift-out-of-bounds in hid_report_raw_event,0.869580
35,stack-based buffer overflow in DHCP client,taumode,19,CVE-2009-1869,(no title),0.869397
35,stack-based buffer overflow in DHCP client,taumode,20,CVE-2023-54295,mtd: spi-nor: Fix shift-out-of-bounds in spi_nor_set_erase_type,0.869295
35,stack-based buffer overflow in DHCP client,taumode,21,CVE-2006-1540,(no title),0.869275
35,stack-based buffer overflow in DHCP client,taumode,22,CVE-2008-0456,(no title),0.869251
35,stack-based buffer overflow in DHCP client,taumode,23,CVE-2009-1935,(no title),0.869049
35,stack-based buffer overflow in DHCP client,taumode,24,CVE-2009-0690,(no title),0.868918
35,stack-based buffer overflow in DHCP client,taumode,25,CVE-2007-4344,(no title),0.868783
36,server-side request forgery SSRF in URL preview feature,Cosine,1,CVE-2026-31823,Sylius has Authenticated Stored XSS,0.870893
36,server-side request forgery SSRF in URL preview feature,Cosine,2,CVE-2012-3836,(no title),0.867117
36,server-side request forgery SSRF in URL preview feature,Cosine,3,CVE-2025-57205,(no title),0.866246
36,server-side request forgery SSRF in URL preview feature,Cosine,4,CVE-2025-57204,(no title),0.865496
36,server-side request forgery SSRF in URL preview feature,Cosine,5,CVE-2018-8811,(no title),0.865072
36,server-side request forgery SSRF in URL preview feature,Cosine,6,CVE-2007-0830,(no title),0.864824
36,server-side request forgery SSRF in URL preview feature,Cosine,7,CVE-2025-70128,(no title),0.864080
36,server-side request forgery SSRF in URL preview feature,Cosine,8,CVE-2010-1995,(no title),0.863393
36,server-side request forgery SSRF in URL preview feature,Cosine,9,CVE-2009-3581,(no title),0.860103
36,server-side request forgery SSRF in URL preview feature,Cosine,10,CVE-2014-0334,(no title),0.859140
36,server-side request forgery SSRF in URL preview feature,Cosine,11,CVE-2020-35676,(no title),0.859019
36,server-side request forgery SSRF in URL preview feature,Cosine,12,CVE-2026-39425,MaxKB: Stored XSS via Unsanitized html_rander Tags in Markdown Rendering,0.858427
36,server-side request forgery SSRF in URL preview feature,Cosine,13,CVE-2014-3111,(no title),0.858325
36,server-side request forgery SSRF in URL preview feature,Cosine,14,CVE-2005-3552,(no title),0.858269
36,server-side request forgery SSRF in URL preview feature,Cosine,15,CVE-2012-1898,(no title),0.857593
36,server-side request forgery SSRF in URL preview feature,Cosine,16,CVE-2007-4523,(no title),0.857324
36,server-side request forgery SSRF in URL preview feature,Cosine,17,CVE-2015-2973,(no title),0.856793
36,server-side request forgery SSRF in URL preview feature,Cosine,18,CVE-2023-41895,Cross-site Scripting via auth_callback login in Home Assistant Core,0.856769
36,server-side request forgery SSRF in URL preview feature,Cosine,19,CVE-2017-11611,(no title),0.856660
36,server-side request forgery SSRF in URL preview feature,Cosine,20,CVE-2012-1835,(no title),0.856595
36,server-side request forgery SSRF in URL preview feature,Cosine,21,CVE-2021-25790,(no title),0.856588
36,server-side request forgery SSRF in URL preview feature,Cosine,22,CVE-2026-24415,OpenSTAManager affected by reflected XSS in modifica_iva.php via righe parameter,0.856152
36,server-side request forgery SSRF in URL preview feature,Cosine,23,CVE-2025-57665,(no title),0.856101
36,server-side request forgery SSRF in URL preview feature,Cosine,24,CVE-2012-0782,(no title),0.855756
36,server-side request forgery SSRF in URL preview feature,Cosine,25,CVE-2021-36760,(no title),0.855740
36,server-side request forgery SSRF in URL preview feature,hybrid,1,CVE-2012-1898,(no title),0.897451
36,server-side request forgery SSRF in URL preview feature,hybrid,2,CVE-2005-3552,(no title),0.896748
36,server-side request forgery SSRF in URL preview feature,hybrid,3,CVE-2026-31823,Sylius has Authenticated Stored XSS,0.895939
36,server-side request forgery SSRF in URL preview feature,hybrid,4,CVE-2012-0782,(no title),0.895575
36,server-side request forgery SSRF in URL preview feature,hybrid,5,CVE-2017-11611,(no title),0.894742
36,server-side request forgery SSRF in URL preview feature,hybrid,6,CVE-2007-0830,(no title),0.894011
36,server-side request forgery SSRF in URL preview feature,hybrid,7,CVE-2012-3836,(no title),0.893179
36,server-side request forgery SSRF in URL preview feature,hybrid,8,CVE-2021-25790,(no title),0.892977
36,server-side request forgery SSRF in URL preview feature,hybrid,9,CVE-2025-57205,(no title),0.892587
36,server-side request forgery SSRF in URL preview feature,hybrid,10,CVE-2025-57204,(no title),0.892057
36,server-side request forgery SSRF in URL preview feature,hybrid,11,CVE-2025-70128,(no title),0.891011
36,server-side request forgery SSRF in URL preview feature,hybrid,12,CVE-2010-1995,(no title),0.890580
36,server-side request forgery SSRF in URL preview feature,hybrid,13,CVE-2018-8811,(no title),0.889531
36,server-side request forgery SSRF in URL preview feature,hybrid,14,CVE-2009-3581,(no title),0.888233
36,server-side request forgery SSRF in URL preview feature,hybrid,15,CVE-2012-4484,(no title),0.887698
36,server-side request forgery SSRF in URL preview feature,hybrid,16,CVE-2017-9548,(no title),0.887539
36,server-side request forgery SSRF in URL preview feature,hybrid,17,CVE-2020-35676,(no title),0.887389
36,server-side request forgery SSRF in URL preview feature,hybrid,18,CVE-2026-39425,MaxKB: Stored XSS via Unsanitized html_rander Tags in Markdown Rendering,0.886994
36,server-side request forgery SSRF in URL preview feature,hybrid,19,CVE-2025-57665,(no title),0.886875
36,server-side request forgery SSRF in URL preview feature,hybrid,20,CVE-2014-7264,(no title),0.886468
36,server-side request forgery SSRF in URL preview feature,hybrid,21,CVE-2010-2536,(no title),0.886112
36,server-side request forgery SSRF in URL preview feature,hybrid,22,CVE-2025-57203,(no title),0.886070
36,server-side request forgery SSRF in URL preview feature,hybrid,23,CVE-2023-45818,"Cross-site Scripting vulnerability in TinyMCE undo/redo, getContent API, resetContent API, and Autosave plugin",0.885956
36,server-side request forgery SSRF in URL preview feature,hybrid,24,CVE-2023-41895,Cross-site Scripting via auth_callback login in Home Assistant Core,0.885746
36,server-side request forgery SSRF in URL preview feature,hybrid,25,CVE-2014-8376,(no title),0.885521
36,server-side request forgery SSRF in URL preview feature,taumode,1,CVE-2012-1898,(no title),0.940157
36,server-side request forgery SSRF in URL preview feature,taumode,2,CVE-2012-0782,(no title),0.938238
36,server-side request forgery SSRF in URL preview feature,taumode,3,CVE-2005-3552,(no title),0.937976
36,server-side request forgery SSRF in URL preview feature,taumode,4,CVE-2017-11611,(no title),0.935545
36,server-side request forgery SSRF in URL preview feature,taumode,5,CVE-2012-4484,(no title),0.934319
36,server-side request forgery SSRF in URL preview feature,taumode,6,CVE-2021-25790,(no title),0.931965
36,server-side request forgery SSRF in URL preview feature,taumode,7,CVE-2005-3511,(no title),0.930542
36,server-side request forgery SSRF in URL preview feature,taumode,8,CVE-2017-9548,(no title),0.930467
36,server-side request forgery SSRF in URL preview feature,taumode,9,CVE-2015-1628,(no title),0.930052
36,server-side request forgery SSRF in URL preview feature,taumode,10,CVE-2006-2672,(no title),0.929870
36,server-side request forgery SSRF in URL preview feature,taumode,11,CVE-2014-8376,(no title),0.929785
36,server-side request forgery SSRF in URL preview feature,taumode,12,CVE-2014-2091,(no title),0.929778
36,server-side request forgery SSRF in URL preview feature,taumode,13,CVE-2012-5193,(no title),0.929689
36,server-side request forgery SSRF in URL preview feature,taumode,14,CVE-2013-0129,(no title),0.929517
36,server-side request forgery SSRF in URL preview feature,taumode,15,CVE-2007-6463,(no title),0.928637
36,server-side request forgery SSRF in URL preview feature,taumode,16,CVE-2010-2536,(no title),0.928299
36,server-side request forgery SSRF in URL preview feature,taumode,17,CVE-2020-27388,(no title),0.927997
36,server-side request forgery SSRF in URL preview feature,taumode,18,CVE-2013-6044,(no title),0.927746
36,server-side request forgery SSRF in URL preview feature,taumode,19,CVE-2013-2129,(no title),0.927695
36,server-side request forgery SSRF in URL preview feature,taumode,20,CVE-2020-9322,(no title),0.927085
36,server-side request forgery SSRF in URL preview feature,taumode,21,CVE-2021-24814,WordPress GDPR & CCPA < 1.9.26 - Authenticated Reflected Cross-Site Scripting,0.927068
36,server-side request forgery SSRF in URL preview feature,taumode,22,CVE-2019-1000003,(no title),0.926790
36,server-side request forgery SSRF in URL preview feature,taumode,23,CVE-2007-4717,(no title),0.926406
36,server-side request forgery SSRF in URL preview feature,taumode,24,CVE-2006-0880,(no title),0.925586
36,server-side request forgery SSRF in URL preview feature,taumode,25,CVE-2024-2908,Call Now Button < 1.4.7 - Admin+ Stored XSS,0.925530
37,NoSQL injection in user search API,Cosine,1,CVE-2002-0886,(no title),0.841608
37,NoSQL injection in user search API,Cosine,2,CVE-2003-1250,(no title),0.841362
37,NoSQL injection in user search API,Cosine,3,CVE-2008-5849,(no title),0.838628
37,NoSQL injection in user search API,Cosine,4,CVE-2009-0687,(no title),0.837840
37,NoSQL injection in user search API,Cosine,5,CVE-2002-0952,(no title),0.837810
37,NoSQL injection in user search API,Cosine,6,CVE-2020-5937,(no title),0.836869
37,NoSQL injection in user search API,Cosine,7,CVE-2008-1397,(no title),0.836754
37,NoSQL injection in user search API,Cosine,8,CVE-2005-0039,(no title),0.836326
37,NoSQL injection in user search API,Cosine,9,CVE-2017-5872,(no title),0.836164
37,NoSQL injection in user search API,Cosine,10,CVE-2021-0217,Junos OS: EX Series and QFX Series: Memory leak issue processing specific DHCP packets,0.835536
37,NoSQL injection in user search API,Cosine,11,CVE-2002-1104,(no title),0.835504
37,NoSQL injection in user search API,Cosine,12,CVE-2004-2549,(no title),0.834945
37,NoSQL injection in user search API,Cosine,13,CVE-2015-7759,(no title),0.833868
37,NoSQL injection in user search API,Cosine,14,CVE-2002-0666,(no title),0.833743
37,NoSQL injection in user search API,Cosine,15,CVE-1999-1201,(no title),0.833618
37,NoSQL injection in user search API,Cosine,16,CVE-2016-6170,(no title),0.833479
37,NoSQL injection in user search API,Cosine,17,CVE-2025-56233,(no title),0.833412
37,NoSQL injection in user search API,Cosine,18,CVE-2009-2547,(no title),0.833213
37,NoSQL injection in user search API,Cosine,19,CVE-2017-14117,(no title),0.833131
37,NoSQL injection in user search API,Cosine,20,CVE-2022-22219,Junos OS and Junos OS Evolved: RPD core upon receipt of a specific EVPN route by a BGP route reflector in an EVPN environment,0.832881
37,NoSQL injection in user search API,Cosine,21,CVE-2017-8413,(no title),0.832864
37,NoSQL injection in user search API,Cosine,22,CVE-2015-2189,(no title),0.832765
37,NoSQL injection in user search API,Cosine,23,CVE-2017-8416,(no title),0.832694
37,NoSQL injection in user search API,Cosine,24,CVE-2016-8645,(no title),0.832468
37,NoSQL injection in user search API,Cosine,25,CVE-2009-0790,(no title),0.830946
37,NoSQL injection in user search API,hybrid,1,CVE-2002-0886,(no title),0.885917
37,NoSQL injection in user search API,hybrid,2,CVE-2003-1250,(no title),0.885754
37,NoSQL injection in user search API,hybrid,3,CVE-2008-5849,(no title),0.883802
37,NoSQL injection in user search API,hybrid,4,CVE-2009-0687,(no title),0.883211
37,NoSQL injection in user search API,hybrid,5,CVE-2002-0952,(no title),0.883186
37,NoSQL injection in user search API,hybrid,6,CVE-2020-5937,(no title),0.882494
37,NoSQL injection in user search API,hybrid,7,CVE-2008-1397,(no title),0.882455
37,NoSQL injection in user search API,hybrid,8,CVE-2005-0039,(no title),0.882131
37,NoSQL injection in user search API,hybrid,9,CVE-2017-5872,(no title),0.881982
37,NoSQL injection in user search API,hybrid,10,CVE-2021-0217,Junos OS: EX Series and QFX Series: Memory leak issue processing specific DHCP packets,0.881573
37,NoSQL injection in user search API,hybrid,11,CVE-2002-1104,(no title),0.881514
37,NoSQL injection in user search API,hybrid,12,CVE-2004-2549,(no title),0.881128
37,NoSQL injection in user search API,hybrid,13,CVE-2015-7759,(no title),0.880333
37,NoSQL injection in user search API,hybrid,14,CVE-2002-0666,(no title),0.880244
37,NoSQL injection in user search API,hybrid,15,CVE-1999-1201,(no title),0.880202
37,NoSQL injection in user search API,hybrid,16,CVE-2016-6170,(no title),0.880048
37,NoSQL injection in user search API,hybrid,17,CVE-2025-56233,(no title),0.880013
37,NoSQL injection in user search API,hybrid,18,CVE-2009-2547,(no title),0.879879
37,NoSQL injection in user search API,hybrid,19,CVE-2017-14117,(no title),0.879851
37,NoSQL injection in user search API,hybrid,20,CVE-2022-22219,Junos OS and Junos OS Evolved: RPD core upon receipt of a specific EVPN route by a BGP route reflector in an EVPN environment,0.879658
37,NoSQL injection in user search API,hybrid,21,CVE-2017-8413,(no title),0.879649
37,NoSQL injection in user search API,hybrid,22,CVE-2015-2189,(no title),0.879581
37,NoSQL injection in user search API,hybrid,23,CVE-2017-8416,(no title),0.879514
37,NoSQL injection in user search API,hybrid,24,CVE-2016-8645,(no title),0.879334
37,NoSQL injection in user search API,hybrid,25,CVE-2009-0790,(no title),0.878260
37,NoSQL injection in user search API,taumode,1,CVE-2002-0886,(no title),0.933392
37,NoSQL injection in user search API,taumode,2,CVE-2003-1250,(no title),0.933316
37,NoSQL injection in user search API,taumode,3,CVE-2008-5849,(no title),0.932204
37,NoSQL injection in user search API,taumode,4,CVE-2009-0687,(no title),0.931824
37,NoSQL injection in user search API,taumode,5,CVE-2002-0952,(no title),0.931803
37,NoSQL injection in user search API,taumode,6,CVE-2008-1397,(no title),0.931420
37,NoSQL injection in user search API,taumode,7,CVE-2020-5937,(no title),0.931379
37,NoSQL injection in user search API,taumode,8,CVE-2005-0039,(no title),0.931209
37,NoSQL injection in user search API,taumode,9,CVE-2017-5872,(no title),0.931073
37,NoSQL injection in user search API,taumode,10,CVE-2021-0217,Junos OS: EX Series and QFX Series: Memory leak issue processing specific DHCP packets,0.930899
37,NoSQL injection in user search API,taumode,11,CVE-2002-1104,(no title),0.930810
37,NoSQL injection in user search API,taumode,12,CVE-2004-2549,(no title),0.930610
37,NoSQL injection in user search API,taumode,13,CVE-2015-7759,(no title),0.930118
37,NoSQL injection in user search API,taumode,14,CVE-1999-1201,(no title),0.930113
37,NoSQL injection in user search API,taumode,15,CVE-2002-0666,(no title),0.930065
37,NoSQL injection in user search API,taumode,16,CVE-2025-56233,(no title),0.929943
37,NoSQL injection in user search API,taumode,17,CVE-2016-6170,(no title),0.929942
37,NoSQL injection in user search API,taumode,18,CVE-2017-14117,(no title),0.929908
37,NoSQL injection in user search API,taumode,19,CVE-2009-2547,(no title),0.929877
37,NoSQL injection in user search API,taumode,20,CVE-2022-22219,Junos OS and Junos OS Evolved: RPD core upon receipt of a specific EVPN route by a BGP route reflector in an EVPN environment,0.929776
37,NoSQL injection in user search API,taumode,21,CVE-2017-8413,(no title),0.929776
37,NoSQL injection in user search API,taumode,22,CVE-2015-2189,(no title),0.929741
37,NoSQL injection in user search API,taumode,23,CVE-2017-8416,(no title),0.929678
37,NoSQL injection in user search API,taumode,24,CVE-2016-8645,(no title),0.929547
37,NoSQL injection in user search API,taumode,25,CVE-2009-0790,(no title),0.928953
38,improper input validation in SAML assertion processing,Cosine,1,CVE-2021-39208,WriteEntryToDirectory used for an archive extraction is vulnerable to partial path traversal.,0.805200
38,improper input validation in SAML assertion processing,Cosine,2,CVE-2008-5518,(no title),0.799057
38,improper input validation in SAML assertion processing,Cosine,3,CVE-2026-24516,(no title),0.797354
38,improper input validation in SAML assertion processing,Cosine,4,CVE-2022-31159,Partial Path Traversal in com.amazonaws:aws-java-sdk-s3 ,0.796497
38,improper input validation in SAML assertion processing,Cosine,5,CVE-2023-5123,Improper Path Sanitization in JSON Datasource Plugin,0.795284
38,improper input validation in SAML assertion processing,Cosine,6,CVE-2025-45582,(no title),0.794713
38,improper input validation in SAML assertion processing,Cosine,7,CVE-2026-23942,SFTP root escape via component-agnostic prefix check in ssh_sftpd,0.793604
38,improper input validation in SAML assertion processing,Cosine,8,CVE-2026-32310,Cryptomator: Unverified masterkeyfile key IDs can access arbitrary local or UNC paths,0.789532
38,improper input validation in SAML assertion processing,Cosine,9,CVE-2021-32804,Arbitrary File Creation/Overwrite due to insufficient absolute path sanitization,0.789238
38,improper input validation in SAML assertion processing,Cosine,10,CVE-2023-41044,Partial path traversal vulnerability in Support Bundle feature of Graylog,0.787829
38,improper input validation in SAML assertion processing,Cosine,11,CVE-2017-17662,(no title),0.785767
38,improper input validation in SAML assertion processing,Cosine,12,CVE-2026-23465,btrfs: log new dentries when logging parent dir of a conflicting inode,0.784841
38,improper input validation in SAML assertion processing,Cosine,13,CVE-2025-62156,argo-workflows Zip Slip path traversal allows arbitrary file write and container configuration overwrite,0.784594
38,improper input validation in SAML assertion processing,Cosine,14,CVE-2024-42472,Flatpak may allow access to files outside sandbox for certain apps,0.783748
38,improper input validation in SAML assertion processing,Cosine,15,CVE-2026-24047,@backstage/cli-common has a possible `resolveSafeChildPath` Symlink Chain Bypass,0.783709
38,improper input validation in SAML assertion processing,Cosine,16,CVE-2012-4347,(no title),0.783377
38,improper input validation in SAML assertion processing,Cosine,17,CVE-2025-27092,Path Traversal Vulnerability in GHOSTS Photo Retrieval Endpoint,0.781701
38,improper input validation in SAML assertion processing,Cosine,18,CVE-2025-23203,Icinga has rest API endpoints accessible to restricted users,0.781092
38,improper input validation in SAML assertion processing,Cosine,19,CVE-2022-31195,Path traversal vulnerability in Simple Archive Format package import in DSpace,0.779665
38,improper input validation in SAML assertion processing,Cosine,20,CVE-2016-9554,(no title),0.778864
38,improper input validation in SAML assertion processing,Cosine,21,CVE-2022-23506,Spinnaker's Rosco microservice vulnerable to improper log masking on AWS Packer builds,0.778839
38,improper input validation in SAML assertion processing,Cosine,22,CVE-2026-32871,FastMCP OpenAPI Provider has an SSRF & Path Traversal Vulnerability,0.778295
38,improper input validation in SAML assertion processing,Cosine,23,CVE-2026-30240,Budibase PWA ZIP Upload Path Traversal Allows Reading Arbitrary Server Files Including All Environment Secrets,0.777288
38,improper input validation in SAML assertion processing,Cosine,24,CVE-2024-45229,(no title),0.776571
38,improper input validation in SAML assertion processing,Cosine,25,CVE-2025-14740,Docker Desktop for Windows Incorrect Permission Assignment Privilege Escalation Vulnerabilities,0.776512
38,improper input validation in SAML assertion processing,hybrid,1,CVE-2024-42472,Flatpak may allow access to files outside sandbox for certain apps,0.836405
38,improper input validation in SAML assertion processing,hybrid,2,CVE-2025-23203,Icinga has rest API endpoints accessible to restricted users,0.834996
38,improper input validation in SAML assertion processing,hybrid,3,CVE-2026-23942,SFTP root escape via component-agnostic prefix check in ssh_sftpd,0.833124
38,improper input validation in SAML assertion processing,hybrid,4,CVE-2008-1606,(no title),0.825439
38,improper input validation in SAML assertion processing,hybrid,5,CVE-2007-1056,(no title),0.825218
38,improper input validation in SAML assertion processing,hybrid,6,CVE-2007-4636,(no title),0.819037
38,improper input validation in SAML assertion processing,hybrid,7,CVE-2026-24516,(no title),0.815743
38,improper input validation in SAML assertion processing,hybrid,8,CVE-2008-6478,(no title),0.815700
38,improper input validation in SAML assertion processing,hybrid,9,CVE-2022-38730,(no title),0.815106
38,improper input validation in SAML assertion processing,hybrid,10,CVE-2014-9619,(no title),0.813901
38,improper input validation in SAML assertion processing,hybrid,11,CVE-2007-2545,(no title),0.813870
38,improper input validation in SAML assertion processing,hybrid,12,CVE-2009-2761,(no title),0.812380
38,improper input validation in SAML assertion processing,hybrid,13,CVE-2026-40566,FreeScout vulnerable to SSRF via IMAP/SMTP Connection Test Endpoints,0.811820
38,improper input validation in SAML assertion processing,hybrid,14,CVE-2023-22809,(no title),0.811606
38,improper input validation in SAML assertion processing,hybrid,15,CVE-2023-25809,rootless: `/sys/fs/cgroup` is writable when cgroupns isn't unshared in runc,0.811474
38,improper input validation in SAML assertion processing,hybrid,16,CVE-2010-1515,(no title),0.810415
38,improper input validation in SAML assertion processing,hybrid,17,CVE-2018-19986,(no title),0.809789
38,improper input validation in SAML assertion processing,hybrid,18,CVE-2024-53354,(no title),0.809119
38,improper input validation in SAML assertion processing,hybrid,19,CVE-2025-66955,(no title),0.808997
38,improper input validation in SAML assertion processing,hybrid,20,CVE-2021-35523,(no title),0.808847
38,improper input validation in SAML assertion processing,hybrid,21,CVE-2017-17662,(no title),0.807252
38,improper input validation in SAML assertion processing,hybrid,22,CVE-2015-7391,(no title),0.807105
38,improper input validation in SAML assertion processing,hybrid,23,CVE-2005-4095,(no title),0.806834
38,improper input validation in SAML assertion processing,hybrid,24,CVE-2007-5098,(no title),0.806047
38,improper input validation in SAML assertion processing,hybrid,25,CVE-2021-39208,WriteEntryToDirectory used for an archive extraction is vulnerable to partial path traversal.,0.804813
38,improper input validation in SAML assertion processing,taumode,1,CVE-2007-1056,(no title),0.892923
38,improper input validation in SAML assertion processing,taumode,2,CVE-2024-42472,Flatpak may allow access to files outside sandbox for certain apps,0.892822
38,improper input validation in SAML assertion processing,taumode,3,CVE-2025-23203,Icinga has rest API endpoints accessible to restricted users,0.892750
38,improper input validation in SAML assertion processing,taumode,4,CVE-2014-9619,(no title),0.887193
38,improper input validation in SAML assertion processing,taumode,5,CVE-2018-19986,(no title),0.887120
38,improper input validation in SAML assertion processing,taumode,6,CVE-2009-2761,(no title),0.887106
38,improper input validation in SAML assertion processing,taumode,7,CVE-2026-40566,FreeScout vulnerable to SSRF via IMAP/SMTP Connection Test Endpoints,0.886592
38,improper input validation in SAML assertion processing,taumode,8,CVE-2007-4636,(no title),0.884607
38,improper input validation in SAML assertion processing,taumode,9,CVE-2007-2545,(no title),0.883507
38,improper input validation in SAML assertion processing,taumode,10,CVE-2008-1606,(no title),0.883412
38,improper input validation in SAML assertion processing,taumode,11,CVE-2022-38730,(no title),0.882716
38,improper input validation in SAML assertion processing,taumode,12,CVE-2016-9288,(no title),0.882285
38,improper input validation in SAML assertion processing,taumode,13,CVE-2016-4999,(no title),0.881850
38,improper input validation in SAML assertion processing,taumode,14,CVE-2026-34397,himmelblau: NSS fake-primary group lookup reintroduces name collision risk,0.881591
38,improper input validation in SAML assertion processing,taumode,15,CVE-2008-6478,(no title),0.881411
38,improper input validation in SAML assertion processing,taumode,16,CVE-2018-11479,(no title),0.880622
38,improper input validation in SAML assertion processing,taumode,17,CVE-2025-12194,(no title),0.880067
38,improper input validation in SAML assertion processing,taumode,18,CVE-2010-1515,(no title),0.879714
38,improper input validation in SAML assertion processing,taumode,19,CVE-2017-9444,(no title),0.879571
38,improper input validation in SAML assertion processing,taumode,20,CVE-2017-14239,(no title),0.879530
38,improper input validation in SAML assertion processing,taumode,21,CVE-2009-3511,(no title),0.879377
38,improper input validation in SAML assertion processing,taumode,22,CVE-2009-4045,(no title),0.879166
38,improper input validation in SAML assertion processing,taumode,23,CVE-2019-11621,(no title),0.879163
38,improper input validation in SAML assertion processing,taumode,24,CVE-2007-0056,(no title),0.879068
38,improper input validation in SAML assertion processing,taumode,25,CVE-2007-5098,(no title),0.878466
39,denial of service via malformed network packets,Cosine,1,CVE-2025-31161,(no title),0.898745
39,denial of service via malformed network packets,Cosine,2,CVE-2025-34234,Vasion Print (formerly PrinterLogic) Hardcoded Encryption Private Keys,0.895662
39,denial of service via malformed network packets,Cosine,3,CVE-2021-30648,(no title),0.894776
39,denial of service via malformed network packets,Cosine,4,CVE-2026-33990,Docker Model Runner OCI Registry Client Vulnerable to Server-Side Request Forgery (SSRF),0.893748
39,denial of service via malformed network packets,Cosine,5,CVE-2026-23990,Flux Operator Web UI Impersonation Bypass via Empty OIDC Claims,0.893281
39,denial of service via malformed network packets,Cosine,6,CVE-2026-33746,Convoy: JWT Signature Verification Bypass Allows Authentication as Arbitrary Users,0.889941
39,denial of service via malformed network packets,Cosine,7,CVE-2021-43271,(no title),0.889350
39,denial of service via malformed network packets,Cosine,8,CVE-2024-8535,Authenticated user can access unintended user capabilities,0.889224
39,denial of service via malformed network packets,Cosine,9,CVE-2008-6706,(no title),0.888550
39,denial of service via malformed network packets,Cosine,10,CVE-2025-64429,DuckDB Encryption Crypto implementation is vulnerable,0.888272
39,denial of service via malformed network packets,Cosine,11,CVE-2024-39676,Apache Pinot: Unauthorized endpoint exposed sensitive information,0.888118
39,denial of service via malformed network packets,Cosine,12,CVE-2024-29737,Apache StreamPark (incubating): maven build params could trigger remote command execution,0.888018
39,denial of service via malformed network packets,Cosine,13,CVE-2026-41246,Contour: Lua code injection via Cookie Path Rewrite Policy,0.887879
39,denial of service via malformed network packets,Cosine,14,CVE-2025-24363,The HL7 FHIR IG publisher may potentially expose GitHub repo user and credential information,0.886457
39,denial of service via malformed network packets,Cosine,15,CVE-2024-4536,Eclipse EDC: OAuth2 Credential Exfiltration Vulnerability,0.886428
39,denial of service via malformed network packets,Cosine,16,CVE-2021-39155,Authorization Policy Bypass Due to Case Insensitive Host Comparison,0.886413
39,denial of service via malformed network packets,Cosine,17,CVE-2026-41279,Flowise: Unauthenticated TTS endpoint accepts arbitrary credential IDs — enables API credit abuse via stored credentials,0.886409
39,denial of service via malformed network packets,Cosine,18,CVE-2019-16097,(no title),0.886223
39,denial of service via malformed network packets,Cosine,19,CVE-2026-39987,marimo Affected by Pre-Auth Remote Code Execution via Terminal WebSocket Authentication Bypass,0.886185
39,denial of service via malformed network packets,Cosine,20,CVE-2019-1010084,(no title),0.886150
39,denial of service via malformed network packets,Cosine,21,CVE-2022-39369,Service Hostname Discovery Exploitation in phpCAS,0.886050
39,denial of service via malformed network packets,Cosine,22,CVE-2025-7054,Infinite loop triggered by connection ID retirement,0.885898
39,denial of service via malformed network packets,Cosine,23,CVE-2024-48930,secp256k1-node vulnerable to private key extraction over ECDH,0.885839
39,denial of service via malformed network packets,Cosine,24,CVE-2024-1410,"Unbounded storage of information related to connection ID retirement, in quiche ",0.885719
39,denial of service via malformed network packets,Cosine,25,CVE-2025-58760,Tautulli vulnerable to Unauthenticated Path Traversal in `/image` endpoint,0.885684
39,denial of service via malformed network packets,hybrid,1,CVE-2025-31161,(no title),0.913399
39,denial of service via malformed network packets,hybrid,2,CVE-2025-34234,Vasion Print (formerly PrinterLogic) Hardcoded Encryption Private Keys,0.911303
39,denial of service via malformed network packets,hybrid,3,CVE-2021-30648,(no title),0.910590
39,denial of service via malformed network packets,hybrid,4,CVE-2026-33990,Docker Model Runner OCI Registry Client Vulnerable to Server-Side Request Forgery (SSRF),0.909829
39,denial of service via malformed network packets,hybrid,5,CVE-2026-23990,Flux Operator Web UI Impersonation Bypass via Empty OIDC Claims,0.909471
39,denial of service via malformed network packets,hybrid,6,CVE-2026-24516,(no title),0.908729
39,denial of service via malformed network packets,hybrid,7,CVE-2024-50281,KEYS: trusted: dcp: fix NULL dereference in AEAD crypto operation,0.907354
39,denial of service via malformed network packets,hybrid,8,CVE-2026-33746,Convoy: JWT Signature Verification Bypass Allows Authentication as Arbitrary Users,0.907141
39,denial of service via malformed network packets,hybrid,9,CVE-2023-24827,Credential disclosure in syft when SYFT_ATTEST_PASSWORD environment variable set in syft,0.906731
39,denial of service via malformed network packets,hybrid,10,CVE-2021-43271,(no title),0.906636
39,denial of service via malformed network packets,hybrid,11,CVE-2024-8535,Authenticated user can access unintended user capabilities,0.906580
39,denial of service via malformed network packets,hybrid,12,CVE-2008-6706,(no title),0.906116
39,denial of service via malformed network packets,hybrid,13,CVE-2025-64429,DuckDB Encryption Crypto implementation is vulnerable,0.905876
39,denial of service via malformed network packets,hybrid,14,CVE-2024-39676,Apache Pinot: Unauthorized endpoint exposed sensitive information,0.905774
39,denial of service via malformed network packets,hybrid,15,CVE-2024-29737,Apache StreamPark (incubating): maven build params could trigger remote command execution,0.905643
39,denial of service via malformed network packets,hybrid,16,CVE-2026-41246,Contour: Lua code injection via Cookie Path Rewrite Policy,0.905592
39,denial of service via malformed network packets,hybrid,17,CVE-2024-4536,Eclipse EDC: OAuth2 Credential Exfiltration Vulnerability,0.904630
39,denial of service via malformed network packets,hybrid,18,CVE-2026-41279,Flowise: Unauthenticated TTS endpoint accepts arbitrary credential IDs — enables API credit abuse via stored credentials,0.904600
39,denial of service via malformed network packets,hybrid,19,CVE-2025-24363,The HL7 FHIR IG publisher may potentially expose GitHub repo user and credential information,0.904547
39,denial of service via malformed network packets,hybrid,20,CVE-2021-39155,Authorization Policy Bypass Due to Case Insensitive Host Comparison,0.904536
39,denial of service via malformed network packets,hybrid,21,CVE-2019-1010084,(no title),0.904433
39,denial of service via malformed network packets,hybrid,22,CVE-2019-16097,(no title),0.904419
39,denial of service via malformed network packets,hybrid,23,CVE-2026-39987,marimo Affected by Pre-Auth Remote Code Execution via Terminal WebSocket Authentication Bypass,0.904407
39,denial of service via malformed network packets,hybrid,24,CVE-2022-39369,Service Hostname Discovery Exploitation in phpCAS,0.904269
39,denial of service via malformed network packets,hybrid,25,CVE-2025-7054,Infinite loop triggered by connection ID retirement,0.904207
39,denial of service via malformed network packets,taumode,1,CVE-2024-50281,KEYS: trusted: dcp: fix NULL dereference in AEAD crypto operation,0.944866
39,denial of service via malformed network packets,taumode,2,CVE-2023-24827,Credential disclosure in syft when SYFT_ATTEST_PASSWORD environment variable set in syft,0.943473
39,denial of service via malformed network packets,taumode,3,CVE-2026-24516,(no title),0.942463
39,denial of service via malformed network packets,taumode,4,CVE-2023-47298,(no title),0.942367
39,denial of service via malformed network packets,taumode,5,CVE-2007-4261,(no title),0.939250
39,denial of service via malformed network packets,taumode,6,CVE-2024-23805,F5 Application Visibility and Reporting module and BIG-IP Advanced WAF/ASM vulnerability,0.937162
39,denial of service via malformed network packets,taumode,7,CVE-2012-1978,(no title),0.937145
39,denial of service via malformed network packets,taumode,8,CVE-2025-61876,(no title),0.935993
39,denial of service via malformed network packets,taumode,9,CVE-2019-18370,(no title),0.935852
39,denial of service via malformed network packets,taumode,10,CVE-2022-43110,(no title),0.934770
39,denial of service via malformed network packets,taumode,11,CVE-2017-11559,(no title),0.934344
39,denial of service via malformed network packets,taumode,12,CVE-2006-2128,(no title),0.934264
39,denial of service via malformed network packets,taumode,13,CVE-2018-25022,(no title),0.934214
39,denial of service via malformed network packets,taumode,14,CVE-2024-51156,(no title),0.933954
39,denial of service via malformed network packets,taumode,15,CVE-2005-2579,(no title),0.933653
39,denial of service via malformed network packets,taumode,16,CVE-2014-8655,(no title),0.933569
39,denial of service via malformed network packets,taumode,17,CVE-2025-61113,(no title),0.933517
39,denial of service via malformed network packets,taumode,18,CVE-2009-4047,(no title),0.932975
39,denial of service via malformed network packets,taumode,19,CVE-2017-17743,(no title),0.932665
39,denial of service via malformed network packets,taumode,20,CVE-2025-57815,Fides Lacks Brute-Force Protections on Authentication Endpoints,0.932607
39,denial of service via malformed network packets,taumode,21,CVE-2014-4309,(no title),0.932393
39,denial of service via malformed network packets,taumode,22,CVE-2020-15487,(no title),0.932233
39,denial of service via malformed network packets,taumode,23,CVE-2014-9145,(no title),0.932074
39,denial of service via malformed network packets,taumode,24,CVE-2020-5505,(no title),0.932012
39,denial of service via malformed network packets,taumode,25,CVE-2014-2736,(no title),0.932012
40,remote code execution in ERP web component,Cosine,1,CVE-2025-21688,drm/v3d: Assign job pointer to NULL before signaling the fence,0.866281
40,remote code execution in ERP web component,Cosine,2,CVE-2021-47223,net: bridge: fix vlan tunnel dst null pointer dereference,0.859420
40,remote code execution in ERP web component,Cosine,3,CVE-2022-48801,iio: buffer: Fix file related error handling in IIO_BUFFER_GET_FD_IOCTL,0.857942
40,remote code execution in ERP web component,Cosine,4,CVE-2023-53503,ext4: allow ext4_get_group_info() to fail,0.857794
40,remote code execution in ERP web component,Cosine,5,CVE-2025-40341,futex: Don't leak robust_list pointer on exec race,0.857630
40,remote code execution in ERP web component,Cosine,6,CVE-2024-43882,exec: Fix ToCToU between perm check and set-uid/gid usage,0.857394
40,remote code execution in ERP web component,Cosine,7,CVE-2025-21664,dm thin: make get_first_thin use rcu-safe list first function,0.856757
40,remote code execution in ERP web component,Cosine,8,CVE-2021-27363,(no title),0.856197
40,remote code execution in ERP web component,Cosine,9,CVE-2023-4759,Improper handling of case insensitive filesystems in Eclipse JGit allows arbitrary file write,0.856033
40,remote code execution in ERP web component,Cosine,10,CVE-2024-26585,tls: fix race between tx work scheduling and socket close,0.854876
40,remote code execution in ERP web component,Cosine,11,CVE-2024-57974,udp: Deal with race between UDP socket address change and rehash,0.854297
40,remote code execution in ERP web component,Cosine,12,CVE-2026-31571,drm/i915: Unlink NV12 planes earlier,0.854022
40,remote code execution in ERP web component,Cosine,13,CVE-2024-36024,drm/amd/display: Disable idle reallow as part of command/gpint execution,0.854017
40,remote code execution in ERP web component,Cosine,14,CVE-2023-53596,drivers: base: Free devm resources when unregistering a device,0.853774
40,remote code execution in ERP web component,Cosine,15,CVE-2023-53235,drm/tests: helpers: Avoid a driver uaf,0.853761
40,remote code execution in ERP web component,Cosine,16,CVE-2025-38060,bpf: copy_verifier_state() should copy 'loop_entry' field,0.853629
40,remote code execution in ERP web component,Cosine,17,CVE-2022-50117,vfio: Split migration ops from main device ops,0.852628
40,remote code execution in ERP web component,Cosine,18,CVE-2019-3901,(no title),0.852379
40,remote code execution in ERP web component,Cosine,19,CVE-2025-68257,comedi: check device's attached status in compat ioctls,0.852046
40,remote code execution in ERP web component,Cosine,20,CVE-2024-26810,vfio/pci: Lock external INTx masking ops,0.852046
40,remote code execution in ERP web component,Cosine,21,CVE-2026-23060,crypto: authencesn - reject too-short AAD (assoclen<8) to match ESP/ESN spec,0.852038
40,remote code execution in ERP web component,Cosine,22,CVE-2022-49167,btrfs: do not double complete bio on errors during compressed reads,0.851990
40,remote code execution in ERP web component,Cosine,23,CVE-2025-21807,block: fix queue freeze vs limits lock order in sysfs store methods,0.851782
40,remote code execution in ERP web component,Cosine,24,CVE-2017-6507,(no title),0.851698
40,remote code execution in ERP web component,Cosine,25,CVE-2023-54148,net/mlx5e: Move representor neigh cleanup to profile cleanup_tx,0.851688
40,remote code execution in ERP web component,hybrid,1,CVE-2025-21688,drm/v3d: Assign job pointer to NULL before signaling the fence,0.903717
40,remote code execution in ERP web component,hybrid,2,CVE-2021-47223,net: bridge: fix vlan tunnel dst null pointer dereference,0.898781
40,remote code execution in ERP web component,hybrid,3,CVE-2022-48801,iio: buffer: Fix file related error handling in IIO_BUFFER_GET_FD_IOCTL,0.897695
40,remote code execution in ERP web component,hybrid,4,CVE-2023-53503,ext4: allow ext4_get_group_info() to fail,0.897602
40,remote code execution in ERP web component,hybrid,5,CVE-2025-40341,futex: Don't leak robust_list pointer on exec race,0.897486
40,remote code execution in ERP web component,hybrid,6,CVE-2025-21664,dm thin: make get_first_thin use rcu-safe list first function,0.896854
40,remote code execution in ERP web component,hybrid,7,CVE-2021-27363,(no title),0.896458
40,remote code execution in ERP web component,hybrid,8,CVE-2023-4759,Improper handling of case insensitive filesystems in Eclipse JGit allows arbitrary file write,0.896325
40,remote code execution in ERP web component,hybrid,9,CVE-2024-26585,tls: fix race between tx work scheduling and socket close,0.895508
40,remote code execution in ERP web component,hybrid,10,CVE-2024-57974,udp: Deal with race between UDP socket address change and rehash,0.895070
40,remote code execution in ERP web component,hybrid,11,CVE-2026-31571,drm/i915: Unlink NV12 planes earlier,0.894884
40,remote code execution in ERP web component,hybrid,12,CVE-2024-36024,drm/amd/display: Disable idle reallow as part of command/gpint execution,0.894879
40,remote code execution in ERP web component,hybrid,13,CVE-2023-53596,drivers: base: Free devm resources when unregistering a device,0.894712
40,remote code execution in ERP web component,hybrid,14,CVE-2023-53235,drm/tests: helpers: Avoid a driver uaf,0.894657
40,remote code execution in ERP web component,hybrid,15,CVE-2025-38060,bpf: copy_verifier_state() should copy 'loop_entry' field,0.894563
40,remote code execution in ERP web component,hybrid,16,CVE-2022-50117,vfio: Split migration ops from main device ops,0.893869
40,remote code execution in ERP web component,hybrid,17,CVE-2019-3901,(no title),0.893695
40,remote code execution in ERP web component,hybrid,18,CVE-2024-26810,vfio/pci: Lock external INTx masking ops,0.893473
40,remote code execution in ERP web component,hybrid,19,CVE-2025-68257,comedi: check device's attached status in compat ioctls,0.893462
40,remote code execution in ERP web component,hybrid,20,CVE-2026-23060,crypto: authencesn - reject too-short AAD (assoclen<8) to match ESP/ESN spec,0.893461
40,remote code execution in ERP web component,hybrid,21,CVE-2022-49167,btrfs: do not double complete bio on errors during compressed reads,0.893432
40,remote code execution in ERP web component,hybrid,22,CVE-2025-21807,block: fix queue freeze vs limits lock order in sysfs store methods,0.893240
40,remote code execution in ERP web component,hybrid,23,CVE-2017-6507,(no title),0.893204
40,remote code execution in ERP web component,hybrid,24,CVE-2023-54148,net/mlx5e: Move representor neigh cleanup to profile cleanup_tx,0.893190
40,remote code execution in ERP web component,hybrid,25,CVE-2025-68339,atm/fore200e: Fix possible data race in fore200e_open(),0.893053
40,remote code execution in ERP web component,taumode,1,CVE-2025-21688,drm/v3d: Assign job pointer to NULL before signaling the fence,0.943827
40,remote code execution in ERP web component,taumode,2,CVE-2021-47223,net: bridge: fix vlan tunnel dst null pointer dereference,0.940954
40,remote code execution in ERP web component,taumode,3,CVE-2022-48801,iio: buffer: Fix file related error handling in IIO_BUFFER_GET_FD_IOCTL,0.940287
40,remote code execution in ERP web component,taumode,4,CVE-2023-53503,ext4: allow ext4_get_group_info() to fail,0.940253
40,remote code execution in ERP web component,taumode,5,CVE-2025-40341,futex: Don't leak robust_list pointer on exec race,0.940188
40,remote code execution in ERP web component,taumode,6,CVE-2025-21664,dm thin: make get_first_thin use rcu-safe list first function,0.939814
40,remote code execution in ERP web component,taumode,7,CVE-2021-27363,(no title),0.939595
40,remote code execution in ERP web component,taumode,8,CVE-2023-4759,Improper handling of case insensitive filesystems in Eclipse JGit allows arbitrary file write,0.939496
40,remote code execution in ERP web component,taumode,9,CVE-2024-26585,tls: fix race between tx work scheduling and socket close,0.939043
40,remote code execution in ERP web component,taumode,10,CVE-2024-57974,udp: Deal with race between UDP socket address change and rehash,0.938755
40,remote code execution in ERP web component,taumode,11,CVE-2026-31571,drm/i915: Unlink NV12 planes earlier,0.938666
40,remote code execution in ERP web component,taumode,12,CVE-2024-36024,drm/amd/display: Disable idle reallow as part of command/gpint execution,0.938660
40,remote code execution in ERP web component,taumode,13,CVE-2023-53596,drivers: base: Free devm resources when unregistering a device,0.938574
40,remote code execution in ERP web component,taumode,14,CVE-2023-53235,drm/tests: helpers: Avoid a driver uaf,0.938474
40,remote code execution in ERP web component,taumode,15,CVE-2025-38060,bpf: copy_verifier_state() should copy 'loop_entry' field,0.938421
40,remote code execution in ERP web component,taumode,16,CVE-2022-50117,vfio: Split migration ops from main device ops,0.938056
40,remote code execution in ERP web component,taumode,17,CVE-2019-3901,(no title),0.937962
40,remote code execution in ERP web component,taumode,18,CVE-2024-26810,vfio/pci: Lock external INTx masking ops,0.937858
40,remote code execution in ERP web component,taumode,19,CVE-2026-23060,crypto: authencesn - reject too-short AAD (assoclen<8) to match ESP/ESN spec,0.937842
40,remote code execution in ERP web component,taumode,20,CVE-2025-68257,comedi: check device's attached status in compat ioctls,0.937835
40,remote code execution in ERP web component,taumode,21,CVE-2022-49167,btrfs: do not double complete bio on errors during compressed reads,0.937835
40,remote code execution in ERP web component,taumode,22,CVE-2017-6507,(no title),0.937674
40,remote code execution in ERP web component,taumode,23,CVE-2025-21807,block: fix queue freeze vs limits lock order in sysfs store methods,0.937659
40,remote code execution in ERP web component,taumode,24,CVE-2023-54148,net/mlx5e: Move representor neigh cleanup to profile cleanup_tx,0.937655
40,remote code execution in ERP web component,taumode,25,CVE-2025-68339,atm/fore200e: Fix possible data race in fore200e_open(),0.937610
41,null pointer dereference in Bluetooth service,Cosine,1,CVE-2019-1010304,(no title),0.866094
41,null pointer dereference in Bluetooth service,Cosine,2,CVE-2026-24516,(no title),0.864798
41,null pointer dereference in Bluetooth service,Cosine,3,CVE-2026-33726,Cilium L7 proxy may bypass Kubernetes NetworkPolicy for same-node traffic,0.855278
41,null pointer dereference in Bluetooth service,Cosine,4,CVE-2021-35975,(no title),0.854485
41,null pointer dereference in Bluetooth service,Cosine,5,CVE-2024-36105,dbt allows Binding to an Unrestricted IP Address via socketsocket,0.852153
41,null pointer dereference in Bluetooth service,Cosine,6,CVE-2025-34234,Vasion Print (formerly PrinterLogic) Hardcoded Encryption Private Keys,0.851025
41,null pointer dereference in Bluetooth service,Cosine,7,CVE-2025-62603,FastDDS has Out-of-memory while parsing GenericMessage when DDS Security is enabled,0.847858
41,null pointer dereference in Bluetooth service,Cosine,8,CVE-2014-2225,(no title),0.847369
41,null pointer dereference in Bluetooth service,Cosine,9,CVE-2023-35165,AWS CDK EKS overly permissive trust policies,0.846951
41,null pointer dereference in Bluetooth service,Cosine,10,CVE-2021-32635,Action Commands (run/shell/exec) Against Library URIs Ignore Configured Remote Endpoint,0.846795
41,null pointer dereference in Bluetooth service,Cosine,11,CVE-2026-23990,Flux Operator Web UI Impersonation Bypass via Empty OIDC Claims,0.846405
41,null pointer dereference in Bluetooth service,Cosine,12,CVE-2026-40566,FreeScout vulnerable to SSRF via IMAP/SMTP Connection Test Endpoints,0.846113
41,null pointer dereference in Bluetooth service,Cosine,13,CVE-2023-53103,bonding: restore bond's IFF_SLAVE flag if a non-eth dev enslave fails,0.845514
41,null pointer dereference in Bluetooth service,Cosine,14,CVE-2022-23653,B2 Command Line Tool TOCTOU application key disclosure ,0.845278
41,null pointer dereference in Bluetooth service,Cosine,15,CVE-2021-41090,Instance config inline secret exposure,0.844614
41,null pointer dereference in Bluetooth service,Cosine,16,CVE-2022-25223,(no title),0.843804
41,null pointer dereference in Bluetooth service,Cosine,17,CVE-2024-29737,Apache StreamPark (incubating): maven build params could trigger remote command execution,0.843770
41,null pointer dereference in Bluetooth service,Cosine,18,CVE-2025-40362,ceph: fix multifs mds auth caps issue,0.843360
41,null pointer dereference in Bluetooth service,Cosine,19,CVE-2025-30162,East-west traffic not subject to egress policy enforcement for requests via Gateway API load balancers,0.843232
41,null pointer dereference in Bluetooth service,Cosine,20,CVE-2025-66002,Local users can perform arbitrary unmounts via smb4k mount helper due to lack of input validation,0.843047
41,null pointer dereference in Bluetooth service,Cosine,21,CVE-2023-22958,(no title),0.842994
41,null pointer dereference in Bluetooth service,Cosine,22,CVE-2022-50255,tracing: Fix reading strings from synthetic events,0.842775
41,null pointer dereference in Bluetooth service,Cosine,23,CVE-2023-52137,GitHub Action tj-actions/verify-changed-files is vulnerable to command injection in output filenames,0.842460
41,null pointer dereference in Bluetooth service,Cosine,24,CVE-2023-39903,(no title),0.842453
41,null pointer dereference in Bluetooth service,Cosine,25,CVE-2026-40569,FreeScout's Mass Assignment in Mailbox Connection Settings Enables Silent Email Exfiltration,0.841920
41,null pointer dereference in Bluetooth service,hybrid,1,CVE-2024-48569,(no title),0.878586
41,null pointer dereference in Bluetooth service,hybrid,2,CVE-2021-41090,Instance config inline secret exposure,0.866817
41,null pointer dereference in Bluetooth service,hybrid,3,CVE-2007-2891,(no title),0.865954
41,null pointer dereference in Bluetooth service,hybrid,4,CVE-2017-17662,(no title),0.864190
41,null pointer dereference in Bluetooth service,hybrid,5,CVE-2012-2090,(no title),0.863489
41,null pointer dereference in Bluetooth service,hybrid,6,CVE-2011-4544,(no title),0.862844
41,null pointer dereference in Bluetooth service,hybrid,7,CVE-2021-37306,(no title),0.861850
41,null pointer dereference in Bluetooth service,hybrid,8,CVE-2007-6548,(no title),0.859477
41,null pointer dereference in Bluetooth service,hybrid,9,CVE-2013-7190,(no title),0.858304
41,null pointer dereference in Bluetooth service,hybrid,10,CVE-2021-39412,(no title),0.857867
41,null pointer dereference in Bluetooth service,hybrid,11,CVE-2012-3469,(no title),0.857235
41,null pointer dereference in Bluetooth service,hybrid,12,CVE-2024-26645,tracing: Ensure visibility when inserting an element into tracing_map,0.856350
41,null pointer dereference in Bluetooth service,hybrid,13,CVE-2014-2027,(no title),0.853473
41,null pointer dereference in Bluetooth service,hybrid,14,CVE-2018-10642,(no title),0.853426
41,null pointer dereference in Bluetooth service,hybrid,15,CVE-2026-23189,ceph: fix NULL pointer dereference in ceph_mds_auth_match(),0.852759
41,null pointer dereference in Bluetooth service,hybrid,16,CVE-2019-14969,(no title),0.852374
41,null pointer dereference in Bluetooth service,hybrid,17,CVE-2006-2768,(no title),0.852357
41,null pointer dereference in Bluetooth service,hybrid,18,CVE-2023-53664,OPP: Fix potential null ptr dereference in dev_pm_opp_get_required_pstate(),0.852047
41,null pointer dereference in Bluetooth service,hybrid,19,CVE-2011-0434,(no title),0.850864
41,null pointer dereference in Bluetooth service,hybrid,20,CVE-2008-0645,(no title),0.850715
41,null pointer dereference in Bluetooth service,hybrid,21,CVE-2012-1259,(no title),0.850560
41,null pointer dereference in Bluetooth service,hybrid,22,CVE-2026-40566,FreeScout vulnerable to SSRF via IMAP/SMTP Connection Test Endpoints,0.849687
41,null pointer dereference in Bluetooth service,hybrid,23,CVE-2013-4386,(no title),0.849521
41,null pointer dereference in Bluetooth service,hybrid,24,CVE-2000-0723,(no title),0.849343
41,null pointer dereference in Bluetooth service,hybrid,25,CVE-2010-3209,(no title),0.849339
41,null pointer dereference in Bluetooth service,taumode,1,CVE-2024-48569,(no title),0.929110
41,null pointer dereference in Bluetooth service,taumode,2,CVE-2007-2891,(no title),0.920055
41,null pointer dereference in Bluetooth service,taumode,3,CVE-2017-17662,(no title),0.918650
41,null pointer dereference in Bluetooth service,taumode,4,CVE-2011-4544,(no title),0.912154
41,null pointer dereference in Bluetooth service,taumode,5,CVE-2013-7190,(no title),0.911932
41,null pointer dereference in Bluetooth service,taumode,6,CVE-2012-5693,(no title),0.911543
41,null pointer dereference in Bluetooth service,taumode,7,CVE-2000-0723,(no title),0.911023
41,null pointer dereference in Bluetooth service,taumode,8,CVE-2012-2090,(no title),0.910959
41,null pointer dereference in Bluetooth service,taumode,9,CVE-2019-14969,(no title),0.909550
41,null pointer dereference in Bluetooth service,taumode,10,CVE-2021-39412,(no title),0.909445
41,null pointer dereference in Bluetooth service,taumode,11,CVE-2021-37306,(no title),0.909334
41,null pointer dereference in Bluetooth service,taumode,12,CVE-2026-23189,ceph: fix NULL pointer dereference in ceph_mds_auth_match(),0.908658
41,null pointer dereference in Bluetooth service,taumode,13,CVE-2012-1259,(no title),0.908490
41,null pointer dereference in Bluetooth service,taumode,14,CVE-2023-33592,(no title),0.907958
41,null pointer dereference in Bluetooth service,taumode,15,CVE-2005-4427,(no title),0.907820
41,null pointer dereference in Bluetooth service,taumode,16,CVE-2012-1152,(no title),0.907274
41,null pointer dereference in Bluetooth service,taumode,17,CVE-2012-2054,(no title),0.906796
41,null pointer dereference in Bluetooth service,taumode,18,CVE-2013-4386,(no title),0.906146
41,null pointer dereference in Bluetooth service,taumode,19,CVE-2011-5287,(no title),0.904828
41,null pointer dereference in Bluetooth service,taumode,20,CVE-2013-7189,(no title),0.903959
41,null pointer dereference in Bluetooth service,taumode,21,CVE-2022-23882,(no title),0.902761
41,null pointer dereference in Bluetooth service,taumode,22,CVE-2014-2027,(no title),0.902452
41,null pointer dereference in Bluetooth service,taumode,23,CVE-2018-10642,(no title),0.901810
41,null pointer dereference in Bluetooth service,taumode,24,CVE-2006-7052,(no title),0.901518
41,null pointer dereference in Bluetooth service,taumode,25,CVE-2011-0434,(no title),0.901137
42,stored cross-site scripting XSS in user profile page,Cosine,1,CVE-2026-29909,(no title),0.871628
42,stored cross-site scripting XSS in user profile page,Cosine,2,CVE-2008-4181,(no title),0.871229
42,stored cross-site scripting XSS in user profile page,Cosine,3,CVE-2025-40362,ceph: fix multifs mds auth caps issue,0.870200
42,stored cross-site scripting XSS in user profile page,Cosine,4,CVE-2018-19204,(no title),0.870102
42,stored cross-site scripting XSS in user profile page,Cosine,5,CVE-2007-1057,(no title),0.869459
42,stored cross-site scripting XSS in user profile page,Cosine,6,CVE-2006-2868,(no title),0.869233
42,stored cross-site scripting XSS in user profile page,Cosine,7,CVE-2019-14969,(no title),0.868975
42,stored cross-site scripting XSS in user profile page,Cosine,8,CVE-2019-9745,(no title),0.868813
42,stored cross-site scripting XSS in user profile page,Cosine,9,CVE-2008-5776,(no title),0.868539
42,stored cross-site scripting XSS in user profile page,Cosine,10,CVE-2009-3702,(no title),0.868477
42,stored cross-site scripting XSS in user profile page,Cosine,11,CVE-2006-4258,(no title),0.868369
42,stored cross-site scripting XSS in user profile page,Cosine,12,CVE-2022-28005,(no title),0.867756
42,stored cross-site scripting XSS in user profile page,Cosine,13,CVE-2020-5846,(no title),0.867544
42,stored cross-site scripting XSS in user profile page,Cosine,14,CVE-2021-28374,(no title),0.866510
42,stored cross-site scripting XSS in user profile page,Cosine,15,CVE-2002-1469,(no title),0.866377
42,stored cross-site scripting XSS in user profile page,Cosine,16,CVE-2007-6233,(no title),0.866272
42,stored cross-site scripting XSS in user profile page,Cosine,17,CVE-2011-4800,(no title),0.866188
42,stored cross-site scripting XSS in user profile page,Cosine,18,CVE-2026-32310,Cryptomator: Unverified masterkeyfile key IDs can access arbitrary local or UNC paths,0.866023
42,stored cross-site scripting XSS in user profile page,Cosine,19,CVE-2025-45582,(no title),0.865982
42,stored cross-site scripting XSS in user profile page,Cosine,20,CVE-2000-0516,(no title),0.865574
42,stored cross-site scripting XSS in user profile page,Cosine,21,CVE-2025-66480,Wildfire has Arbitrary File Upload via Directory Traversal in UploadFileAction,0.865238
42,stored cross-site scripting XSS in user profile page,Cosine,22,CVE-2021-25276,(no title),0.864712
42,stored cross-site scripting XSS in user profile page,Cosine,23,CVE-2019-9146,(no title),0.864630
42,stored cross-site scripting XSS in user profile page,Cosine,24,CVE-2025-27092,Path Traversal Vulnerability in GHOSTS Photo Retrieval Endpoint,0.864546
42,stored cross-site scripting XSS in user profile page,Cosine,25,CVE-2001-0821,(no title),0.864401
42,stored cross-site scripting XSS in user profile page,hybrid,1,CVE-2026-29909,(no title),0.907549
42,stored cross-site scripting XSS in user profile page,hybrid,2,CVE-2008-4181,(no title),0.907264
42,stored cross-site scripting XSS in user profile page,hybrid,3,CVE-2025-40362,ceph: fix multifs mds auth caps issue,0.906525
42,stored cross-site scripting XSS in user profile page,hybrid,4,CVE-2018-19204,(no title),0.906460
42,stored cross-site scripting XSS in user profile page,hybrid,5,CVE-2007-1057,(no title),0.905988
42,stored cross-site scripting XSS in user profile page,hybrid,6,CVE-2006-2868,(no title),0.905684
42,stored cross-site scripting XSS in user profile page,hybrid,7,CVE-2019-9745,(no title),0.905538
42,stored cross-site scripting XSS in user profile page,hybrid,8,CVE-2008-5776,(no title),0.905325
42,stored cross-site scripting XSS in user profile page,hybrid,9,CVE-2009-3702,(no title),0.905298
42,stored cross-site scripting XSS in user profile page,hybrid,10,CVE-2022-28005,(no title),0.904764
42,stored cross-site scripting XSS in user profile page,hybrid,11,CVE-2020-5846,(no title),0.904615
42,stored cross-site scripting XSS in user profile page,hybrid,12,CVE-2021-28374,(no title),0.903865
42,stored cross-site scripting XSS in user profile page,hybrid,13,CVE-2002-1469,(no title),0.903781
42,stored cross-site scripting XSS in user profile page,hybrid,14,CVE-2007-6233,(no title),0.903714
42,stored cross-site scripting XSS in user profile page,hybrid,15,CVE-2011-4800,(no title),0.903628
42,stored cross-site scripting XSS in user profile page,hybrid,16,CVE-2025-45582,(no title),0.903478
42,stored cross-site scripting XSS in user profile page,hybrid,17,CVE-2026-32310,Cryptomator: Unverified masterkeyfile key IDs can access arbitrary local or UNC paths,0.903452
42,stored cross-site scripting XSS in user profile page,hybrid,18,CVE-2000-0516,(no title),0.903189
42,stored cross-site scripting XSS in user profile page,hybrid,19,CVE-2025-66480,Wildfire has Arbitrary File Upload via Directory Traversal in UploadFileAction,0.902961
42,stored cross-site scripting XSS in user profile page,hybrid,20,CVE-2021-25276,(no title),0.902548
42,stored cross-site scripting XSS in user profile page,hybrid,21,CVE-2019-9146,(no title),0.902520
42,stored cross-site scripting XSS in user profile page,hybrid,22,CVE-2025-27092,Path Traversal Vulnerability in GHOSTS Photo Retrieval Endpoint,0.902447
42,stored cross-site scripting XSS in user profile page,hybrid,23,CVE-2001-0821,(no title),0.902340
42,stored cross-site scripting XSS in user profile page,hybrid,24,CVE-2009-2265,(no title),0.902106
42,stored cross-site scripting XSS in user profile page,hybrid,25,CVE-2020-15843,(no title),0.901870
42,stored cross-site scripting XSS in user profile page,taumode,1,CVE-2026-29909,(no title),0.946036
42,stored cross-site scripting XSS in user profile page,taumode,2,CVE-2008-4181,(no title),0.945873
42,stored cross-site scripting XSS in user profile page,taumode,3,CVE-2025-40362,ceph: fix multifs mds auth caps issue,0.945444
42,stored cross-site scripting XSS in user profile page,taumode,4,CVE-2018-19204,(no title),0.945415
42,stored cross-site scripting XSS in user profile page,taumode,5,CVE-2007-1057,(no title),0.945126
42,stored cross-site scripting XSS in user profile page,taumode,6,CVE-2019-9745,(no title),0.944887
42,stored cross-site scripting XSS in user profile page,taumode,7,CVE-2009-3702,(no title),0.944749
42,stored cross-site scripting XSS in user profile page,taumode,8,CVE-2008-5776,(no title),0.944738
42,stored cross-site scripting XSS in user profile page,taumode,9,CVE-2006-2868,(no title),0.944738
42,stored cross-site scripting XSS in user profile page,taumode,10,CVE-2022-28005,(no title),0.944414
42,stored cross-site scripting XSS in user profile page,taumode,11,CVE-2020-5846,(no title),0.944334
42,stored cross-site scripting XSS in user profile page,taumode,12,CVE-2021-28374,(no title),0.943887
42,stored cross-site scripting XSS in user profile page,taumode,13,CVE-2002-1469,(no title),0.943857
42,stored cross-site scripting XSS in user profile page,taumode,14,CVE-2007-6233,(no title),0.943830
42,stored cross-site scripting XSS in user profile page,taumode,15,CVE-2011-4800,(no title),0.943743
42,stored cross-site scripting XSS in user profile page,taumode,16,CVE-2025-45582,(no title),0.943651
42,stored cross-site scripting XSS in user profile page,taumode,17,CVE-2026-32310,Cryptomator: Unverified masterkeyfile key IDs can access arbitrary local or UNC paths,0.943555
42,stored cross-site scripting XSS in user profile page,taumode,18,CVE-2000-0516,(no title),0.943490
42,stored cross-site scripting XSS in user profile page,taumode,19,CVE-2025-66480,Wildfire has Arbitrary File Upload via Directory Traversal in UploadFileAction,0.943379
42,stored cross-site scripting XSS in user profile page,taumode,20,CVE-2019-9146,(no title),0.943117
42,stored cross-site scripting XSS in user profile page,taumode,21,CVE-2021-25276,(no title),0.943087
42,stored cross-site scripting XSS in user profile page,taumode,22,CVE-2025-27092,Path Traversal Vulnerability in GHOSTS Photo Retrieval Endpoint,0.943056
42,stored cross-site scripting XSS in user profile page,taumode,23,CVE-2001-0821,(no title),0.942988
42,stored cross-site scripting XSS in user profile page,taumode,24,CVE-2009-2265,(no title),0.942842
42,stored cross-site scripting XSS in user profile page,taumode,25,CVE-2020-15843,(no title),0.942708
43,format string vulnerability in logging daemon,Cosine,1,CVE-2025-31491,AutoGPT allows leakage of cross-domain cookies and protected headers in requests redirect,0.856228
43,format string vulnerability in logging daemon,Cosine,2,CVE-2026-27795,LangChain Community: redirect chaining can lead to SSRF bypass via RecursiveUrlLoader,0.850334
43,format string vulnerability in logging daemon,Cosine,3,CVE-2015-6509,(no title),0.848580
43,format string vulnerability in logging daemon,Cosine,4,CVE-2022-35943,SameSite may allow cross-site request forgery (CSRF) protection to be bypassed,0.846833
43,format string vulnerability in logging daemon,Cosine,5,CVE-2021-32779,Incorrectly handling of URI '#fragment' element as part of the path element,0.844031
43,format string vulnerability in logging daemon,Cosine,6,CVE-2021-36760,(no title),0.841820
43,format string vulnerability in logging daemon,Cosine,7,CVE-2016-9554,(no title),0.839880
43,format string vulnerability in logging daemon,Cosine,8,CVE-2024-3283,Privilege Escalation via Mass Assignment in mintplex-labs/anything-llm,0.839810
43,format string vulnerability in logging daemon,Cosine,9,CVE-2026-40490,AsyncHttpClient leaks authorization credentials to untrusted domains on cross-origin redirects,0.838311
43,format string vulnerability in logging daemon,Cosine,10,CVE-2025-62427,Server-Side Request Forgery (SSRF) in Angular SSR,0.837829
43,format string vulnerability in logging daemon,Cosine,11,CVE-2011-2159,(no title),0.837085
43,format string vulnerability in logging daemon,Cosine,12,CVE-2025-63784,(no title),0.837009
43,format string vulnerability in logging daemon,Cosine,13,CVE-2011-2149,(no title),0.836811
43,format string vulnerability in logging daemon,Cosine,14,CVE-2014-4309,(no title),0.836262
43,format string vulnerability in logging daemon,Cosine,15,CVE-2016-4948,(no title),0.835996
43,format string vulnerability in logging daemon,Cosine,16,CVE-2026-33663,n8n Vulnerable to Credential Theft via Name-Based Resolution and Permission Checker Bypass in Community Edition,0.835628
43,format string vulnerability in logging daemon,Cosine,17,CVE-2021-32635,Action Commands (run/shell/exec) Against Library URIs Ignore Configured Remote Endpoint,0.835257
43,format string vulnerability in logging daemon,Cosine,18,CVE-2026-3335,Canto <= 3.1.1 - Missing Authorization to Unauthenticated File Upload,0.834953
43,format string vulnerability in logging daemon,Cosine,19,CVE-2026-4132,HTTP Headers <= 1.19.2 - Authenticated (Administrator+) External Control of File Name or Path to RCE via 'hh_htpasswd_path' and 'hh_www_authenticate_user' Parameters,0.834848
43,format string vulnerability in logging daemon,Cosine,20,CVE-2026-4281,FormLift for Infusionsoft Web Forms <= 7.5.21 - Missing Authorization to Unauthenticated Infusionsoft Connection Hijack via OAuth Connection Flow,0.834521
43,format string vulnerability in logging daemon,Cosine,21,CVE-2025-62379,Open Redirect in reflex-dev/reflex,0.834482
43,format string vulnerability in logging daemon,Cosine,22,CVE-2026-33720,n8n Has Authorization Bypass in OAuth Callback via N8N_SKIP_AUTH_ON_OAUTH_CALLBACK,0.834343
43,format string vulnerability in logging daemon,Cosine,23,CVE-2006-3935,(no title),0.833961
43,format string vulnerability in logging daemon,Cosine,24,CVE-2019-3778,Open Redirect in spring-security-oauth2,0.833743
43,format string vulnerability in logging daemon,Cosine,25,CVE-2012-4396,(no title),0.833238
43,format string vulnerability in logging daemon,hybrid,1,CVE-2025-31491,AutoGPT allows leakage of cross-domain cookies and protected headers in requests redirect,0.896429
43,format string vulnerability in logging daemon,hybrid,2,CVE-2026-27795,LangChain Community: redirect chaining can lead to SSRF bypass via RecursiveUrlLoader,0.892193
43,format string vulnerability in logging daemon,hybrid,3,CVE-2015-6509,(no title),0.890906
43,format string vulnerability in logging daemon,hybrid,4,CVE-2021-32779,Incorrectly handling of URI '#fragment' element as part of the path element,0.887663
43,format string vulnerability in logging daemon,hybrid,5,CVE-2021-36760,(no title),0.886063
43,format string vulnerability in logging daemon,hybrid,6,CVE-2016-9554,(no title),0.884704
43,format string vulnerability in logging daemon,hybrid,7,CVE-2024-3283,Privilege Escalation via Mass Assignment in mintplex-labs/anything-llm,0.884611
43,format string vulnerability in logging daemon,hybrid,8,CVE-2026-40490,AsyncHttpClient leaks authorization credentials to untrusted domains on cross-origin redirects,0.883515
43,format string vulnerability in logging daemon,hybrid,9,CVE-2025-62427,Server-Side Request Forgery (SSRF) in Angular SSR,0.883182
43,format string vulnerability in logging daemon,hybrid,10,CVE-2025-63784,(no title),0.882568
43,format string vulnerability in logging daemon,hybrid,11,CVE-2011-2159,(no title),0.882512
43,format string vulnerability in logging daemon,hybrid,12,CVE-2011-2149,(no title),0.882425
43,format string vulnerability in logging daemon,hybrid,13,CVE-2016-4948,(no title),0.881875
43,format string vulnerability in logging daemon,hybrid,14,CVE-2026-33663,n8n Vulnerable to Credential Theft via Name-Based Resolution and Permission Checker Bypass in Community Edition,0.881579
43,format string vulnerability in logging daemon,hybrid,15,CVE-2021-32635,Action Commands (run/shell/exec) Against Library URIs Ignore Configured Remote Endpoint,0.881374
43,format string vulnerability in logging daemon,hybrid,16,CVE-2026-3335,Canto <= 3.1.1 - Missing Authorization to Unauthenticated File Upload,0.881147
43,format string vulnerability in logging daemon,hybrid,17,CVE-2026-4132,HTTP Headers <= 1.19.2 - Authenticated (Administrator+) External Control of File Name or Path to RCE via 'hh_htpasswd_path' and 'hh_www_authenticate_user' Parameters,0.881071
43,format string vulnerability in logging daemon,hybrid,18,CVE-2025-62379,Open Redirect in reflex-dev/reflex,0.880789
43,format string vulnerability in logging daemon,hybrid,19,CVE-2026-4281,FormLift for Infusionsoft Web Forms <= 7.5.21 - Missing Authorization to Unauthenticated Infusionsoft Connection Hijack via OAuth Connection Flow,0.880771
43,format string vulnerability in logging daemon,hybrid,20,CVE-2026-33720,n8n Has Authorization Bypass in OAuth Callback via N8N_SKIP_AUTH_ON_OAUTH_CALLBACK,0.880660
43,format string vulnerability in logging daemon,hybrid,21,CVE-2006-3935,(no title),0.880452
43,format string vulnerability in logging daemon,hybrid,22,CVE-2019-3778,Open Redirect in spring-security-oauth2,0.880245
43,format string vulnerability in logging daemon,hybrid,23,CVE-2012-4396,(no title),0.879815
43,format string vulnerability in logging daemon,hybrid,24,CVE-2025-69211,Nest has a Fastify URL Encoding Middleware Bypass (TOCTOU),0.879712
43,format string vulnerability in logging daemon,hybrid,25,CVE-2026-32892,OS Command Injection in Chamilo LMS 1.11.36,0.879637
43,format string vulnerability in logging daemon,taumode,1,CVE-2025-31491,AutoGPT allows leakage of cross-domain cookies and protected headers in requests redirect,0.939501
43,format string vulnerability in logging daemon,taumode,2,CVE-2026-27795,LangChain Community: redirect chaining can lead to SSRF bypass via RecursiveUrlLoader,0.937041
43,format string vulnerability in logging daemon,taumode,3,CVE-2015-6509,(no title),0.936256
43,format string vulnerability in logging daemon,taumode,4,CVE-2021-32779,Incorrectly handling of URI '#fragment' element as part of the path element,0.934411
43,format string vulnerability in logging daemon,taumode,5,CVE-2021-36760,(no title),0.933466
43,format string vulnerability in logging daemon,taumode,6,CVE-2016-9554,(no title),0.932730
43,format string vulnerability in logging daemon,taumode,7,CVE-2024-3283,Privilege Escalation via Mass Assignment in mintplex-labs/anything-llm,0.932613
43,format string vulnerability in logging daemon,taumode,8,CVE-2026-40490,AsyncHttpClient leaks authorization credentials to untrusted domains on cross-origin redirects,0.931948
43,format string vulnerability in logging daemon,taumode,9,CVE-2025-62427,Server-Side Request Forgery (SSRF) in Angular SSR,0.931774
43,format string vulnerability in logging daemon,taumode,10,CVE-2025-63784,(no title),0.931381
43,format string vulnerability in logging daemon,taumode,11,CVE-2011-2149,(no title),0.931298
43,format string vulnerability in logging daemon,taumode,12,CVE-2011-2159,(no title),0.931184
43,format string vulnerability in logging daemon,taumode,13,CVE-2016-4948,(no title),0.931032
43,format string vulnerability in logging daemon,taumode,14,CVE-2026-33663,n8n Vulnerable to Credential Theft via Name-Based Resolution and Permission Checker Bypass in Community Edition,0.930812
43,format string vulnerability in logging daemon,taumode,15,CVE-2021-32635,Action Commands (run/shell/exec) Against Library URIs Ignore Configured Remote Endpoint,0.930784
43,format string vulnerability in logging daemon,taumode,16,CVE-2026-3335,Canto <= 3.1.1 - Missing Authorization to Unauthenticated File Upload,0.930640
43,format string vulnerability in logging daemon,taumode,17,CVE-2026-4132,HTTP Headers <= 1.19.2 - Authenticated (Administrator+) External Control of File Name or Path to RCE via 'hh_htpasswd_path' and 'hh_www_authenticate_user' Parameters,0.930596
43,format string vulnerability in logging daemon,taumode,18,CVE-2025-62379,Open Redirect in reflex-dev/reflex,0.930404
43,format string vulnerability in logging daemon,taumode,19,CVE-2026-4281,FormLift for Infusionsoft Web Forms <= 7.5.21 - Missing Authorization to Unauthenticated Infusionsoft Connection Hijack via OAuth Connection Flow,0.930325
43,format string vulnerability in logging daemon,taumode,20,CVE-2026-33720,n8n Has Authorization Bypass in OAuth Callback via N8N_SKIP_AUTH_ON_OAUTH_CALLBACK,0.930286
43,format string vulnerability in logging daemon,taumode,21,CVE-2006-3935,(no title),0.930264
43,format string vulnerability in logging daemon,taumode,22,CVE-2019-3778,Open Redirect in spring-security-oauth2,0.930067
43,format string vulnerability in logging daemon,taumode,23,CVE-2026-32892,OS Command Injection in Chamilo LMS 1.11.36,0.929750
43,format string vulnerability in logging daemon,taumode,24,CVE-2012-4396,(no title),0.929718
43,format string vulnerability in logging daemon,taumode,25,CVE-2025-69211,Nest has a Fastify URL Encoding Middleware Bypass (TOCTOU),0.929695
44,cross-site request forgery CSRF in admin password change form,Cosine,1,CVE-2025-64429,DuckDB Encryption Crypto implementation is vulnerable,0.892288
44,cross-site request forgery CSRF in admin password change form,Cosine,2,CVE-2025-31161,(no title),0.890038
44,cross-site request forgery CSRF in admin password change form,Cosine,3,CVE-2025-56132,(no title),0.889736
44,cross-site request forgery CSRF in admin password change form,Cosine,4,CVE-2019-1010084,(no title),0.889256
44,cross-site request forgery CSRF in admin password change form,Cosine,5,CVE-2025-42615,Improper Restriction of Excessive Authentication Attempts vulnerability in CIRCL Vulnerability-Lookup,0.886844
44,cross-site request forgery CSRF in admin password change form,Cosine,6,CVE-2021-20110,(no title),0.884454
44,cross-site request forgery CSRF in admin password change form,Cosine,7,CVE-2024-21662,Argo CD vulnerable to Bypassing of Rate Limit and Brute Force Protection Using Cache Overflow,0.883284
44,cross-site request forgery CSRF in admin password change form,Cosine,8,CVE-2021-4239,Weak encryption and denial of service in github.com/flynn/noise,0.882611
44,cross-site request forgery CSRF in admin password change form,Cosine,9,CVE-2024-43655,Any authenticated users can execute OS commands as root using the <redacted>.sh CGI script.,0.882519
44,cross-site request forgery CSRF in admin password change form,Cosine,10,CVE-2024-43651,Authenticated command injection in the <redacted> action leads to full remote code execution as root on the charging station,0.882342
44,cross-site request forgery CSRF in admin password change form,Cosine,11,CVE-2015-8542,(no title),0.882067
44,cross-site request forgery CSRF in admin password change form,Cosine,12,CVE-2022-30313,(no title),0.881359
44,cross-site request forgery CSRF in admin password change form,Cosine,13,CVE-2024-3596,RADIUS Protocol under RFC2865 is vulnerable to forgery attacks.,0.880730
44,cross-site request forgery CSRF in admin password change form,Cosine,14,CVE-2026-35587,Glances IP Plugin has SSRF via public_api that leads to credential leakage,0.880665
44,cross-site request forgery CSRF in admin password change form,Cosine,15,CVE-2026-21621,Improper Scope Enforcement in OAuth client_credentials Flow Allows Read-Only API Key to Escalate to Full Access,0.880597
44,cross-site request forgery CSRF in admin password change form,Cosine,16,CVE-2026-32828,Kargo: SSRF in Promotion http/http-download Steps Enables Internal Network Access and Data Exfiltration,0.880470
44,cross-site request forgery CSRF in admin password change form,Cosine,17,CVE-2025-58434,Flowise Cloud and Local Deployments have Unauthenticated Password Reset Token Disclosure that Leads to Account Takeover,0.879596
44,cross-site request forgery CSRF in admin password change form,Cosine,18,CVE-2024-43653,Authenticated command injection in the <redacted> action leads to full remote code execution as root on the charging station,0.879428
44,cross-site request forgery CSRF in admin password change form,Cosine,19,CVE-2024-43657,"When uploading new firmware, a shell script inside a firmware file is executed during its processing. This can be used to craft a custom firmware file with a custom script with arbitrary code, which will then be executed on the charging station.",0.879191
44,cross-site request forgery CSRF in admin password change form,Cosine,20,CVE-2026-5130,Debugger & Troubleshooter <= 1.3.2 - Unauthenticated Privilege Escalation to Administrator via Cookie Manipulation,0.879043
44,cross-site request forgery CSRF in admin password change form,Cosine,21,CVE-2026-41081,Apache Storm Client: Anonymous principal assigned on TLS client certificate verification failure,0.878921
44,cross-site request forgery CSRF in admin password change form,Cosine,22,CVE-2021-39132,YAML deserialization can run untrusted code,0.878540
44,cross-site request forgery CSRF in admin password change form,Cosine,23,CVE-2025-62506,MinIO vulnerable to privilege escalation via session policy bypass in service accounts and STS,0.878208
44,cross-site request forgery CSRF in admin password change form,Cosine,24,CVE-2017-6767,(no title),0.877940
44,cross-site request forgery CSRF in admin password change form,Cosine,25,CVE-2016-9938,(no title),0.876855
44,cross-site request forgery CSRF in admin password change form,hybrid,1,CVE-2021-41090,Instance config inline secret exposure,0.881841
44,cross-site request forgery CSRF in admin password change form,hybrid,2,CVE-2019-12776,(no title),0.880911
44,cross-site request forgery CSRF in admin password change form,hybrid,3,CVE-2017-15042,(no title),0.880116
44,cross-site request forgery CSRF in admin password change form,hybrid,4,CVE-2012-6508,(no title),0.874884
44,cross-site request forgery CSRF in admin password change form,hybrid,5,CVE-2016-3648,(no title),0.873867
44,cross-site request forgery CSRF in admin password change form,hybrid,6,CVE-2023-48654,(no title),0.870928
44,cross-site request forgery CSRF in admin password change form,hybrid,7,CVE-2009-4365,(no title),0.870291
44,cross-site request forgery CSRF in admin password change form,hybrid,8,CVE-2015-7225,(no title),0.870245
44,cross-site request forgery CSRF in admin password change form,hybrid,9,CVE-2014-2684,(no title),0.870002
44,cross-site request forgery CSRF in admin password change form,hybrid,10,CVE-2024-36611,(no title),0.869661
44,cross-site request forgery CSRF in admin password change form,hybrid,11,CVE-2006-4757,(no title),0.868981
44,cross-site request forgery CSRF in admin password change form,hybrid,12,CVE-2004-2405,(no title),0.868761
44,cross-site request forgery CSRF in admin password change form,hybrid,13,CVE-2018-11004,(no title),0.868148
44,cross-site request forgery CSRF in admin password change form,hybrid,14,CVE-2024-1898,(no title),0.867672
44,cross-site request forgery CSRF in admin password change form,hybrid,15,CVE-2024-46937,(no title),0.867480
44,cross-site request forgery CSRF in admin password change form,hybrid,16,CVE-2024-45173,(no title),0.867434
44,cross-site request forgery CSRF in admin password change form,hybrid,17,CVE-2020-12446,(no title),0.867219
44,cross-site request forgery CSRF in admin password change form,hybrid,18,CVE-2012-0384,(no title),0.867176
44,cross-site request forgery CSRF in admin password change form,hybrid,19,CVE-2009-1952,(no title),0.866671
44,cross-site request forgery CSRF in admin password change form,hybrid,20,CVE-2018-15476,(no title),0.866297
44,cross-site request forgery CSRF in admin password change form,hybrid,21,CVE-2021-27927,(no title),0.866226
44,cross-site request forgery CSRF in admin password change form,hybrid,22,CVE-2025-47713,Apache CloudStack: Domain Admin can reset Admin password in Root Domain,0.866115
44,cross-site request forgery CSRF in admin password change form,hybrid,23,CVE-2008-0645,(no title),0.865355
44,cross-site request forgery CSRF in admin password change form,hybrid,24,CVE-2022-30280,(no title),0.863980
44,cross-site request forgery CSRF in admin password change form,hybrid,25,CVE-2022-34810,(no title),0.863757
44,cross-site request forgery CSRF in admin password change form,taumode,1,CVE-2019-12776,(no title),0.926431
44,cross-site request forgery CSRF in admin password change form,taumode,2,CVE-2023-48654,(no title),0.923361
44,cross-site request forgery CSRF in admin password change form,taumode,3,CVE-2009-1952,(no title),0.922009
44,cross-site request forgery CSRF in admin password change form,taumode,4,CVE-2004-2405,(no title),0.921956
44,cross-site request forgery CSRF in admin password change form,taumode,5,CVE-2017-15042,(no title),0.921560
44,cross-site request forgery CSRF in admin password change form,taumode,6,CVE-2024-1898,(no title),0.920909
44,cross-site request forgery CSRF in admin password change form,taumode,7,CVE-2008-0645,(no title),0.919987
44,cross-site request forgery CSRF in admin password change form,taumode,8,CVE-2024-36611,(no title),0.919852
44,cross-site request forgery CSRF in admin password change form,taumode,9,CVE-2024-46937,(no title),0.919521
44,cross-site request forgery CSRF in admin password change form,taumode,10,CVE-2018-11004,(no title),0.919052
44,cross-site request forgery CSRF in admin password change form,taumode,11,CVE-2009-4365,(no title),0.919007
44,cross-site request forgery CSRF in admin password change form,taumode,12,CVE-2006-5428,(no title),0.917906
44,cross-site request forgery CSRF in admin password change form,taumode,13,CVE-2016-6882,(no title),0.917720
44,cross-site request forgery CSRF in admin password change form,taumode,14,CVE-2021-41090,Instance config inline secret exposure,0.917644
44,cross-site request forgery CSRF in admin password change form,taumode,15,CVE-2022-30280,(no title),0.917627
44,cross-site request forgery CSRF in admin password change form,taumode,16,CVE-2014-1691,(no title),0.917301
44,cross-site request forgery CSRF in admin password change form,taumode,17,CVE-2002-0639,(no title),0.917074
44,cross-site request forgery CSRF in admin password change form,taumode,18,CVE-2009-2808,(no title),0.916959
44,cross-site request forgery CSRF in admin password change form,taumode,19,CVE-2025-57266,(no title),0.916357
44,cross-site request forgery CSRF in admin password change form,taumode,20,CVE-2020-23837,(no title),0.915620
44,cross-site request forgery CSRF in admin password change form,taumode,21,CVE-2020-11624,(no title),0.915532
44,cross-site request forgery CSRF in admin password change form,taumode,22,CVE-2025-68933,Discourse non-admin moderators can exfiltrate private content via post ownership transfer,0.915492
44,cross-site request forgery CSRF in admin password change form,taumode,23,CVE-2017-7947,(no title),0.915412
44,cross-site request forgery CSRF in admin password change form,taumode,24,CVE-2006-4757,(no title),0.915265
44,cross-site request forgery CSRF in admin password change form,taumode,25,CVE-2012-3367,(no title),0.914863
45,authenticated arbitrary file read path traversal,Cosine,1,CVE-2026-24516,(no title),0.875795
45,authenticated arbitrary file read path traversal,Cosine,2,CVE-2022-50255,tracing: Fix reading strings from synthetic events,0.862193
45,authenticated arbitrary file read path traversal,Cosine,3,CVE-2026-40569,FreeScout's Mass Assignment in Mailbox Connection Settings Enables Silent Email Exfiltration,0.857608
45,authenticated arbitrary file read path traversal,Cosine,4,CVE-2025-34234,Vasion Print (formerly PrinterLogic) Hardcoded Encryption Private Keys,0.857565
45,authenticated arbitrary file read path traversal,Cosine,5,CVE-2026-24046,Backstage has a Possible Symlink Path Traversal in Scaffolder Actions,0.856110
45,authenticated arbitrary file read path traversal,Cosine,6,CVE-2025-62156,argo-workflows Zip Slip path traversal allows arbitrary file write and container configuration overwrite,0.854114
45,authenticated arbitrary file read path traversal,Cosine,7,CVE-2022-23653,B2 Command Line Tool TOCTOU application key disclosure ,0.852717
45,authenticated arbitrary file read path traversal,Cosine,8,CVE-2026-24047,@backstage/cli-common has a possible `resolveSafeChildPath` Symlink Chain Bypass,0.852543
45,authenticated arbitrary file read path traversal,Cosine,9,CVE-2026-32310,Cryptomator: Unverified masterkeyfile key IDs can access arbitrary local or UNC paths,0.852243
45,authenticated arbitrary file read path traversal,Cosine,10,CVE-2025-40362,ceph: fix multifs mds auth caps issue,0.850655
45,authenticated arbitrary file read path traversal,Cosine,11,CVE-2023-24827,Credential disclosure in syft when SYFT_ATTEST_PASSWORD environment variable set in syft,0.849298
45,authenticated arbitrary file read path traversal,Cosine,12,CVE-2023-53103,bonding: restore bond's IFF_SLAVE flag if a non-eth dev enslave fails,0.849270
45,authenticated arbitrary file read path traversal,Cosine,13,CVE-2022-23506,Spinnaker's Rosco microservice vulnerable to improper log masking on AWS Packer builds,0.848841
45,authenticated arbitrary file read path traversal,Cosine,14,CVE-2023-35165,AWS CDK EKS overly permissive trust policies,0.848034
45,authenticated arbitrary file read path traversal,Cosine,15,CVE-2021-35975,(no title),0.847242
45,authenticated arbitrary file read path traversal,Cosine,16,CVE-2024-23805,F5 Application Visibility and Reporting module and BIG-IP Advanced WAF/ASM vulnerability,0.846643
45,authenticated arbitrary file read path traversal,Cosine,17,CVE-2021-46937,mm/damon/dbgfs: fix 'struct pid' leaks in 'dbgfs_target_ids_write()',0.846478
45,authenticated arbitrary file read path traversal,Cosine,18,CVE-2023-41044,Partial path traversal vulnerability in Support Bundle feature of Graylog,0.846356
45,authenticated arbitrary file read path traversal,Cosine,19,CVE-2025-63390,(no title),0.846252
45,authenticated arbitrary file read path traversal,Cosine,20,CVE-2026-23990,Flux Operator Web UI Impersonation Bypass via Empty OIDC Claims,0.846007
45,authenticated arbitrary file read path traversal,Cosine,21,CVE-2020-5846,(no title),0.844868
45,authenticated arbitrary file read path traversal,Cosine,22,CVE-2021-32635,Action Commands (run/shell/exec) Against Library URIs Ignore Configured Remote Endpoint,0.844323
45,authenticated arbitrary file read path traversal,Cosine,23,CVE-2026-40566,FreeScout vulnerable to SSRF via IMAP/SMTP Connection Test Endpoints,0.844107
45,authenticated arbitrary file read path traversal,Cosine,24,CVE-2025-47928,Spotipy repo vulnerable to secrets exfiltration via `pull_request_target`,0.843304
45,authenticated arbitrary file read path traversal,Cosine,25,CVE-2023-50260,Wazuh's vulnerability in host_deny AR script allows arbitrary command execution,0.843053
45,authenticated arbitrary file read path traversal,hybrid,1,CVE-2022-50255,tracing: Fix reading strings from synthetic events,0.900748
45,authenticated arbitrary file read path traversal,hybrid,2,CVE-2026-40569,FreeScout's Mass Assignment in Mailbox Connection Settings Enables Silent Email Exfiltration,0.897474
45,authenticated arbitrary file read path traversal,hybrid,3,CVE-2025-34234,Vasion Print (formerly PrinterLogic) Hardcoded Encryption Private Keys,0.897295
45,authenticated arbitrary file read path traversal,hybrid,4,CVE-2026-24046,Backstage has a Possible Symlink Path Traversal in Scaffolder Actions,0.896346
45,authenticated arbitrary file read path traversal,hybrid,5,CVE-2025-62156,argo-workflows Zip Slip path traversal allows arbitrary file write and container configuration overwrite,0.894959
45,authenticated arbitrary file read path traversal,hybrid,6,CVE-2026-24516,(no title),0.893960
45,authenticated arbitrary file read path traversal,hybrid,7,CVE-2022-23653,B2 Command Line Tool TOCTOU application key disclosure ,0.893942
45,authenticated arbitrary file read path traversal,hybrid,8,CVE-2026-24047,@backstage/cli-common has a possible `resolveSafeChildPath` Symlink Chain Bypass,0.893827
45,authenticated arbitrary file read path traversal,hybrid,9,CVE-2026-32310,Cryptomator: Unverified masterkeyfile key IDs can access arbitrary local or UNC paths,0.893516
45,authenticated arbitrary file read path traversal,hybrid,10,CVE-2025-40362,ceph: fix multifs mds auth caps issue,0.892438
45,authenticated arbitrary file read path traversal,hybrid,11,CVE-2023-53103,bonding: restore bond's IFF_SLAVE flag if a non-eth dev enslave fails,0.891438
45,authenticated arbitrary file read path traversal,hybrid,12,CVE-2022-23506,Spinnaker's Rosco microservice vulnerable to improper log masking on AWS Packer builds,0.891110
45,authenticated arbitrary file read path traversal,hybrid,13,CVE-2023-35165,AWS CDK EKS overly permissive trust policies,0.890535
45,authenticated arbitrary file read path traversal,hybrid,14,CVE-2021-35975,(no title),0.889984
45,authenticated arbitrary file read path traversal,hybrid,15,CVE-2021-46937,mm/damon/dbgfs: fix 'struct pid' leaks in 'dbgfs_target_ids_write()',0.889441
45,authenticated arbitrary file read path traversal,hybrid,16,CVE-2023-41044,Partial path traversal vulnerability in Support Bundle feature of Graylog,0.889370
45,authenticated arbitrary file read path traversal,hybrid,17,CVE-2025-63390,(no title),0.889181
45,authenticated arbitrary file read path traversal,hybrid,18,CVE-2026-23990,Flux Operator Web UI Impersonation Bypass via Empty OIDC Claims,0.889091
45,authenticated arbitrary file read path traversal,hybrid,19,CVE-2020-5846,(no title),0.888273
45,authenticated arbitrary file read path traversal,hybrid,20,CVE-2021-32635,Action Commands (run/shell/exec) Against Library URIs Ignore Configured Remote Endpoint,0.887906
45,authenticated arbitrary file read path traversal,hybrid,21,CVE-2025-47928,Spotipy repo vulnerable to secrets exfiltration via `pull_request_target`,0.887155
45,authenticated arbitrary file read path traversal,hybrid,22,CVE-2023-50260,Wazuh's vulnerability in host_deny AR script allows arbitrary command execution,0.886974
45,authenticated arbitrary file read path traversal,hybrid,23,CVE-2023-34252,Grav Server-side Template Injection via Insufficient Validation in filterFilter,0.886966
45,authenticated arbitrary file read path traversal,hybrid,24,CVE-2023-37264,Pipelines do not validate child UIDs,0.886734
45,authenticated arbitrary file read path traversal,hybrid,25,CVE-2023-39903,(no title),0.886051
45,authenticated arbitrary file read path traversal,taumode,1,CVE-2022-50255,tracing: Fix reading strings from synthetic events,0.942056
45,authenticated arbitrary file read path traversal,taumode,2,CVE-2026-40569,FreeScout's Mass Assignment in Mailbox Connection Settings Enables Silent Email Exfiltration,0.940189
45,authenticated arbitrary file read path traversal,taumode,3,CVE-2025-34234,Vasion Print (formerly PrinterLogic) Hardcoded Encryption Private Keys,0.939863
45,authenticated arbitrary file read path traversal,taumode,4,CVE-2026-24046,Backstage has a Possible Symlink Path Traversal in Scaffolder Actions,0.939457
45,authenticated arbitrary file read path traversal,taumode,5,CVE-2025-62156,argo-workflows Zip Slip path traversal allows arbitrary file write and container configuration overwrite,0.938721
45,authenticated arbitrary file read path traversal,taumode,6,CVE-2022-23653,B2 Command Line Tool TOCTOU application key disclosure ,0.938111
45,authenticated arbitrary file read path traversal,taumode,7,CVE-2026-24047,@backstage/cli-common has a possible `resolveSafeChildPath` Symlink Chain Bypass,0.938060
45,authenticated arbitrary file read path traversal,taumode,8,CVE-2026-32310,Cryptomator: Unverified masterkeyfile key IDs can access arbitrary local or UNC paths,0.937737
45,authenticated arbitrary file read path traversal,taumode,9,CVE-2025-40362,ceph: fix multifs mds auth caps issue,0.937204
45,authenticated arbitrary file read path traversal,taumode,10,CVE-2023-53103,bonding: restore bond's IFF_SLAVE flag if a non-eth dev enslave fails,0.936619
45,authenticated arbitrary file read path traversal,taumode,11,CVE-2022-23506,Spinnaker's Rosco microservice vulnerable to improper log masking on AWS Packer builds,0.936399
45,authenticated arbitrary file read path traversal,taumode,12,CVE-2023-35165,AWS CDK EKS overly permissive trust policies,0.936070
45,authenticated arbitrary file read path traversal,taumode,13,CVE-2021-35975,(no title),0.935780
45,authenticated arbitrary file read path traversal,taumode,14,CVE-2021-46937,mm/damon/dbgfs: fix 'struct pid' leaks in 'dbgfs_target_ids_write()',0.935472
45,authenticated arbitrary file read path traversal,taumode,15,CVE-2023-41044,Partial path traversal vulnerability in Support Bundle feature of Graylog,0.935455
45,authenticated arbitrary file read path traversal,taumode,16,CVE-2026-23990,Flux Operator Web UI Impersonation Bypass via Empty OIDC Claims,0.935253
45,authenticated arbitrary file read path traversal,taumode,17,CVE-2025-63390,(no title),0.935175
45,authenticated arbitrary file read path traversal,taumode,18,CVE-2020-5846,(no title),0.934779
45,authenticated arbitrary file read path traversal,taumode,19,CVE-2021-32635,Action Commands (run/shell/exec) Against Library URIs Ignore Configured Remote Endpoint,0.934601
45,authenticated arbitrary file read path traversal,taumode,20,CVE-2025-47928,Spotipy repo vulnerable to secrets exfiltration via `pull_request_target`,0.934137
45,authenticated arbitrary file read path traversal,taumode,21,CVE-2023-50260,Wazuh's vulnerability in host_deny AR script allows arbitrary command execution,0.934032
45,authenticated arbitrary file read path traversal,taumode,22,CVE-2023-34252,Grav Server-side Template Injection via Insufficient Validation in filterFilter,0.934020
45,authenticated arbitrary file read path traversal,taumode,23,CVE-2023-37264,Pipelines do not validate child UIDs,0.933864
45,authenticated arbitrary file read path traversal,taumode,24,CVE-2023-39903,(no title),0.933506
45,authenticated arbitrary file read path traversal,taumode,25,CVE-2023-52137,GitHub Action tj-actions/verify-changed-files is vulnerable to command injection in output filenames,0.933287
46,OS command injection in diagnostic CGI script,Cosine,1,CVE-2019-5105,(no title),0.847253
46,OS command injection in diagnostic CGI script,Cosine,2,CVE-2021-47366,afs: Fix corruption in reads at fpos 2G-4G from an OpenAFS server,0.843996
46,OS command injection in diagnostic CGI script,Cosine,3,CVE-2022-49659,"can: m_can: m_can_{read_fifo,echo_tx_event}(): shift timestamp to full 32 bits",0.841496
46,OS command injection in diagnostic CGI script,Cosine,4,CVE-2006-5143,(no title),0.840431
46,OS command injection in diagnostic CGI script,Cosine,5,CVE-2023-43744,(no title),0.838890
46,OS command injection in diagnostic CGI script,Cosine,6,CVE-2025-37973,wifi: cfg80211: fix out-of-bounds access during multi-link element defragmentation,0.838608
46,OS command injection in diagnostic CGI script,Cosine,7,CVE-2023-25005,(no title),0.836795
46,OS command injection in diagnostic CGI script,Cosine,8,CVE-2017-1000112,(no title),0.836664
46,OS command injection in diagnostic CGI script,Cosine,9,CVE-2019-9012,(no title),0.835959
46,OS command injection in diagnostic CGI script,Cosine,10,CVE-2006-5478,(no title),0.835720
46,OS command injection in diagnostic CGI script,Cosine,11,CVE-2021-22976,(no title),0.835190
46,OS command injection in diagnostic CGI script,Cosine,12,CVE-2019-9013,(no title),0.834994
46,OS command injection in diagnostic CGI script,Cosine,13,CVE-2015-4555,(no title),0.834807
46,OS command injection in diagnostic CGI script,Cosine,14,CVE-2009-0397,(no title),0.834579
46,OS command injection in diagnostic CGI script,Cosine,15,CVE-2023-52760,gfs2: Fix slab-use-after-free in gfs2_qd_dealloc,0.834540
46,OS command injection in diagnostic CGI script,Cosine,16,CVE-2025-71140,media: mediatek: vcodec: Use spinlock for context list protection lock,0.834250
46,OS command injection in diagnostic CGI script,Cosine,17,CVE-2024-50041,i40e: Fix macvlan leak by synchronizing access to mac_filter_hash,0.834062
46,OS command injection in diagnostic CGI script,Cosine,18,CVE-2025-68254,staging: rtl8723bs: fix out-of-bounds read in OnBeacon ESR IE parsing,0.833821
46,OS command injection in diagnostic CGI script,Cosine,19,CVE-2024-50045,netfilter: br_netfilter: fix panic with metadata_dst skb,0.833423
46,OS command injection in diagnostic CGI script,Cosine,20,CVE-2025-37797,net_sched: hfsc: Fix a UAF vulnerability in class handling,0.832901
46,OS command injection in diagnostic CGI script,Cosine,21,CVE-2025-32024,bep/imagemeta allows excessively large EXIF data structures,0.832759
46,OS command injection in diagnostic CGI script,Cosine,22,CVE-2025-40270,"mm, swap: fix potential UAF issue for VMA readahead",0.832703
46,OS command injection in diagnostic CGI script,Cosine,23,CVE-2024-39472,xfs: fix log recovery buffer allocation for the legacy h_size fixup,0.832655
46,OS command injection in diagnostic CGI script,Cosine,24,CVE-2002-1125,(no title),0.832298
46,OS command injection in diagnostic CGI script,Cosine,25,CVE-2026-41564,CryptX versions before 0.088 for Perl do not reseed the Crypt::PK PRNG state after forking,0.832177
46,OS command injection in diagnostic CGI script,hybrid,1,CVE-2019-5105,(no title),0.889987
46,OS command injection in diagnostic CGI script,hybrid,2,CVE-2021-47366,afs: Fix corruption in reads at fpos 2G-4G from an OpenAFS server,0.887668
46,OS command injection in diagnostic CGI script,hybrid,3,CVE-2022-49659,"can: m_can: m_can_{read_fifo,echo_tx_event}(): shift timestamp to full 32 bits",0.885863
46,OS command injection in diagnostic CGI script,hybrid,4,CVE-2006-5143,(no title),0.884995
46,OS command injection in diagnostic CGI script,hybrid,5,CVE-2023-43744,(no title),0.883972
46,OS command injection in diagnostic CGI script,hybrid,6,CVE-2025-37973,wifi: cfg80211: fix out-of-bounds access during multi-link element defragmentation,0.883763
46,OS command injection in diagnostic CGI script,hybrid,7,CVE-2023-25005,(no title),0.882463
46,OS command injection in diagnostic CGI script,hybrid,8,CVE-2017-1000112,(no title),0.882363
46,OS command injection in diagnostic CGI script,hybrid,9,CVE-2019-9012,(no title),0.881882
46,OS command injection in diagnostic CGI script,hybrid,10,CVE-2006-5478,(no title),0.881706
46,OS command injection in diagnostic CGI script,hybrid,11,CVE-2021-22976,(no title),0.881301
46,OS command injection in diagnostic CGI script,hybrid,12,CVE-2019-9013,(no title),0.881180
46,OS command injection in diagnostic CGI script,hybrid,13,CVE-2015-4555,(no title),0.881058
46,OS command injection in diagnostic CGI script,hybrid,14,CVE-2023-52760,gfs2: Fix slab-use-after-free in gfs2_qd_dealloc,0.880827
46,OS command injection in diagnostic CGI script,hybrid,15,CVE-2025-71140,media: mediatek: vcodec: Use spinlock for context list protection lock,0.880632
46,OS command injection in diagnostic CGI script,hybrid,16,CVE-2024-50041,i40e: Fix macvlan leak by synchronizing access to mac_filter_hash,0.880499
46,OS command injection in diagnostic CGI script,hybrid,17,CVE-2025-68254,staging: rtl8723bs: fix out-of-bounds read in OnBeacon ESR IE parsing,0.880326
46,OS command injection in diagnostic CGI script,hybrid,18,CVE-2024-50045,netfilter: br_netfilter: fix panic with metadata_dst skb,0.880059
46,OS command injection in diagnostic CGI script,hybrid,19,CVE-2025-37797,net_sched: hfsc: Fix a UAF vulnerability in class handling,0.879687
46,OS command injection in diagnostic CGI script,hybrid,20,CVE-2025-32024,bep/imagemeta allows excessively large EXIF data structures,0.879510
46,OS command injection in diagnostic CGI script,hybrid,21,CVE-2025-40270,"mm, swap: fix potential UAF issue for VMA readahead",0.879503
46,OS command injection in diagnostic CGI script,hybrid,22,CVE-2024-39472,xfs: fix log recovery buffer allocation for the legacy h_size fixup,0.879476
46,OS command injection in diagnostic CGI script,hybrid,23,CVE-2002-1125,(no title),0.879214
46,OS command injection in diagnostic CGI script,hybrid,24,CVE-2026-41564,CryptX versions before 0.088 for Perl do not reseed the Crypt::PK PRNG state after forking,0.879107
46,OS command injection in diagnostic CGI script,hybrid,25,CVE-2017-8367,(no title),0.878887
46,OS command injection in diagnostic CGI script,taumode,1,CVE-2019-5105,(no title),0.935773
46,OS command injection in diagnostic CGI script,taumode,2,CVE-2021-47366,afs: Fix corruption in reads at fpos 2G-4G from an OpenAFS server,0.934459
46,OS command injection in diagnostic CGI script,taumode,3,CVE-2022-49659,"can: m_can: m_can_{read_fifo,echo_tx_event}(): shift timestamp to full 32 bits",0.933398
46,OS command injection in diagnostic CGI script,taumode,4,CVE-2006-5143,(no title),0.932742
46,OS command injection in diagnostic CGI script,taumode,5,CVE-2023-43744,(no title),0.932274
46,OS command injection in diagnostic CGI script,taumode,6,CVE-2025-37973,wifi: cfg80211: fix out-of-bounds access during multi-link element defragmentation,0.932143
46,OS command injection in diagnostic CGI script,taumode,7,CVE-2023-25005,(no title),0.931394
46,OS command injection in diagnostic CGI script,taumode,8,CVE-2017-1000112,(no title),0.931325
46,OS command injection in diagnostic CGI script,taumode,9,CVE-2019-9012,(no title),0.931085
46,OS command injection in diagnostic CGI script,taumode,10,CVE-2006-5478,(no title),0.930976
46,OS command injection in diagnostic CGI script,taumode,11,CVE-2021-22976,(no title),0.930706
46,OS command injection in diagnostic CGI script,taumode,12,CVE-2019-9013,(no title),0.930665
46,OS command injection in diagnostic CGI script,taumode,13,CVE-2015-4555,(no title),0.930612
46,OS command injection in diagnostic CGI script,taumode,14,CVE-2023-52760,gfs2: Fix slab-use-after-free in gfs2_qd_dealloc,0.930420
46,OS command injection in diagnostic CGI script,taumode,15,CVE-2025-71140,media: mediatek: vcodec: Use spinlock for context list protection lock,0.930327
46,OS command injection in diagnostic CGI script,taumode,16,CVE-2024-50041,i40e: Fix macvlan leak by synchronizing access to mac_filter_hash,0.930253
46,OS command injection in diagnostic CGI script,taumode,17,CVE-2025-68254,staging: rtl8723bs: fix out-of-bounds read in OnBeacon ESR IE parsing,0.930152
46,OS command injection in diagnostic CGI script,taumode,18,CVE-2024-50045,netfilter: br_netfilter: fix panic with metadata_dst skb,0.930026
46,OS command injection in diagnostic CGI script,taumode,19,CVE-2025-37797,net_sched: hfsc: Fix a UAF vulnerability in class handling,0.929815
46,OS command injection in diagnostic CGI script,taumode,20,CVE-2025-40270,"mm, swap: fix potential UAF issue for VMA readahead",0.929645
46,OS command injection in diagnostic CGI script,taumode,21,CVE-2024-39472,xfs: fix log recovery buffer allocation for the legacy h_size fixup,0.929642
46,OS command injection in diagnostic CGI script,taumode,22,CVE-2025-32024,bep/imagemeta allows excessively large EXIF data structures,0.929600
46,OS command injection in diagnostic CGI script,taumode,23,CVE-2002-1125,(no title),0.929482
46,OS command injection in diagnostic CGI script,taumode,24,CVE-2026-41564,CryptX versions before 0.088 for Perl do not reseed the Crypt::PK PRNG state after forking,0.929390
46,OS command injection in diagnostic CGI script,taumode,25,CVE-2016-10305,(no title),0.929292
47,improper neutralization of CRLF in mail gateway,Cosine,1,CVE-2026-33182,Saloon is vulnerable to SSRF and credential leakage via absolute URL in endpoint overriding base URL,0.878325
47,improper neutralization of CRLF in mail gateway,Cosine,2,CVE-2025-6087,SSRF vulnerability in opennextjs-cloudflare via /_next/image endpoint,0.878183
47,improper neutralization of CRLF in mail gateway,Cosine,3,CVE-2015-3141,(no title),0.878013
47,improper neutralization of CRLF in mail gateway,Cosine,4,CVE-2026-32812,Admidio Vulnerable to SSRF and Local File Read via Unrestricted URL Fetch in SSO Metadata Endpoint,0.876340
47,improper neutralization of CRLF in mail gateway,Cosine,5,CVE-2011-3684,(no title),0.876250
47,improper neutralization of CRLF in mail gateway,Cosine,6,CVE-2025-62427,Server-Side Request Forgery (SSRF) in Angular SSR,0.874320
47,improper neutralization of CRLF in mail gateway,Cosine,7,CVE-2022-3918,(no title),0.873249
47,improper neutralization of CRLF in mail gateway,Cosine,8,CVE-2020-11767,(no title),0.873106
47,improper neutralization of CRLF in mail gateway,Cosine,9,CVE-2015-6509,(no title),0.872469
47,improper neutralization of CRLF in mail gateway,Cosine,10,CVE-2025-64067,(no title),0.872333
47,improper neutralization of CRLF in mail gateway,Cosine,11,CVE-2012-3805,(no title),0.872052
47,improper neutralization of CRLF in mail gateway,Cosine,12,CVE-2007-5403,(no title),0.871974
47,improper neutralization of CRLF in mail gateway,Cosine,13,CVE-2007-0186,(no title),0.871035
47,improper neutralization of CRLF in mail gateway,Cosine,14,CVE-2012-3836,(no title),0.869923
47,improper neutralization of CRLF in mail gateway,Cosine,15,CVE-2014-4309,(no title),0.869407
47,improper neutralization of CRLF in mail gateway,Cosine,16,CVE-2013-2107,(no title),0.869301
47,improper neutralization of CRLF in mail gateway,Cosine,17,CVE-2022-35924,Verification requests (magic link) sent to unwanted emails,0.868122
47,improper neutralization of CRLF in mail gateway,Cosine,18,CVE-2011-4670,(no title),0.867638
47,improper neutralization of CRLF in mail gateway,Cosine,19,CVE-2010-5315,(no title),0.866805
47,improper neutralization of CRLF in mail gateway,Cosine,20,CVE-2026-35587,Glances IP Plugin has SSRF via public_api that leads to credential leakage,0.866780
47,improper neutralization of CRLF in mail gateway,Cosine,21,CVE-2025-55045,(no title),0.866717
47,improper neutralization of CRLF in mail gateway,Cosine,22,CVE-2025-34230,Vasion Print (formerly PrinterLogic) Blind SSRF via HP log_off_single_sign_on.php,0.865846
47,improper neutralization of CRLF in mail gateway,Cosine,23,CVE-2026-27739,Angular SSR is vulnerable to SSRF and Header Injection via request handling pipeline,0.865785
47,improper neutralization of CRLF in mail gateway,Cosine,24,CVE-2014-4964,(no title),0.865450
47,improper neutralization of CRLF in mail gateway,Cosine,25,CVE-2022-39369,Service Hostname Discovery Exploitation in phpCAS,0.865429
47,improper neutralization of CRLF in mail gateway,hybrid,1,CVE-2007-0186,(no title),0.903128
47,improper neutralization of CRLF in mail gateway,hybrid,2,CVE-2025-55045,(no title),0.895099
47,improper neutralization of CRLF in mail gateway,hybrid,3,CVE-2009-3017,(no title),0.892541
47,improper neutralization of CRLF in mail gateway,hybrid,4,CVE-2014-10014,(no title),0.891478
47,improper neutralization of CRLF in mail gateway,hybrid,5,CVE-2021-31762,(no title),0.890574
47,improper neutralization of CRLF in mail gateway,hybrid,6,CVE-2021-21644,(no title),0.889935
47,improper neutralization of CRLF in mail gateway,hybrid,7,CVE-2014-9407,(no title),0.889774
47,improper neutralization of CRLF in mail gateway,hybrid,8,CVE-2014-3577,(no title),0.889429
47,improper neutralization of CRLF in mail gateway,hybrid,9,CVE-2013-5954,(no title),0.889256
47,improper neutralization of CRLF in mail gateway,hybrid,10,CVE-2018-11633,(no title),0.887616
47,improper neutralization of CRLF in mail gateway,hybrid,11,CVE-2023-48293,XWiki Admin Tools Application CSRF with QueryOnXWiki allows arbitrary database queries,0.887500
47,improper neutralization of CRLF in mail gateway,hybrid,12,CVE-2009-4571,(no title),0.887373
47,improper neutralization of CRLF in mail gateway,hybrid,13,CVE-2026-1857,Gutenberg Blocks with AI by Kadence WP <= 3.6.1 - Authenticated (Contributor+) Server-Side Request Forgery via 'endpoint' Parameter,0.887346
47,improper neutralization of CRLF in mail gateway,hybrid,14,CVE-2014-3111,(no title),0.886434
47,improper neutralization of CRLF in mail gateway,hybrid,15,CVE-2026-3460,REST API TO MiniProgram <= 5.1.2 - Authenticated (Subscriber+) Insecure Direct Object Reference via 'userid' REST API Parameter,0.885957
47,improper neutralization of CRLF in mail gateway,hybrid,16,CVE-2023-48653,(no title),0.885919
47,improper neutralization of CRLF in mail gateway,hybrid,17,CVE-2026-31845,(no title),0.885810
47,improper neutralization of CRLF in mail gateway,hybrid,18,CVE-2011-5318,(no title),0.885174
47,improper neutralization of CRLF in mail gateway,hybrid,19,CVE-2026-25726,Cloudreve is vulnerable to Account Takeover via Weak Cryptographic Token Generation (Insecure PRNG Seeding),0.884318
47,improper neutralization of CRLF in mail gateway,hybrid,20,CVE-2006-4985,(no title),0.884266
47,improper neutralization of CRLF in mail gateway,hybrid,21,CVE-2026-5488,ExactMetrics <= 9.1.2 - Authenticated (Subscriber+) Missing Authorization to Google Ads Access Token Retrieval via AJAX Action 'exactmetrics_ads_get_token',0.884248
47,improper neutralization of CRLF in mail gateway,hybrid,22,CVE-2024-13301,OAuth & OpenID Connect Single Sign On – SSO (OAuth/OIDC Client) - Critical - Cross Site Scripting - SA-CONTRIB-2024-067,0.884149
47,improper neutralization of CRLF in mail gateway,hybrid,23,CVE-2013-2671,(no title),0.884111
47,improper neutralization of CRLF in mail gateway,hybrid,24,CVE-2026-32890,Anchorr: Stored XSS in User Mapping dropdown allows unprivileged Discord users to exfiltrate all secrets via /api/config,0.883855
47,improper neutralization of CRLF in mail gateway,hybrid,25,CVE-2026-3595,Riaxe Product Customizer <= 2.1.2 - Unauthenticated Arbitrary User Deletion via 'user_id' Parameter,0.883552
47,improper neutralization of CRLF in mail gateway,taumode,1,CVE-2007-0186,(no title),0.937513
47,improper neutralization of CRLF in mail gateway,taumode,2,CVE-2009-3017,(no title),0.936916
47,improper neutralization of CRLF in mail gateway,taumode,3,CVE-2021-21644,(no title),0.933245
47,improper neutralization of CRLF in mail gateway,taumode,4,CVE-2014-10014,(no title),0.932731
47,improper neutralization of CRLF in mail gateway,taumode,5,CVE-2023-48653,(no title),0.932385
47,improper neutralization of CRLF in mail gateway,taumode,6,CVE-2013-2671,(no title),0.931425
47,improper neutralization of CRLF in mail gateway,taumode,7,CVE-2023-48293,XWiki Admin Tools Application CSRF with QueryOnXWiki allows arbitrary database queries,0.930082
47,improper neutralization of CRLF in mail gateway,taumode,8,CVE-2005-3997,(no title),0.929721
47,improper neutralization of CRLF in mail gateway,taumode,9,CVE-2017-5368,(no title),0.929518
47,improper neutralization of CRLF in mail gateway,taumode,10,CVE-2026-32890,Anchorr: Stored XSS in User Mapping dropdown allows unprivileged Discord users to exfiltrate all secrets via /api/config,0.929515
47,improper neutralization of CRLF in mail gateway,taumode,11,CVE-2018-11586,(no title),0.929284
47,improper neutralization of CRLF in mail gateway,taumode,12,CVE-2026-2879,GetGenie <= 4.3.2 - Insecure Direct Object Reference to Authenticated (Author+) Arbitrary Post Overwrite/Deletion,0.929276
47,improper neutralization of CRLF in mail gateway,taumode,13,CVE-2018-11633,(no title),0.928589
47,improper neutralization of CRLF in mail gateway,taumode,14,CVE-2026-25726,Cloudreve is vulnerable to Account Takeover via Weak Cryptographic Token Generation (Insecure PRNG Seeding),0.928584
47,improper neutralization of CRLF in mail gateway,taumode,15,CVE-2026-3460,REST API TO MiniProgram <= 5.1.2 - Authenticated (Subscriber+) Insecure Direct Object Reference via 'userid' REST API Parameter,0.928339
47,improper neutralization of CRLF in mail gateway,taumode,16,CVE-2026-4283,WP DSGVO Tools (GDPR) <= 3.1.38 - Missing Authorization to Unauthenticated Account Destruction of Non-Admin Users,0.928232
47,improper neutralization of CRLF in mail gateway,taumode,17,CVE-2013-4881,(no title),0.928107
47,improper neutralization of CRLF in mail gateway,taumode,18,CVE-2014-3111,(no title),0.927554
47,improper neutralization of CRLF in mail gateway,taumode,19,CVE-2010-2281,(no title),0.927533
47,improper neutralization of CRLF in mail gateway,taumode,20,CVE-2014-9407,(no title),0.927326
47,improper neutralization of CRLF in mail gateway,taumode,21,CVE-2005-1440,(no title),0.926759
47,improper neutralization of CRLF in mail gateway,taumode,22,CVE-2025-64717,ZITADEL vulnerable to Account Takeover with deactivated Instance IdP,0.926740
47,improper neutralization of CRLF in mail gateway,taumode,23,CVE-2014-3577,(no title),0.926476
47,improper neutralization of CRLF in mail gateway,taumode,24,CVE-2013-5954,(no title),0.926322
47,improper neutralization of CRLF in mail gateway,taumode,25,CVE-2026-2442,Pagelayer <= 2.0.7 - Improper Neutralization of CRLF Sequences to Unauthenticated Email Header Injection via 'email',0.926232
48,directory traversal in backup restore endpoint,Cosine,1,CVE-2025-68352,spi: ch341: fix out-of-bounds memory access in ch341_transfer_one,0.799507
48,directory traversal in backup restore endpoint,Cosine,2,CVE-2021-30019,(no title),0.793023
48,directory traversal in backup restore endpoint,Cosine,3,CVE-2020-14309,(no title),0.788648
48,directory traversal in backup restore endpoint,Cosine,4,CVE-2018-10540,(no title),0.787972
48,directory traversal in backup restore endpoint,Cosine,5,CVE-2025-59729,Heap-buffer-overflow read in FFmpeg DHAV get_duration,0.787429
48,directory traversal in backup restore endpoint,Cosine,6,CVE-2023-53474,x86/MCE/AMD: Use an u64 for bank_map,0.784514
48,directory traversal in backup restore endpoint,Cosine,7,CVE-2010-3014,(no title),0.783342
48,directory traversal in backup restore endpoint,Cosine,8,CVE-2017-11640,(no title),0.782572
48,directory traversal in backup restore endpoint,Cosine,9,CVE-2020-14937,(no title),0.781944
48,directory traversal in backup restore endpoint,Cosine,10,CVE-2022-28658,(no title),0.781048
48,directory traversal in backup restore endpoint,Cosine,11,CVE-2022-48665,exfat: fix overflow for large capacity partition,0.780232
48,directory traversal in backup restore endpoint,Cosine,12,CVE-2022-24795,Buffer Overflow and Integer Overflow in yajl-ruby,0.779991
48,directory traversal in backup restore endpoint,Cosine,13,CVE-2019-6488,(no title),0.779051
48,directory traversal in backup restore endpoint,Cosine,14,CVE-2023-53707,drm/amdgpu: Fix integer overflow in amdgpu_cs_pass1,0.778741
48,directory traversal in backup restore endpoint,Cosine,15,CVE-2018-10539,(no title),0.778653
48,directory traversal in backup restore endpoint,Cosine,16,CVE-2019-13238,(no title),0.778150
48,directory traversal in backup restore endpoint,Cosine,17,CVE-2019-17211,(no title),0.778132
48,directory traversal in backup restore endpoint,Cosine,18,CVE-2016-8705,(no title),0.777549
48,directory traversal in backup restore endpoint,Cosine,19,CVE-2021-47444,drm/edid: In connector_bad_edid() cap num_of_ext by num_blocks read,0.777464
48,directory traversal in backup restore endpoint,Cosine,20,CVE-2024-53425,(no title),0.777436
48,directory traversal in backup restore endpoint,Cosine,21,CVE-2024-34195,(no title),0.777391
48,directory traversal in backup restore endpoint,Cosine,22,CVE-2024-49970,drm/amd/display: Implement bounds check for stream encoder creation in DCN401,0.777357
48,directory traversal in backup restore endpoint,Cosine,23,CVE-2023-53786,dm flakey: fix a crash with invalid table line,0.777351
48,directory traversal in backup restore endpoint,Cosine,24,CVE-2017-11535,(no title),0.777136
48,directory traversal in backup restore endpoint,Cosine,25,CVE-2024-35807,ext4: fix corruption during on-line resize,0.776935
48,directory traversal in backup restore endpoint,hybrid,1,CVE-2025-68352,spi: ch341: fix out-of-bounds memory access in ch341_transfer_one,0.855602
48,directory traversal in backup restore endpoint,hybrid,2,CVE-2021-30019,(no title),0.850958
48,directory traversal in backup restore endpoint,hybrid,3,CVE-2020-14309,(no title),0.847740
48,directory traversal in backup restore endpoint,hybrid,4,CVE-2018-10540,(no title),0.847293
48,directory traversal in backup restore endpoint,hybrid,5,CVE-2025-59729,Heap-buffer-overflow read in FFmpeg DHAV get_duration,0.846890
48,directory traversal in backup restore endpoint,hybrid,6,CVE-2023-53474,x86/MCE/AMD: Use an u64 for bank_map,0.844803
48,directory traversal in backup restore endpoint,hybrid,7,CVE-2010-3014,(no title),0.843912
48,directory traversal in backup restore endpoint,hybrid,8,CVE-2017-11640,(no title),0.843380
48,directory traversal in backup restore endpoint,hybrid,9,CVE-2020-14937,(no title),0.842927
48,directory traversal in backup restore endpoint,hybrid,10,CVE-2022-28658,(no title),0.842283
48,directory traversal in backup restore endpoint,hybrid,11,CVE-2022-48665,exfat: fix overflow for large capacity partition,0.841700
48,directory traversal in backup restore endpoint,hybrid,12,CVE-2022-24795,Buffer Overflow and Integer Overflow in yajl-ruby,0.841558
48,directory traversal in backup restore endpoint,hybrid,13,CVE-2023-53707,drm/amdgpu: Fix integer overflow in amdgpu_cs_pass1,0.840689
48,directory traversal in backup restore endpoint,hybrid,14,CVE-2018-10539,(no title),0.840569
48,directory traversal in backup restore endpoint,hybrid,15,CVE-2019-13238,(no title),0.840243
48,directory traversal in backup restore endpoint,hybrid,16,CVE-2021-47444,drm/edid: In connector_bad_edid() cap num_of_ext by num_blocks read,0.839732
48,directory traversal in backup restore endpoint,hybrid,17,CVE-2024-53425,(no title),0.839715
48,directory traversal in backup restore endpoint,hybrid,18,CVE-2023-53786,dm flakey: fix a crash with invalid table line,0.839692
48,directory traversal in backup restore endpoint,hybrid,19,CVE-2024-34195,(no title),0.839673
48,directory traversal in backup restore endpoint,hybrid,20,CVE-2024-49970,drm/amd/display: Implement bounds check for stream encoder creation in DCN401,0.839624
48,directory traversal in backup restore endpoint,hybrid,21,CVE-2017-11535,(no title),0.839478
48,directory traversal in backup restore endpoint,hybrid,22,CVE-2024-35807,ext4: fix corruption during on-line resize,0.839344
48,directory traversal in backup restore endpoint,hybrid,23,CVE-2021-47501,i40e: Fix NULL pointer dereference in i40e_dbg_dump_desc,0.839111
48,directory traversal in backup restore endpoint,hybrid,24,CVE-2023-53320,scsi: mpi3mr: Fix issues in mpi3mr_get_all_tgt_info(),0.838720
48,directory traversal in backup restore endpoint,hybrid,25,CVE-2023-52768,wifi: wilc1000: use vmm_table as array in wilc struct,0.838662
48,directory traversal in backup restore endpoint,taumode,1,CVE-2025-68352,spi: ch341: fix out-of-bounds memory access in ch341_transfer_one,0.915704
48,directory traversal in backup restore endpoint,taumode,2,CVE-2021-30019,(no title),0.913031
48,directory traversal in backup restore endpoint,taumode,3,CVE-2020-14309,(no title),0.911053
48,directory traversal in backup restore endpoint,taumode,4,CVE-2018-10540,(no title),0.910851
48,directory traversal in backup restore endpoint,taumode,5,CVE-2025-59729,Heap-buffer-overflow read in FFmpeg DHAV get_duration,0.910599
48,directory traversal in backup restore endpoint,taumode,6,CVE-2023-53474,x86/MCE/AMD: Use an u64 for bank_map,0.909399
48,directory traversal in backup restore endpoint,taumode,7,CVE-2010-3014,(no title),0.908809
48,directory traversal in backup restore endpoint,taumode,8,CVE-2017-11640,(no title),0.908530
48,directory traversal in backup restore endpoint,taumode,9,CVE-2020-14937,(no title),0.908266
48,directory traversal in backup restore endpoint,taumode,10,CVE-2022-28658,(no title),0.907892
48,directory traversal in backup restore endpoint,taumode,11,CVE-2022-48665,exfat: fix overflow for large capacity partition,0.907559
48,directory traversal in backup restore endpoint,taumode,12,CVE-2022-24795,Buffer Overflow and Integer Overflow in yajl-ruby,0.907522
48,directory traversal in backup restore endpoint,taumode,13,CVE-2023-53707,drm/amdgpu: Fix integer overflow in amdgpu_cs_pass1,0.907063
48,directory traversal in backup restore endpoint,taumode,14,CVE-2018-10539,(no title),0.906908
48,directory traversal in backup restore endpoint,taumode,15,CVE-2019-13238,(no title),0.906772
48,directory traversal in backup restore endpoint,taumode,16,CVE-2023-53786,dm flakey: fix a crash with invalid table line,0.906486
48,directory traversal in backup restore endpoint,taumode,17,CVE-2021-47444,drm/edid: In connector_bad_edid() cap num_of_ext by num_blocks read,0.906448
48,directory traversal in backup restore endpoint,taumode,18,CVE-2024-53425,(no title),0.906442
48,directory traversal in backup restore endpoint,taumode,19,CVE-2024-34195,(no title),0.906404
48,directory traversal in backup restore endpoint,taumode,20,CVE-2024-49970,drm/amd/display: Implement bounds check for stream encoder creation in DCN401,0.906340
48,directory traversal in backup restore endpoint,taumode,21,CVE-2017-11535,(no title),0.906273
48,directory traversal in backup restore endpoint,taumode,22,CVE-2024-35807,ext4: fix corruption during on-line resize,0.906211
48,directory traversal in backup restore endpoint,taumode,23,CVE-2021-47501,i40e: Fix NULL pointer dereference in i40e_dbg_dump_desc,0.906057
48,directory traversal in backup restore endpoint,taumode,24,CVE-2023-53320,scsi: mpi3mr: Fix issues in mpi3mr_get_all_tgt_info(),0.905828
48,directory traversal in backup restore endpoint,taumode,25,CVE-2021-47182,scsi: core: Fix scsi_mode_sense() buffer length handling,0.905770
49,SQL injection in login endpoint,Cosine,1,CVE-2025-4235,User-ID Credential Agent: Cleartext Exposure of Service Account password,0.825831
49,SQL injection in login endpoint,Cosine,2,CVE-2013-0135,(no title),0.814007
49,SQL injection in login endpoint,Cosine,3,CVE-2022-39369,Service Hostname Discovery Exploitation in phpCAS,0.812786
49,SQL injection in login endpoint,Cosine,4,CVE-2026-25045,Budibase Critical Privilege Escalation & IDOR via Missing RBAC on User Role Management (Creator-Role),0.811754
49,SQL injection in login endpoint,Cosine,5,CVE-2024-13301,OAuth & OpenID Connect Single Sign On – SSO (OAuth/OIDC Client) - Critical - Cross Site Scripting - SA-CONTRIB-2024-067,0.810199
49,SQL injection in login endpoint,Cosine,6,CVE-2006-5303,(no title),0.810116
49,SQL injection in login endpoint,Cosine,7,CVE-2019-1003037,(no title),0.808873
49,SQL injection in login endpoint,Cosine,8,CVE-2015-7494,(no title),0.807787
49,SQL injection in login endpoint,Cosine,9,CVE-2023-50291,Apache Solr: System Property redaction logic inconsistency can lead to leaked passwords,0.806504
49,SQL injection in login endpoint,Cosine,10,CVE-2026-40193,Maddy Mail Server: LDAP Filter Injection via Unsanitized Username,0.806276
49,SQL injection in login endpoint,Cosine,11,CVE-2024-25106,OpenObserve Unauthorized Access Vulnerability in Users API,0.805902
49,SQL injection in login endpoint,Cosine,12,CVE-2022-35924,Verification requests (magic link) sent to unwanted emails,0.804790
49,SQL injection in login endpoint,Cosine,13,CVE-2024-32003,Dusk plugin may allow unfettered user authentication in misconfigured installs,0.804411
49,SQL injection in login endpoint,Cosine,14,CVE-2006-3172,(no title),0.804020
49,SQL injection in login endpoint,Cosine,15,CVE-2026-33663,n8n Vulnerable to Credential Theft via Name-Based Resolution and Permission Checker Bypass in Community Edition,0.802936
49,SQL injection in login endpoint,Cosine,16,CVE-2008-6706,(no title),0.802785
49,SQL injection in login endpoint,Cosine,17,CVE-2023-1893,Login Configurator <= 2.1 - Reflected Cross-Site Scripting,0.802732
49,SQL injection in login endpoint,Cosine,18,CVE-2011-5230,(no title),0.801656
49,SQL injection in login endpoint,Cosine,19,CVE-2025-57254,(no title),0.801326
49,SQL injection in login endpoint,Cosine,20,CVE-2026-25125,October CMS: Environment Variable Exfiltration via INI Parser Interpolation,0.800467
49,SQL injection in login endpoint,Cosine,21,CVE-2016-9554,(no title),0.798982
49,SQL injection in login endpoint,Cosine,22,CVE-2022-35943,SameSite may allow cross-site request forgery (CSRF) protection to be bypassed,0.798348
49,SQL injection in login endpoint,Cosine,23,CVE-2025-70146,(no title),0.798298
49,SQL injection in login endpoint,Cosine,24,CVE-2025-23203,Icinga has rest API endpoints accessible to restricted users,0.798030
49,SQL injection in login endpoint,Cosine,25,CVE-2026-27702,Budibase Vulnerable to Remote Code Execution via Unsafe eval() in View Filter Map Function (Budibase Cloud),0.797982
49,SQL injection in login endpoint,hybrid,1,CVE-2026-25045,Budibase Critical Privilege Escalation & IDOR via Missing RBAC on User Role Management (Creator-Role),0.863824
49,SQL injection in login endpoint,hybrid,2,CVE-2025-4235,User-ID Credential Agent: Cleartext Exposure of Service Account password,0.857588
49,SQL injection in login endpoint,hybrid,3,CVE-2024-13301,OAuth & OpenID Connect Single Sign On – SSO (OAuth/OIDC Client) - Critical - Cross Site Scripting - SA-CONTRIB-2024-067,0.856249
49,SQL injection in login endpoint,hybrid,4,CVE-2019-6716,(no title),0.848710
49,SQL injection in login endpoint,hybrid,5,CVE-2014-9145,(no title),0.847497
49,SQL injection in login endpoint,hybrid,6,CVE-2022-35943,SameSite may allow cross-site request forgery (CSRF) protection to be bypassed,0.847309
49,SQL injection in login endpoint,hybrid,7,CVE-2023-50291,Apache Solr: System Property redaction logic inconsistency can lead to leaked passwords,0.843182
49,SQL injection in login endpoint,hybrid,8,CVE-2013-0135,(no title),0.842983
49,SQL injection in login endpoint,hybrid,9,CVE-2022-39369,Service Hostname Discovery Exploitation in phpCAS,0.841985
49,SQL injection in login endpoint,hybrid,10,CVE-2026-31820,Sylius affected by IDOR in Cart and Checkout LiveComponents,0.840704
49,SQL injection in login endpoint,hybrid,11,CVE-2006-5303,(no title),0.840155
49,SQL injection in login endpoint,hybrid,12,CVE-2004-2551,(no title),0.839573
49,SQL injection in login endpoint,hybrid,13,CVE-2019-1003037,(no title),0.839260
49,SQL injection in login endpoint,hybrid,14,CVE-2015-2351,(no title),0.838601
49,SQL injection in login endpoint,hybrid,15,CVE-2015-7494,(no title),0.838442
49,SQL injection in login endpoint,hybrid,16,CVE-2021-35484,(no title),0.838071
49,SQL injection in login endpoint,hybrid,17,CVE-2026-40193,Maddy Mail Server: LDAP Filter Injection via Unsanitized Username,0.837351
49,SQL injection in login endpoint,hybrid,18,CVE-2024-25106,OpenObserve Unauthorized Access Vulnerability in Users API,0.837088
49,SQL injection in login endpoint,hybrid,19,CVE-2026-4880,Barcode Scanner (+Mobile App) <= 1.11.0 - Unauthenticated Privilege Escalation via Insecure Token Authentication,0.836953
49,SQL injection in login endpoint,hybrid,20,CVE-2012-1665,(no title),0.836878
49,SQL injection in login endpoint,hybrid,21,CVE-2023-47298,(no title),0.836410
49,SQL injection in login endpoint,hybrid,22,CVE-2022-35924,Verification requests (magic link) sent to unwanted emails,0.836270
49,SQL injection in login endpoint,hybrid,23,CVE-2024-32003,Dusk plugin may allow unfettered user authentication in misconfigured installs,0.835944
49,SQL injection in login endpoint,hybrid,24,CVE-2024-3150,Privilege Escalation in mintplex-labs/anything-llm,0.835503
49,SQL injection in login endpoint,hybrid,25,CVE-2014-4309,(no title),0.835298
49,SQL injection in login endpoint,taumode,1,CVE-2026-25045,Budibase Critical Privilege Escalation & IDOR via Missing RBAC on User Role Management (Creator-Role),0.919614
49,SQL injection in login endpoint,taumode,2,CVE-2019-6716,(no title),0.906442
49,SQL injection in login endpoint,taumode,3,CVE-2024-13301,OAuth & OpenID Connect Single Sign On – SSO (OAuth/OIDC Client) - Critical - Cross Site Scripting - SA-CONTRIB-2024-067,0.905589
49,SQL injection in login endpoint,taumode,4,CVE-2014-9145,(no title),0.905426
49,SQL injection in login endpoint,taumode,5,CVE-2026-4880,Barcode Scanner (+Mobile App) <= 1.11.0 - Unauthenticated Privilege Escalation via Insecure Token Authentication,0.904841
49,SQL injection in login endpoint,taumode,6,CVE-2004-2551,(no title),0.904126
49,SQL injection in login endpoint,taumode,7,CVE-2026-31820,Sylius affected by IDOR in Cart and Checkout LiveComponents,0.902069
49,SQL injection in login endpoint,taumode,8,CVE-2012-5648,(no title),0.902011
49,SQL injection in login endpoint,taumode,9,CVE-2026-3595,Riaxe Product Customizer <= 2.1.2 - Unauthenticated Arbitrary User Deletion via 'user_id' Parameter,0.901571
49,SQL injection in login endpoint,taumode,10,CVE-2018-8811,(no title),0.900771
49,SQL injection in login endpoint,taumode,11,CVE-2020-22165,(no title),0.900603
49,SQL injection in login endpoint,taumode,12,CVE-2022-35943,SameSite may allow cross-site request forgery (CSRF) protection to be bypassed,0.899767
49,SQL injection in login endpoint,taumode,13,CVE-2025-25497,(no title),0.899646
49,SQL injection in login endpoint,taumode,14,CVE-2021-21667,(no title),0.899373
49,SQL injection in login endpoint,taumode,15,CVE-2021-35484,(no title),0.898568
49,SQL injection in login endpoint,taumode,16,CVE-2005-2433,(no title),0.897622
49,SQL injection in login endpoint,taumode,17,CVE-2025-1620,GDPR Cookie Compliance < 4.15.7 - Admin+ Stored XSS,0.897229
49,SQL injection in login endpoint,taumode,18,CVE-2005-4413,(no title),0.897188
49,SQL injection in login endpoint,taumode,19,CVE-2008-0850,(no title),0.897111
49,SQL injection in login endpoint,taumode,20,CVE-2026-25806,PlaciPy has Missing Authorization Checks on Student Management Endpoints (IDOR),0.897010
49,SQL injection in login endpoint,taumode,21,CVE-2009-0252,(no title),0.896882
49,SQL injection in login endpoint,taumode,22,CVE-2019-9753,(no title),0.896812
49,SQL injection in login endpoint,taumode,23,CVE-2017-6089,(no title),0.896147
49,SQL injection in login endpoint,taumode,24,CVE-2009-3748,(no title),0.896100
49,SQL injection in login endpoint,taumode,25,CVE-2006-5119,(no title),0.896008
50,command injection in router web administration interface,Cosine,1,CVE-2024-43907,drm/amdgpu/pm: Fix the null pointer dereference in apply_state_adjust_rules,0.824027
50,command injection in router web administration interface,Cosine,2,CVE-2022-50148,kernfs: fix potential NULL dereference in __kernfs_remove,0.814484
50,command injection in router web administration interface,Cosine,3,CVE-2023-53399,ksmbd: fix NULL pointer dereference in smb2_get_info_filesystem(),0.814316
50,command injection in router web administration interface,Cosine,4,CVE-2025-38316,wifi: mt76: mt7996: avoid NULL pointer dereference in mt7996_set_monitor(),0.812395
50,command injection in router web administration interface,Cosine,5,CVE-2024-56711,drm/panel: himax-hx83102: Add a check to prevent NULL pointer dereference,0.812060
50,command injection in router web administration interface,Cosine,6,CVE-2023-52473,thermal: core: Fix NULL pointer dereference in zone registration error path,0.810290
50,command injection in router web administration interface,Cosine,7,CVE-2022-50276,power: supply: fix null pointer dereferencing in power_supply_get_battery_info,0.810040
50,command injection in router web administration interface,Cosine,8,CVE-2024-26729,drm/amd/display: Fix potential null pointer dereference in dc_dmub_srv,0.809224
50,command injection in router web administration interface,Cosine,9,CVE-2025-37792,Bluetooth: btrtl: Prevent potential NULL dereference,0.809085
50,command injection in router web administration interface,Cosine,10,CVE-2023-52450,perf/x86/intel/uncore: Fix NULL pointer dereference issue in upi_fill_topology(),0.809040
50,command injection in router web administration interface,Cosine,11,CVE-2026-23328,accel/amdxdna: Fix NULL pointer dereference of mgmt_chann,0.808933
50,command injection in router web administration interface,Cosine,12,CVE-2023-53206,hwmon: (pmbus_core) Fix NULL pointer dereference,0.806039
50,command injection in router web administration interface,Cosine,13,CVE-2023-52815,drm/amdgpu/vkms: fix a possible null pointer dereference,0.805887
50,command injection in router web administration interface,Cosine,14,CVE-2025-27701,(no title),0.803830
50,command injection in router web administration interface,Cosine,15,CVE-2025-40033,remoteproc: pru: Fix potential NULL pointer dereference in pru_rproc_set_ctable(),0.803612
50,command injection in router web administration interface,Cosine,16,CVE-2024-43821,scsi: lpfc: Fix a possible null pointer dereference,0.803452
50,command injection in router web administration interface,Cosine,17,CVE-2022-50402,drivers/md/md-bitmap: check the return value of md_bitmap_get_counter(),0.802911
50,command injection in router web administration interface,Cosine,18,CVE-2025-39875,igb: Fix NULL pointer dereference in ethtool loopback test,0.802016
50,command injection in router web administration interface,Cosine,19,CVE-2021-4110,NULL Pointer Dereference in mruby/mruby,0.801491
50,command injection in router web administration interface,Cosine,20,CVE-2021-47003,dmaengine: idxd: Fix potential null dereference on pointer status,0.800637
50,command injection in router web administration interface,Cosine,21,CVE-2023-53476,iw_cxgb4: Fix potential NULL dereference in c4iw_fill_res_cm_id_entry(),0.800202
50,command injection in router web administration interface,Cosine,22,CVE-2021-47211,ALSA: usb-audio: fix null pointer dereference on pointer cs_desc,0.799706
50,command injection in router web administration interface,Cosine,23,CVE-2024-43823,PCI: keystone: Fix NULL pointer dereference in case of DT error in ks_pcie_setup_rc_app_regs(),0.799642
50,command injection in router web administration interface,Cosine,24,CVE-2023-52826,drm/panel/panel-tpo-tpg110: fix a possible null pointer dereference,0.799559
50,command injection in router web administration interface,Cosine,25,CVE-2021-4188,NULL Pointer Dereference in mruby/mruby,0.798689
50,command injection in router web administration interface,hybrid,1,CVE-2025-21941,drm/amd/display: Fix null check for pipe_ctx->plane_state in resource_build_scaling_params,0.837929
50,command injection in router web administration interface,hybrid,2,CVE-2024-48873,wifi: rtw89: check return value of ieee80211_probereq_get() for RNR,0.837553
50,command injection in router web administration interface,hybrid,3,CVE-2024-46719,usb: typec: ucsi: Fix null pointer dereference in trace,0.833249
50,command injection in router web administration interface,hybrid,4,CVE-2023-53384,wifi: mwifiex: avoid possible NULL skb pointer dereference,0.831879
50,command injection in router web administration interface,hybrid,5,CVE-2024-42132,bluetooth/hci: disallow setting handle bigger than HCI_CONN_HANDLE_MAX,0.830086
50,command injection in router web administration interface,hybrid,6,CVE-2022-50878,gpu: lontium-lt9611: Fix NULL pointer dereference in lt9611_connector_init(),0.829917
50,command injection in router web administration interface,hybrid,7,CVE-2021-47003,dmaengine: idxd: Fix potential null dereference on pointer status,0.828518
50,command injection in router web administration interface,hybrid,8,CVE-2025-38485,iio: accel: fxls8962af: Fix use after free in fxls8962af_fifo_flush,0.827534
50,command injection in router web administration interface,hybrid,9,CVE-2024-40964,ALSA: hda: cs35l41: Possible null pointer dereference in cs35l41_hda_unbind(),0.827177
50,command injection in router web administration interface,hybrid,10,CVE-2023-53664,OPP: Fix potential null ptr dereference in dev_pm_opp_get_required_pstate(),0.827089
50,command injection in router web administration interface,hybrid,11,CVE-2025-40072,fanotify: Validate the return value of mnt_ns_from_dentry() before dereferencing,0.826811
50,command injection in router web administration interface,hybrid,12,CVE-2025-68238,mtd: rawnand: cadence: fix DMA device NULL pointer dereference,0.826097
50,command injection in router web administration interface,hybrid,13,CVE-2024-26978,serial: max310x: fix NULL pointer dereference in I2C instantiation,0.825764
50,command injection in router web administration interface,hybrid,14,CVE-2024-53060,drm/amdgpu: prevent NULL pointer dereference if ATIF is not supported,0.825015
50,command injection in router web administration interface,hybrid,15,CVE-2025-21723,scsi: mpi3mr: Fix possible crash when setting up bsg fails,0.824748
50,command injection in router web administration interface,hybrid,16,CVE-2025-40033,remoteproc: pru: Fix potential NULL pointer dereference in pru_rproc_set_ctable(),0.824366
50,command injection in router web administration interface,hybrid,17,CVE-2021-47050,memory: renesas-rpc-if: fix possible NULL pointer dereference of resource,0.824055
50,command injection in router web administration interface,hybrid,18,CVE-2024-40493,(no title),0.823821
50,command injection in router web administration interface,hybrid,19,CVE-2024-35977,platform/chrome: cros_ec_uart: properly fix race condition,0.823598
50,command injection in router web administration interface,hybrid,20,CVE-2024-43907,drm/amdgpu/pm: Fix the null pointer dereference in apply_state_adjust_rules,0.823260
50,command injection in router web administration interface,hybrid,21,CVE-2023-23004,(no title),0.823190
50,command injection in router web administration interface,hybrid,22,CVE-2024-35857,icmp: prevent possible NULL dereferences from icmp_build_probe(),0.823139
50,command injection in router web administration interface,hybrid,23,CVE-2025-68345,ALSA: hda: cs35l41: Fix NULL pointer dereference in cs35l41_hda_read_acpi(),0.821594
50,command injection in router web administration interface,hybrid,24,CVE-2024-43823,PCI: keystone: Fix NULL pointer dereference in case of DT error in ks_pcie_setup_rc_app_regs(),0.821294
50,command injection in router web administration interface,hybrid,25,CVE-2023-53190,vxlan: Fix memory leaks in error path,0.821103
50,command injection in router web administration interface,taumode,1,CVE-2024-42132,bluetooth/hci: disallow setting handle bigger than HCI_CONN_HANDLE_MAX,0.900016
50,command injection in router web administration interface,taumode,2,CVE-2025-68238,mtd: rawnand: cadence: fix DMA device NULL pointer dereference,0.897035
50,command injection in router web administration interface,taumode,3,CVE-2025-39858,eth: mlx4: Fix IS_ERR() vs NULL check bug in mlx4_en_create_rx_ring,0.894691
50,command injection in router web administration interface,taumode,4,CVE-2025-38485,iio: accel: fxls8962af: Fix use after free in fxls8962af_fifo_flush,0.894611
50,command injection in router web administration interface,taumode,5,CVE-2023-53384,wifi: mwifiex: avoid possible NULL skb pointer dereference,0.893031
50,command injection in router web administration interface,taumode,6,CVE-2023-23004,(no title),0.892926
50,command injection in router web administration interface,taumode,7,CVE-2025-21723,scsi: mpi3mr: Fix possible crash when setting up bsg fails,0.892545
50,command injection in router web administration interface,taumode,8,CVE-2025-38215,fbdev: Fix do_register_framebuffer to prevent null-ptr-deref in fb_videomode_to_var,0.890998
50,command injection in router web administration interface,taumode,9,CVE-2024-48873,wifi: rtw89: check return value of ieee80211_probereq_get() for RNR,0.890259
50,command injection in router web administration interface,taumode,10,CVE-2022-49120,scsi: pm8001: Fix task leak in pm8001_send_abort_all(),0.889422
50,command injection in router web administration interface,taumode,11,CVE-2022-49961,bpf: Do mark_chain_precision for ARG_CONST_ALLOC_SIZE_OR_ZERO,0.889127
50,command injection in router web administration interface,taumode,12,CVE-2023-31081,(no title),0.888889
50,command injection in router web administration interface,taumode,13,CVE-2025-71233,PCI: endpoint: Avoid creating sub-groups asynchronously,0.888207
50,command injection in router web administration interface,taumode,14,CVE-2019-19082,(no title),0.886524
50,command injection in router web administration interface,taumode,15,CVE-2024-53170,block: fix uaf for flush rq while iterating tags,0.886225
50,command injection in router web administration interface,taumode,16,CVE-2023-37035,(no title),0.885474
50,command injection in router web administration interface,taumode,17,CVE-2007-0709,(no title),0.885204
50,command injection in router web administration interface,taumode,18,CVE-2022-48870,tty: fix possible null-ptr-defer in spk_ttyio_release,0.885142
50,command injection in router web administration interface,taumode,19,CVE-2025-29226,(no title),0.884332
50,command injection in router web administration interface,taumode,20,CVE-2024-35977,platform/chrome: cros_ec_uart: properly fix race condition,0.884107
50,command injection in router web administration interface,taumode,21,CVE-2022-49423,rtla: Avoid record NULL pointer dereference,0.884098
50,command injection in router web administration interface,taumode,22,CVE-2025-21941,drm/amd/display: Fix null check for pipe_ctx->plane_state in resource_build_scaling_params,0.883656
50,command injection in router web administration interface,taumode,23,CVE-2022-31836,(no title),0.883574
50,command injection in router web administration interface,taumode,24,CVE-2022-49449,pinctrl: renesas: rzn1: Fix possible null-ptr-deref in sh_pfc_map_resources(),0.883511
50,command injection in router web administration interface,taumode,25,CVE-2026-3055,Insufficient input validation leading to memory overread,0.883329
